# key_le	size	target	key_bytes	n_sites	func
00002b10	20	00627c40	102b000000	1	00627c40
00002b18	None	0031f238	182b000000	1	0031f238
00002b24	None	002e773c	242b000000	1	002e773c
00002b28	None	002eba58	282b000000	1	002eba58
00002b4c	None	002e8770	4c2b000000	1	002e8770
00002b54	None	002e5180	542b000000	1	002e5180
00002b70	20	006235ec	702b000000	1	006235ec
00002b78	None	002e8a6c	782b000000	1	002e8a6c
00002ba0	None	002e628c	a02b000000	1	002e628c
00002ba8	None	002e561c	a82b000000	1	002e561c
00002bc0	None	0032071c	c02b000000	1	0032071c
00002bfc	None	002e8a6c	fc2b000000	1	002e8a6c
00002c04	None	002e7b80	042c000000	1	002e7b80
00002c20	20	0062be58	202c000000	1	0062be58
00002c24	None	0031ee08	242c000000	1	0031ee08
00002c50	None	002e9a08	502c000000	1	002e9a08
00002c54	None	002ead90	542c000000	1	002ead90
00002c64	None	002ea638	642c000000	1	002ea638
00002c68	None	002e8178	682c000000	1	002e8178
00002c74	None	0031f238	742c000000	1	0031f238
00002c98	None	0031e16c	982c000000	1	0031e16c
00002ca0	None	006a16b8	a02c000000	1	006a16b8
00002cac	None	0031ee08	ac2c000000	1	0031ee08
00002cb4	None	00320ac8	b42c000000	1	00320ac8
00002cd8	None	002e5180	d82c000000	1	002e5180
00002cec	20	00626188	ec2c000000	1	00626188
00002d14	None	003211f4	142d000000	1	003211f4
00002d28	None	002e96f8	282d000000	1	002e96f8
00002d30	None	002e9390	302d000000	1	002e9390
00002d3c	None	0031dab0	3c2d000000	1	0031dab0
00002d4c	None	002e8178	4c2d000000	1	002e8178
00002d5c	None	002eb110	5c2d000000	1	002eb110
00002d6c	None	00320e74	6c2d000000	1	00320e74
00002d80	None	002e6b64	802d000000	1	002e6b64
00002d98	None	002ebe9c	982d000000	1	002ebe9c
00002db8	None	0031e16c	b82d000000	1	0031e16c
00002dbc	None	00320e74	bc2d000000	1	00320e74
00002dc8	None	002e8f34	c82d000000	1	002e8f34
00002de8	20	00628b40	e82d000000	1	00628b40
00002dec	None	0031ddac	ec2d000000	1	0031ddac
00002e00	None	0031cf48	002e000000	1	0031cf48
00002e04	None	002e773c	042e000000	1	002e773c
00002e1c	None	002e628c	1c2e000000	1	002e628c
00002e44	None	002eb554	442e000000	1	002eb554
00002e74	None	0023dfd8	742e000000	1	0023dfd8
00002e8c	None	002e5180	8c2e000000	1	002e5180
00002ea8	None	002e9a08	a82e000000	1	002e9a08
00002ec0	None	0031d80c	c02e000000	1	0031d80c
00002ed0	None	0031d53c	d02e000000	1	0031d53c
00002ed8	None	002e6b64	d82e000000	1	002e6b64
00002ee8	None	00320ac8	e82e000000	1	00320ac8
00002f0c	None	002ebe9c	0c2f000000	1	002ebe9c
00002f10	None	0031f5cc	102f000000	1	0031f5cc
00002f14	None	0031e5b0	142f000000	1	0031e5b0
00002f18	None	0031fa10	182f000000	1	0031fa10
00002f2c	20	0062fbc0	2c2f000000	1	0062fbc0
00002f44	None	002e58a8	442f000000	1	002e58a8
00002f4c	20	0062b6d8	4c2f000000	1	0062b6d8
00002f54	None	002ea310	542f000000	1	002ea310
00002f58	None	002eba58	582f000000	1	002eba58
00002f5c	None	002e8770	5c2f000000	1	002e8770
00002f70	None	0031d80c	702f000000	1	0031d80c
00002f7c	None	0031d258	7c2f000000	1	0031d258
00002fb0	None	0031fde8	b02f000000	1	0031fde8
00002fb4	None	0031f5cc	b42f000000	1	0031f5cc
00002fbc	None	002e6e60	bc2f000000	1	002e6e60
00002fd4	None	002ea638	d42f000000	1	002ea638
00002ff4	20	0062c560	f42f000000	1	0062c560
00002ff8	None	0031fa10	f82f000000	1	0031fa10
00003014	20	0062ba20	1430000000	1	0062ba20
0000302c	None	0031e16c	2c30000000	1	0031e16c
00003034	20	0062f4b8	3430000000	1	0062f4b8
00003040	None	002eaac0	4030000000	1	002eaac0
00003048	None	002e8f34	4830000000	1	002e8f34
0000305c	None	002e6e60	5c30000000	1	002e6e60
00003084	None	002e9390	8430000000	1	002e9390
00003098	None	002e66a4	9830000000	1	002e66a4
000030a0	None	0031e16c	a030000000	1	0031e16c
000030a4	None	00320e74	a430000000	1	00320e74
000030a8	None	006a16b8	a830000000	1	006a16b8
000030c8	None	002ebe9c	c830000000	1	002ebe9c
000030cc	None	002ea040	cc30000000	1	002ea040
000030d4	None	002ea310	d430000000	1	002ea310
000030ec	20	0062db68	ec30000000	1	0062db68
00003114	None	0031ee08	1431000000	1	0031ee08
00003124	None	002e6e60	2431000000	1	002e6e60
00003128	20	00626098	2831000000	1	00626098
0000312c	None	002e9390	2c31000000	1	002e9390
0000313c	None	002eb7cc	3c31000000	1	002eb7cc
00003150	20	0062ea68	5031000000	1	0062ea68
00003160	None	00320ac8	6031000000	1	00320ac8
00003168	None	002e84a0	6831000000	1	002e84a0
00003174	None	002eaac0	7431000000	1	002eaac0
00003184	None	002eb554	8431000000	1	002eb554
000031c0	20	0062e798	c031000000	1	0062e798
000031d8	None	00320168	d831000000	1	00320168
000031e0	None	002ec894	e031000000	1	002ec894
000031f4	None	002ebe9c	f431000000	1	002ebe9c
0000320c	None	002ead90	0c32000000	1	002ead90
00003218	None	0023dfd8	1832000000	1	0023dfd8
00003244	None	002e773c	4432000000	1	002e773c
0000326c	None	002ea310	6c32000000	1	002ea310
00003278	20	00625468	7832000000	1	00625468
000032dc	None	002e68d8	dc32000000	1	002e68d8
000032e4	None	002e7b80	e432000000	1	002e7b80
000032f0	None	002e8a6c	f032000000	1	002e8a6c
000032f8	None	002e5180	f832000000	1	002e5180
00003300	20	00624ce8	0033000000	1	00624ce8
00003304	None	002e96f8	0433000000	1	002e96f8
00003310	None	002ebe9c	1033000000	1	002ebe9c
00003314	None	002e719c	1433000000	1	002e719c
00003330	None	00840618	3033000000	3	00840618
00003344	None	0031ddac	4433000000	1	0031ddac
00003350	None	0031eb38	5033000000	1	0031eb38
0000335c	None	0031d258	5c33000000	1	0031d258
00003368	None	002e8a6c	6833000000	1	002e8a6c
00003370	None	002e5e48	7033000000	1	002e5e48
00003374	None	002e746c	7433000000	1	002e746c
00003384	None	006a16b8	8433000000	1	006a16b8
00003388	None	00320ac8	8833000000	1	00320ac8
00003398	None	00320e74	9833000000	1	00320e74
000033b4	None	00320168	b433000000	1	00320168
000033b8	None	002e7e7c	b833000000	1	002e7e7c
000033c0	None	002e58a8	c033000000	1	002e58a8
000033c4	None	007f21d8	c433000000	4	007f21d8
000033d8	20	0062ac88	d833000000	1	0062ac88
000033e0	20	0062c5d8	e033000000	1	0062c5d8
000033e4	20	0062ad78	e433000000	1	0062ad78
000033ec	None	0031fde8	ec33000000	1	0031fde8
000033f0	None	002ec894	f033000000	1	002ec894
00003400	None	002e7b80	0034000000	1	002e7b80
00003404	None	002ea040	0434000000	1	002ea040
00003434	None	0031e16c	3434000000	1	0031e16c
0000344c	None	002e5e48	4c34000000	1	002e5e48
00003468	None	002e8178	6834000000	1	002e8178
0000346c	None	003211f4	6c34000000	1	003211f4
00003488	None	002e561c	8834000000	1	002e561c
0000348c	None	0031e894	8c34000000	1	0031e894
00003498	20	00627d30	9834000000	1	00627d30
000034a0	None	00320e74	a034000000	1	00320e74
000034bc	None	002e8a6c	bc34000000	1	002e8a6c
000034e4	None	0031ddac	e434000000	1	0031ddac
00003508	None	006a16b8	0835000000	1	006a16b8
00003514	None	002ea310	1435000000	1	002ea310
0000351c	None	002e8770	1c35000000	1	002e8770
00003520	None	002e746c	2035000000	1	002e746c
00003534	None	002ec894	3435000000	1	002ec894
0000353c	20	00628e88	3c35000000	1	00628e88
00003550	None	002eb110	5035000000	1	002eb110
00003558	None	00320168	5835000000	1	00320168
0000355c	None	002e773c	5c35000000	1	002e773c
000035b4	None	002eaac0	b435000000	1	002eaac0
000035b8	None	0031fde8	b835000000	1	0031fde8
000035cc	None	002e8f34	cc35000000	1	002e8f34
000035d4	None	0031ddac	d435000000	1	0031ddac
000035e4	None	002e9a08	e435000000	1	002e9a08
000035ec	None	0031cf48	ec35000000	1	0031cf48
000035f0	None	0031cf48	f035000000	1	0031cf48
00003600	None	0059880e	0036000000	1	0059880e
00003624	None	002e58a8	2436000000	1	002e58a8
00003628	None	0031f238	2836000000	1	0031f238
0000364c	None	002e5ba4	4c36000000	1	002e5ba4
0000365c	None	0031e16c	5c36000000	1	0031e16c
00003670	20	0062edb0	7036000000	1	0062edb0
00003674	None	002e746c	7436000000	1	002e746c
00003698	None	002e9a08	9836000000	1	002e9a08
000036a8	None	002e9390	a836000000	1	002e9390
000036cc	None	00320e74	cc36000000	1	00320e74
000036d0	None	002e84a0	d036000000	1	002e84a0
000036d4	None	002eba58	d436000000	1	002eba58
000036dc	None	003211f4	dc36000000	1	003211f4
000036f4	20	00624f40	f436000000	1	00624f40
000036fc	None	0031f5cc	fc36000000	1	0031f5cc
00003704	None	002e96f8	0437000000	1	002e96f8
0000372c	None	0031d53c	2c37000000	1	0031d53c
00003730	None	002eb110	3037000000	1	002eb110
00003734	20	0062a580	3437000000	1	0062a580
0000375c	None	007e9c84	5c37000000	2	007e9c84
00003760	None	002ec56c	6037000000	1	002ec56c
00003764	20	0062ebd0	6437000000	1	0062ebd0
00003768	None	002e84a0	6837000000	1	002e84a0
00003778	None	002ea310	7837000000	1	002ea310
00003780	None	002e5e48	8037000000	1	002e5e48
00003790	None	0031f238	9037000000	1	0031f238
0000379c	None	002ea638	9c37000000	1	002ea638
000037a0	None	002e8178	a037000000	1	002e8178
000037e8	None	00840618	e837000000	4	00840618
000037f4	None	006c4408	f437000000	1	006c4408
000037fc	None	0031ee08	fc37000000	1	0031ee08
00003818	None	002ea310	1838000000	1	002ea310
0000381c	None	002e5180	1c38000000	1	002e5180
00003824	None	002ead90	2438000000	1	002ead90
00003864	None	003211f4	6438000000	1	003211f4
00003868	None	002e561c	6838000000	1	002e561c
00003878	None	002eb110	7838000000	1	002eb110
0000387c	None	00320e74	7c38000000	1	00320e74
00003880	20	00630f70	8038000000	1	00630f70
000038a4	None	002ebe9c	a438000000	1	002ebe9c
000038b0	None	008821ec	b038000000	3	008821ec
000038b4	None	002e68d8	b438000000	1	002e68d8
000038cc	None	00840618	cc38000000	2	00840618
000038e0	None	002e8f34	e038000000	1	002e8f34
000038f8	None	002ea638	f838000000	1	002ea638
00003904	None	002ea638	0439000000	1	002ea638
00003908	None	0031ee08	0839000000	1	0031ee08
0000391c	None	0032071c	1c39000000	1	0032071c
00003934	None	002ea638	3439000000	1	002ea638
0000393c	None	0031f238	3c39000000	1	0031f238
00003940	None	00320e74	4039000000	1	00320e74
00003958	None	002eba58	5839000000	1	002eba58
00003960	None	00320168	6039000000	1	00320168
0000396c	None	002e5180	6c39000000	1	002e5180
0000397c	20	00629860	7c39000000	1	00629860
00003988	None	002e5180	8839000000	1	002e5180
00003994	None	00840618	9439000000	3	00840618
0000399c	None	0023dfd8	9c39000000	1	0023dfd8
000039a8	None	002ea040	a839000000	1	002ea040
000039bc	None	002ec56c	bc39000000	1	002ec56c
000039cc	None	002e5e48	cc39000000	1	002e5e48
00003a04	None	0031e894	043a000000	1	0031e894
00003a18	None	00320e74	183a000000	1	00320e74
00003a24	20	0062ab98	243a000000	1	0062ab98
00003a34	None	002eaac0	343a000000	1	002eaac0
00003a40	None	002e5180	403a000000	1	002e5180
00003a44	None	002ea310	443a000000	1	002ea310
00003a48	20	006303b8	483a000000	1	006303b8
00003a50	None	002ebe9c	503a000000	1	002ebe9c
00003a58	None	002e7e7c	583a000000	1	002e7e7c
00003a6c	None	0031d258	6c3a000000	1	0031d258
00003a78	None	002ec894	783a000000	1	002ec894
00003a84	None	0031fde8	843a000000	1	0031fde8
00003a8c	20	00630700	8c3a000000	1	00630700
00003a94	None	002e6e60	943a000000	1	002e6e60
00003aa8	None	002e773c	a83a000000	1	002e773c
00003aac	20	00627bc8	ac3a000000	1	00627bc8
00003ab8	None	002ea638	b83a000000	1	002ea638
00003ac0	None	002eb110	c03a000000	1	002eb110
00003adc	None	0023dfd8	dc3a000000	1	0023dfd8
00003ae4	None	002e719c	e43a000000	1	002e719c
00003af0	20	00628690	f03a000000	1	00628690
00003af8	None	0031e5b0	f83a000000	1	0031e5b0
00003b0c	None	002e561c	0c3b000000	1	002e561c
00003b14	20	0062a508	143b000000	1	0062a508
00003b20	None	002e9d44	203b000000	1	002e9d44
00003b38	None	002e68d8	383b000000	1	002e68d8
00003b3c	0	007f21d8	3c3b000000	1	007f21d8
00003b40	None	002e9a08	403b000000	1	002e9a08
00003b58	20	0062c4e8	583b000000	1	0062c4e8
00003b7c	None	002ebe9c	7c3b000000	1	002ebe9c
00003bac	None	002eb554	ac3b000000	1	002eb554
00003bd0	None	0031ee08	d03b000000	1	0031ee08
00003bd4	None	003211f4	d43b000000	1	003211f4
00003bd8	None	002e8f34	d83b000000	1	002e8f34
00003bdc	None	002e6e60	dc3b000000	1	002e6e60
00003be4	None	0031e5b0	e43b000000	1	0031e5b0
00003be8	None	002e5e48	e83b000000	1	002e5e48
00003bf0	None	00320e74	f03b000000	1	00320e74
00003c00	None	002e6b64	003c000000	1	002e6b64
00003c04	None	0032071c	043c000000	1	0032071c
00003c08	None	003211f4	083c000000	1	003211f4
00003c10	None	002eaac0	103c000000	1	002eaac0
00003c28	20	00625738	283c000000	1	00625738
00003c34	None	002e8770	343c000000	1	002e8770
00003c3c	None	002e8770	3c3c000000	1	002e8770
00003c40	None	002e8a6c	403c000000	1	002e8a6c
00003c50	None	0031e16c	503c000000	1	0031e16c
00003c54	None	002e628c	543c000000	1	002e628c
00003c64	None	002e5e48	643c000000	1	002e5e48
00003c78	None	002e8178	783c000000	1	002e8178
00003c98	None	002e7e7c	983c000000	1	002e7e7c
00003ca0	None	002ec56c	a03c000000	1	002ec56c
00003ca8	None	0031e5b0	a83c000000	1	0031e5b0
00003cc4	None	002e6e60	c43c000000	1	002e6e60
00003d08	20	00630160	083d000000	1	00630160
00003d1c	None	002e96f8	1c3d000000	1	002e96f8
00003d30	None	003211f4	303d000000	1	003211f4
00003d50	None	002e7e7c	503d000000	1	002e7e7c
00003d68	None	002e68d8	683d000000	1	002e68d8
00003d70	None	002e7b80	703d000000	1	002e7b80
00003d7c	None	002e6b64	7c3d000000	1	002e6b64
00003d90	None	002e9390	903d000000	1	002e9390
00003da0	None	002eba58	a03d000000	1	002eba58
00003dbc	None	0031e16c	bc3d000000	1	0031e16c
00003dc4	None	002ec2e0	c43d000000	1	002ec2e0
00003ddc	20	00624568	dc3d000000	1	00624568
00003de4	20	00626d40	e43d000000	1	00626d40
00003de8	None	002ea638	e83d000000	1	002ea638
00003dfc	None	0031cf48	fc3d000000	1	0031cf48
00003e04	None	002e5e48	043e000000	1	002e5e48
00003e38	None	002e9d44	383e000000	1	002e9d44
00003e4c	None	002e6b64	4c3e000000	1	002e6b64
00003e54	None	002e7e7c	543e000000	1	002e7e7c
00003e58	None	0031fa10	583e000000	1	0031fa10
00003e5c	None	002e628c	5c3e000000	1	002e628c
00003e78	None	002e5180	783e000000	1	002e5180
00003e88	None	0031e16c	883e000000	1	0031e16c
00003eac	20	0062cfb0	ac3e000000	1	0062cfb0
00003eb0	20	00628000	b03e000000	1	00628000
00003ed0	None	002eb7cc	d03e000000	1	002eb7cc
00003ed4	20	0062ecc0	d43e000000	1	0062ecc0
00003edc	None	002e773c	dc3e000000	1	002e773c
00003ee0	None	0043406a	e03e000000	1	0043406a
00003ef0	None	003211f4	f03e000000	1	003211f4
00003efc	None	002e6e60	fc3e000000	1	002e6e60
00003f00	None	0031d53c	003f000000	1	0031d53c
00003f04	None	002e5e48	043f000000	1	002e5e48
00003f08	None	002eb7cc	083f000000	1	002eb7cc
00003f10	None	002e8178	103f000000	1	002e8178
00003f1c	None	0031dab0	1c3f000000	1	0031dab0
00003f24	None	002e9d44	243f000000	1	002e9d44
00003f28	None	0031f5cc	283f000000	1	0031f5cc
00003f7c	None	002e7b80	7c3f000000	1	002e7b80
00003f84	None	002e8a6c	843f000000	1	002e8a6c
00003f94	None	0068e99e	943f000000	1	0068e99e
00003f98	None	0031ddac	983f000000	1	0031ddac
00003fa8	None	002e8770	a83f000000	1	002e8770
00003fb4	None	002e58a8	b43f000000	1	002e58a8
00003fb8	None	002e5180	b83f000000	1	002e5180
00003fc4	None	0031ee08	c43f000000	1	0031ee08
00003fdc	None	002e8178	dc3f000000	1	002e8178
00003fe4	None	0031fde8	e43f000000	1	0031fde8
00003ff0	20	0062da78	f03f000000	1	0062da78
00003ff8	None	0031d258	f83f000000	1	0031d258
00004000	None	00320e74	0040000000	1	00320e74
00004004	None	002e6e60	0440000000	1	002e6e60
00004008	None	0031f5cc	0840000000	1	0031f5cc
0000400c	20	0062b408	0c40000000	1	0062b408
00004024	None	006a16b8	2440000000	1	006a16b8
00004034	None	002e8178	3440000000	1	002e8178
00004074	None	0031fde8	7440000000	1	0031fde8
00004078	None	002ec2e0	7840000000	1	002ec2e0
00004084	20	0062d988	8440000000	1	0062d988
00004094	20	006299c8	9440000000	1	006299c8
0000409c	None	0031d80c	9c40000000	1	0031d80c
000040ac	None	0031d80c	ac40000000	1	0031d80c
000040bc	None	002ec894	bc40000000	1	002ec894
000040d8	20	0062b840	d840000000	1	0062b840
000040dc	20	0062ef90	dc40000000	1	0062ef90
000040e0	None	003211f4	e040000000	1	003211f4
0000410c	None	002ea040	0c41000000	1	002ea040
0000412c	20	0062ff80	2c41000000	1	0062ff80
00004164	None	002e9390	6441000000	1	002e9390
0000416c	None	002ea638	6c41000000	1	002ea638
00004180	None	002e84a0	8041000000	1	002e84a0
00004194	None	003211f4	9441000000	1	003211f4
000041a4	None	00320168	a441000000	1	00320168
000041c0	None	002e719c	c041000000	1	002e719c
000041c8	20	00630598	c841000000	1	00630598
000041d8	20	00630340	d841000000	1	00630340
000041dc	None	002e66a4	dc41000000	1	002e66a4
000041e4	None	002e8a6c	e441000000	1	002e8a6c
000041fc	None	00840618	fc41000000	2	00840618
00004208	20	00627718	0842000000	1	00627718
0000421c	None	0031ddac	1c42000000	1	0031ddac
0000422c	None	003204bc	2c42000000	1	003204bc
00004240	None	0031fde8	4042000000	1	0031fde8
00004284	None	002e8a6c	8442000000	1	002e8a6c
00004288	None	0031eb38	8842000000	1	0031eb38
00004290	None	002e6b64	9042000000	1	002e6b64
00004294	None	0031ee08	9442000000	1	0031ee08
000042a8	None	00320ac8	a842000000	1	00320ac8
000042b0	None	006a16b8	b042000000	1	006a16b8
000042dc	None	0031dab0	dc42000000	1	0031dab0
000042f4	None	002e68d8	f442000000	1	002e68d8
000042fc	None	0031f5cc	fc42000000	1	0031f5cc
00004304	None	003211f4	0443000000	1	003211f4
00004314	None	002e8178	1443000000	1	002e8178
00004320	None	002eb110	2043000000	1	002eb110
00004328	None	00320e74	2843000000	1	00320e74
0000432c	None	002e5e48	2c43000000	1	002e5e48
00004330	20	0062d898	3043000000	1	0062d898
00004334	None	002ea638	3443000000	1	002ea638
00004344	20	0062adf0	4443000000	1	0062adf0
00004350	None	002ea040	5043000000	1	002ea040
00004354	None	002eaac0	5443000000	1	002eaac0
0000437c	None	002ea638	7c43000000	1	002ea638
00004384	20	0049e07c	8443000000	1	0049e07c
0000438c	None	002e8a6c	8c43000000	1	002e8a6c
00004398	None	0031ddac	9843000000	1	0031ddac
000043a8	None	0032071c	a843000000	1	0032071c
000043b4	20	00628d98	b443000000	1	00628d98
000043cc	None	00320e74	cc43000000	1	00320e74
000043e4	20	006281e0	e443000000	1	006281e0
000043fc	None	002ead90	fc43000000	1	002ead90
00004400	None	0031ee08	0044000000	1	0031ee08
00004404	None	002ec2e0	0444000000	1	002ec2e0
0000440c	None	0023dfd8	0c44000000	1	0023dfd8
00004428	None	002e9a08	2844000000	1	002e9a08
0000442c	None	0031d80c	2c44000000	1	0031d80c
0000447c	None	0031f5cc	7c44000000	1	0031f5cc
00004484	None	003211f4	8444000000	1	003211f4
000044a4	None	002e561c	a444000000	1	002e561c
000044a8	20	0062e360	a844000000	1	0062e360
000044c0	None	002ea638	c044000000	1	002ea638
000044e0	None	0031e5b0	e044000000	1	0031e5b0
000044e4	None	002e5180	e444000000	1	002e5180
0000451c	None	002e7e7c	1c45000000	1	002e7e7c
00004520	None	006a16b8	2045000000	1	006a16b8
00004524	None	0031d258	2445000000	1	0031d258
00004528	None	0031fde8	2845000000	1	0031fde8
00004550	20	0062d190	5045000000	1	0062d190
00004558	None	002e58a8	5845000000	1	002e58a8
00004564	None	002e8770	6445000000	1	002e8770
00004568	None	002eb110	6845000000	1	002eb110
00004578	None	002e719c	7845000000	1	002e719c
00004598	None	0031e894	9845000000	1	0031e894
000045a0	None	0031d53c	a045000000	1	0031d53c
000045a8	None	002e561c	a845000000	1	002e561c
000045ac	None	0031f238	ac45000000	1	0031f238
000045b0	None	0031e5b0	b045000000	1	0031e5b0
000045cc	None	0031fde8	cc45000000	1	0031fde8
000045ec	None	0031cf48	ec45000000	1	0031cf48
000045fc	None	002e9a08	fc45000000	1	002e9a08
0000460c	None	0031e894	0c46000000	1	0031e894
00004614	None	002e628c	1446000000	1	002e628c
00004624	None	0031eb38	2446000000	1	0031eb38
00004648	None	002ebe9c	4846000000	1	002ebe9c
0000466c	None	0031d258	6c46000000	1	0031d258
00004678	None	002e6b64	7846000000	1	002e6b64
000046b0	None	0031e5b0	b046000000	1	0031e5b0
000046b4	None	002ec2e0	b446000000	1	002ec2e0
000046e0	None	0032071c	e046000000	1	0032071c
000046e8	None	002e773c	e846000000	1	002e773c
000046fc	None	0031eb38	fc46000000	1	0031eb38
00004710	None	0031e16c	1047000000	1	0031e16c
00004714	None	0031e894	1447000000	1	0031e894
00004720	20	0062d370	2047000000	1	0062d370
0000472c	20	00625198	2c47000000	1	00625198
0000474c	None	0031e16c	4c47000000	1	0031e16c
00004758	None	002e5e48	5847000000	1	002e5e48
00004760	20	00630868	6047000000	1	00630868
00004770	None	002eb7cc	7047000000	1	002eb7cc
0000478c	20	0062a670	8c47000000	1	0062a670
00004794	None	002eb554	9447000000	1	002eb554
0000479c	None	002ec56c	9c47000000	1	002ec56c
000047a8	20	00623d70	a847000000	1	00623d70
000047cc	None	002e7b80	cc47000000	1	002e7b80
00004814	20	006285a0	1448000000	1	006285a0
00004818	None	002e96f8	1848000000	1	002e96f8
00004830	None	0031d80c	3048000000	1	0031d80c
00004834	None	00840618	3448000000	3	00840618
00004838	None	002e7e7c	3848000000	1	002e7e7c
00004840	None	002e9390	4048000000	1	002e9390
00004868	None	002e7b80	6848000000	1	002e7b80
0000486c	None	002e8178	6c48000000	1	002e8178
00004870	None	002e6b64	7048000000	1	002e6b64
00004890	None	002e96f8	9048000000	1	002e96f8
000048a0	20	00626cc8	a048000000	1	00626cc8
000048a8	20	00627178	a848000000	1	00627178
000048ac	None	002eba58	ac48000000	1	002eba58
000048c4	None	0031e16c	c448000000	1	0031e16c
000048d8	None	002e66a4	d848000000	1	002e66a4
000048e8	None	003211f4	e848000000	1	003211f4
000048ec	20	00626278	ec48000000	1	00626278
000048f0	20	006279e8	f048000000	1	006279e8
00004900	None	002e84a0	0049000000	1	002e84a0
0000490c	None	0031ddac	0c49000000	1	0031ddac
00004910	None	0031cf48	1049000000	1	0031cf48
0000491c	None	003204bc	1c49000000	1	003204bc
00004928	None	002eb7cc	2849000000	1	002eb7cc
0000492c	20	0062ca10	2c49000000	1	0062ca10
00004930	None	002e84a0	3049000000	1	002e84a0
00004934	None	002e628c	3449000000	1	002e628c
00004940	None	002e58a8	4049000000	1	002e58a8
0000494c	None	0031fde8	4c49000000	1	0031fde8
00004950	None	002e8f34	5049000000	1	002e8f34
00004964	None	0031e16c	6449000000	1	0031e16c
0000496c	20	0062cce0	6c49000000	1	0062cce0
00004970	20	00629158	7049000000	1	00629158
00004974	None	0031d53c	7449000000	1	0031d53c
0000499c	None	002eb7cc	9c49000000	1	002eb7cc
000049ac	None	002e773c	ac49000000	1	002e773c
000049bc	None	003211f4	bc49000000	1	003211f4
000049c0	None	00840618	c049000000	3	00840618
000049c4	None	0031ee08	c449000000	1	0031ee08
000049c8	20	00625f30	c849000000	1	00625f30
000049d0	20	00627088	d049000000	1	00627088
000049d8	20	00626e30	d849000000	1	00626e30
000049e4	None	0031dab0	e449000000	1	0031dab0
000049e8	None	002e9d44	e849000000	1	002e9d44
000049f0	None	0031f5cc	f049000000	1	0031f5cc
00004a1c	None	002ebe9c	1c4a000000	1	002ebe9c
00004a38	None	0032071c	384a000000	1	0032071c
00004a40	None	002e5180	404a000000	1	002e5180
00004a44	None	002eba58	444a000000	1	002eba58
00004a4c	20	0062a418	4c4a000000	1	0062a418
00004a68	None	002ead90	684a000000	1	002ead90
00004a84	None	0031f238	844a000000	1	0031f238
00004a8c	None	002e746c	8c4a000000	1	002e746c
00004a94	None	002eaac0	944a000000	1	002eaac0
00004aa4	None	0031d258	a44a000000	1	0031d258
00004ab8	None	00320168	b84a000000	1	00320168
00004ad0	None	002e8178	d04a000000	1	002e8178
00004ad8	20	0062c650	d84a000000	1	0062c650
00004ae0	None	0031ddac	e04a000000	1	0031ddac
00004af0	None	002e5ba4	f04a000000	1	002e5ba4
00004afc	None	0031fa10	fc4a000000	1	0031fa10
00004b00	None	0032071c	004b000000	1	0032071c
00004b1c	20	00630e08	1c4b000000	1	00630e08
00004b58	20	00630c28	584b000000	1	00630c28
00004b5c	None	0031cf48	5c4b000000	1	0031cf48
00004b60	None	002e9a08	604b000000	1	002e9a08
00004b64	None	0031d80c	644b000000	1	0031d80c
00004b6c	None	0031d80c	6c4b000000	1	0031d80c
00004b78	None	002e9390	784b000000	1	002e9390
00004b7c	20	00626a70	7c4b000000	1	00626a70
00004b88	None	0031f238	884b000000	1	0031f238
00004b94	None	0031fde8	944b000000	1	0031fde8
00004bac	None	002e68d8	ac4b000000	1	002e68d8
00004bc0	None	002e96f8	c04b000000	1	002e96f8
00004be8	None	002e9390	e84b000000	1	002e9390
00004bf4	None	002e8f34	f44b000000	1	002e8f34
00004bfc	None	0031d258	fc4b000000	1	0031d258
00004c30	None	002e9390	304c000000	1	002e9390
00004c54	None	002e719c	544c000000	1	002e719c
00004c58	None	0031fa10	584c000000	1	0031fa10
00004c6c	None	0031f5cc	6c4c000000	1	0031f5cc
00004c98	None	0031e5b0	984c000000	1	0031e5b0
00004cd0	None	0032071c	d04c000000	1	0032071c
00004cf8	None	002ead90	f84c000000	1	002ead90
00004cfc	None	002e9d44	fc4c000000	1	002e9d44
00004d1c	None	002eb554	1c4d000000	1	002eb554
00004d28	None	0023dfd8	284d000000	1	0023dfd8
00004d3c	None	002e8a6c	3c4d000000	1	002e8a6c
00004d6c	None	002e5180	6c4d000000	1	002e5180
00004d78	None	002ea310	784d000000	1	002ea310
00004d84	None	002ec56c	844d000000	1	002ec56c
00004d8c	20	0062e6a8	8c4d000000	1	0062e6a8
00004d90	None	002e8f34	904d000000	1	002e8f34
00004da8	None	00840618	a84d000000	4	00840618
00004db8	None	002e68d8	b84d000000	1	002e68d8
00004dbc	None	00840618	bc4d000000	2	00840618
00004dc0	None	0031f5cc	c04d000000	1	0031f5cc
00004ddc	None	0031ee08	dc4d000000	1	0031ee08
00004de0	None	002ea638	e04d000000	1	002ea638
00004de8	20	00628a50	e84d000000	1	00628a50
00004df0	20	0062c740	f04d000000	1	0062c740
00004df8	None	002ea040	f84d000000	1	002ea040
00004dfc	20	0062b138	fc4d000000	1	0062b138
00004e10	20	00628780	104e000000	1	00628780
00004e18	20	006267a0	184e000000	1	006267a0
00004e1c	None	002ead90	1c4e000000	1	002ead90
00004e60	None	002e746c	604e000000	1	002e746c
00004e70	None	0023dfd8	704e000000	1	0023dfd8
00004e74	None	002e66a4	744e000000	1	002e66a4
00004e7c	None	002e5e48	7c4e000000	1	002e5e48
00004e84	None	002e628c	844e000000	1	002e628c
00004ea4	None	002eba58	a44e000000	1	002eba58
00004eac	None	0032071c	ac4e000000	1	0032071c
00004eb0	20	00625030	b04e000000	1	00625030
00004ebc	None	002ea310	bc4e000000	1	002ea310
00004ed0	20	00625300	d04e000000	1	00625300
00004ed8	20	00625be8	d84e000000	1	00625be8
00004ee0	20	00627ad8	e04e000000	1	00627ad8
00004ef0	None	002ec2e0	f04e000000	1	002ec2e0
00004f04	20	0062e4c8	044f000000	1	0062e4c8
00004f14	20	00625828	144f000000	1	00625828
00004f20	None	002eaac0	204f000000	1	002eaac0
00004f40	None	002e746c	404f000000	1	002e746c
00004f64	None	003211f4	644f000000	1	003211f4
00004fa0	20	0062c0b0	a04f000000	1	0062c0b0
00004fac	None	002ea040	ac4f000000	1	002ea040
00004fb0	None	0031ddac	b04f000000	1	0031ddac
00004fb4	20	00626200	b44f000000	1	00626200
00004fdc	20	00623fc8	dc4f000000	1	00623fc8
00004ff8	None	00320168	f84f000000	1	00320168
00005000	None	002e8770	0050000000	1	002e8770
00005014	None	006a16b8	1450000000	1	006a16b8
00005020	None	002eb110	2050000000	1	002eb110
0000503c	None	002e5ba4	3c50000000	1	002e5ba4
00005040	None	0031fa10	4050000000	1	0031fa10
00005044	None	002e6b64	4450000000	1	002e6b64
00005078	None	002eaac0	7850000000	1	002eaac0
00005084	None	002e8f34	8450000000	1	002e8f34
00005094	None	0031cf48	9450000000	1	0031cf48
00005098	None	002e9a08	9850000000	1	002e9a08
000050ac	None	0031d53c	ac50000000	1	0031d53c
000050c0	None	0031f238	c050000000	1	0031f238
000050cc	None	00840618	cc50000000	3	00840618
000050d8	None	0031eb38	d850000000	1	0031eb38
000050e8	20	00629ef0	e850000000	1	00629ef0
000050ec	None	002e8770	ec50000000	1	002e8770
000050fc	None	006a16b8	fc50000000	1	006a16b8
00005124	None	002e6e60	2451000000	1	002e6e60
00005128	20	0062fe18	2851000000	1	0062fe18
00005134	None	002e5180	3451000000	1	002e5180
00005150	None	0031e5b0	5051000000	1	0031e5b0
0000515c	20	0062c380	5c51000000	1	0062c380
00005160	None	002e773c	6051000000	1	002e773c
00005174	None	0031e894	7451000000	1	0031e894
0000518c	None	002e7b80	8c51000000	1	002e7b80
0000519c	None	0031ee08	9c51000000	1	0031ee08
000051a0	None	002e96f8	a051000000	1	002e96f8
000051a4	None	002eb110	a451000000	1	002eb110
000051b8	None	002e84a0	b851000000	1	002e84a0
000051c4	None	002e746c	c451000000	1	002e746c
000051e0	None	002eb7cc	e051000000	1	002eb7cc
000051ec	20	00629428	ec51000000	1	00629428
000051f4	20	006296f8	f451000000	1	006296f8
0000520c	None	002e6e60	0c52000000	1	002e6e60
00005214	None	0031e894	1452000000	1	0031e894
0000521c	None	006a16b8	1c52000000	1	006a16b8
00005248	20	006237cc	4852000000	1	006237cc
00005268	None	002e5180	6852000000	1	002e5180
00005274	None	002e719c	7452000000	1	002e719c
00005278	None	002e96f8	7852000000	1	002e96f8
00005280	None	002e746c	8052000000	1	002e746c
000052b0	None	003211f4	b052000000	1	003211f4
000052c0	None	002e9390	c052000000	1	002e9390
000052e4	None	002e5e48	e452000000	1	002e5e48
000052fc	20	00628528	fc52000000	1	00628528
00005314	None	00840618	1453000000	3	00840618
00005320	None	002eba58	2053000000	1	002eba58
0000533c	None	0031e16c	3c53000000	1	0031e16c
00005348	None	002e66a4	4853000000	1	002e66a4
0000534c	None	002e8a6c	4c53000000	1	002e8a6c
00005358	20	00623aa0	5853000000	1	00623aa0
00005368	None	002e9d44	6853000000	1	002e9d44
00005380	None	0031e16c	8053000000	1	0031e16c
00005384	None	0023dfd8	8453000000	1	0023dfd8
00005390	None	002e7b80	9053000000	1	002e7b80
000053c0	None	002e58a8	c053000000	1	002e58a8
000053f4	None	002ead90	f453000000	1	002ead90
000053f8	None	002ec56c	f853000000	1	002ec56c
00005418	None	002e561c	1854000000	1	002e561c
0000541c	None	002e773c	1c54000000	1	002e773c
00005434	None	0031d80c	3454000000	1	0031d80c
00005448	None	002eba58	4854000000	1	002eba58
00005450	None	002e9d44	5054000000	1	002e9d44
00005454	None	0023dfd8	5454000000	1	0023dfd8
00005460	None	0031fa10	6054000000	1	0031fa10
00005470	None	002ebe9c	7054000000	1	002ebe9c
00005474	None	00320ac8	7454000000	1	00320ac8
00005494	None	002ea638	9454000000	1	002ea638
0000549c	20	00625210	9c54000000	1	00625210
000054a4	None	0031eb38	a454000000	1	0031eb38
000054b4	None	002ebe9c	b454000000	1	002ebe9c
000054bc	None	002ea310	bc54000000	1	002ea310
000054c0	None	00840618	c054000000	3	00840618
000054c4	None	002e5180	c454000000	1	002e5180
000054cc	20	006290e0	cc54000000	1	006290e0
000054d8	None	002e58a8	d854000000	1	002e58a8
000054f4	20	00626818	f454000000	1	00626818
00005500	None	0031fde8	0055000000	1	0031fde8
00005508	20	0062c920	0855000000	1	0062c920
00005550	None	0023dfd8	5055000000	1	0023dfd8
00005554	None	002eba58	5455000000	1	002eba58
0000556c	None	0031e894	6c55000000	1	0031e894
00005570	None	0032071c	7055000000	1	0032071c
00005578	None	002e8f34	7855000000	1	002e8f34
0000557c	None	002e9a08	7c55000000	1	002e9a08
0000559c	None	002ec2e0	9c55000000	1	002ec2e0
000055aa	None	008d4cc4	aa55000000	1	008d4cc4
000055bc	None	0031e5b0	bc55000000	1	0031e5b0
000055c4	None	003211f4	c455000000	1	003211f4
000055d4	None	00840618	d455000000	3	00840618
000055d8	None	0031f5cc	d855000000	1	0031f5cc
00005604	None	00320e74	0456000000	1	00320e74
00005608	None	0031d80c	0856000000	1	0031d80c
00005630	20	0062b930	3056000000	1	0062b930
00005634	None	002ea310	3456000000	1	002ea310
0000564e	None	008d4c20	4e56000000	1	008d4c20
00005650	None	002e8f34	5056000000	1	002e8f34
00005668	None	002ea040	6856000000	1	002ea040
00005670	None	002ea638	7056000000	1	002ea638
00005690	20	0062c830	9056000000	1	0062c830
00005694	None	002e773c	9456000000	1	002e773c
000056a0	None	002e628c	a056000000	1	002e628c
000056a8	None	002eb7cc	a856000000	1	002eb7cc
000056b4	None	0031dab0	b456000000	1	0031dab0
000056c0	None	00840618	c056000000	5	00840618
000056d4	None	00320168	d456000000	1	00320168
000056e4	None	0031eb38	e456000000	1	0031eb38
000056e8	None	0031f5cc	e856000000	1	0031f5cc
000056f0	20	00629ba8	f056000000	2	00629ba8	INCONSISTENT
00005714	None	0032071c	1457000000	1	0032071c
00005718	None	002e8f34	1857000000	1	002e8f34
00005740	None	0031f238	4057000000	1	0031f238
00005744	None	002e68d8	4457000000	1	002e68d8
0000575c	None	002e9d44	5c57000000	1	002e9d44
00005768	None	00320168	6857000000	1	00320168
00005784	20	006293b0	8457000000	1	006293b0
0000578e	None	008d4ae0	8e57000000	1	008d4ae0
000057ac	None	002ec56c	ac57000000	1	002ec56c
000057b0	None	002e6b64	b057000000	1	002e6b64
000057c8	None	0031d53c	c857000000	1	0031d53c
000057ec	None	0032071c	ec57000000	1	0032071c
000057f8	None	0031e894	f857000000	1	0031e894
00005804	20	00629608	0458000000	1	00629608
00005808	None	002ea310	0858000000	1	002ea310
0000580c	None	002ec56c	0c58000000	1	002ec56c
00005832	None	008d4a3c	3258000000	1	008d4a3c
00005844	None	0031f5cc	4458000000	1	0031f5cc
00005848	None	002e8f34	4858000000	1	002e8f34
00005858	None	003211f4	5858000000	1	003211f4
0000587c	20	006258a0	7c58000000	1	006258a0
000058a0	None	002e719c	a058000000	1	002e719c
000058bc	20	0062c038	bc58000000	1	0062c038
000058d6	None	008d4998	d658000000	1	008d4998
0000590c	None	002e5e48	0c59000000	1	002e5e48
00005910	None	00320ac8	1059000000	1	00320ac8
00005918	None	0031ee08	1859000000	1	0031ee08
00005920	None	002e628c	2059000000	1	002e628c
00005928	None	002e84a0	2859000000	1	002e84a0
00005930	None	002e7e7c	3059000000	1	002e7e7c
00005938	None	002e5ba4	3859000000	1	002e5ba4
00005944	20	006289d8	4459000000	1	006289d8
0000594c	20	0062b2a0	4c59000000	1	0062b2a0
00005960	20	00628bb8	6059000000	1	00628bb8
0000596c	None	002eb110	6c59000000	1	002eb110
00005970	None	002e8f34	7059000000	1	002e8f34
0000597a	None	008d48f4	7a59000000	1	008d48f4
00005984	None	002ea040	8459000000	1	002ea040
000059a0	None	0031d258	a059000000	1	0031d258
000059b0	None	002eaac0	b059000000	1	002eaac0
000059b8	20	0062e720	b859000000	1	0062e720
000059c8	None	002ead90	c859000000	1	002ead90
000059d0	20	0062bb10	d059000000	1	0062bb10
000059d8	20	0062a940	d859000000	1	0062a940
000059e0	None	0031fa10	e059000000	1	0031fa10
00005a10	None	002e8a6c	105a000000	1	002e8a6c
00005a1c	None	008d4858	1c5a000000	6	008d4858
00005a50	None	002e7e7c	505a000000	1	002e7e7c
00005a54	None	0031fde8	545a000000	1	0031fde8
00005a68	None	002ec894	685a000000	1	002ec894
00005a94	None	007eee64	945a000000	2	007eee64
00005a9c	None	002e6b64	9c5a000000	1	002e6b64
00005aa8	None	0031d53c	a85a000000	1	0031d53c
00005ab4	None	002e719c	b45a000000	1	002e719c
00005ad4	None	0031fde8	d45a000000	1	0031fde8
00005adc	None	0031dab0	dc5a000000	1	0031dab0
00005ae0	None	002e9d44	e05a000000	1	002e9d44
00005ae4	None	002e8f34	e45a000000	1	002e8f34
00005b00	None	0031ddac	005b000000	1	0031ddac
00005b18	None	0031eb38	185b000000	1	0031eb38
00005b2c	None	002e8770	2c5b000000	1	002e8770
00005b34	None	002e5180	345b000000	1	002e5180
00005b38	None	002e9d44	385b000000	1	002e9d44
00005b48	None	006a16b8	485b000000	1	006a16b8
00005b50	None	0031d53c	505b000000	1	0031d53c
00005b54	20	0062ddc0	545b000000	1	0062ddc0
00005b64	None	0031d258	645b000000	1	0031d258
00005b78	20	006307f0	785b000000	1	006307f0
00005b8c	20	00623c80	8c5b000000	1	00623c80
00005b90	None	002e9a08	905b000000	1	002e9a08
00005b9c	20	006266b0	9c5b000000	1	006266b0
00005ba0	None	00840618	a05b000000	3	00840618
00005ba4	None	002e84a0	a45b000000	1	002e84a0
00005bbc	None	002e628c	bc5b000000	1	002e628c
00005bc4	None	0031ee08	c45b000000	1	0031ee08
00005bdc	None	002e773c	dc5b000000	1	002e773c
00005c00	None	002e7e7c	005c000000	1	002e7e7c
00005c28	None	0031ddac	285c000000	1	0031ddac
00005c3c	None	002e84a0	3c5c000000	1	002e84a0
00005c48	None	002ea310	485c000000	1	002ea310
00005c58	None	002e5e48	585c000000	1	002e5e48
00005c64	None	006a16b8	645c000000	1	006a16b8
00005c6c	None	0031f238	6c5c000000	1	0031f238
00005c70	None	0031ddac	705c000000	1	0031ddac
00005c84	None	002e8178	845c000000	1	002e8178
00005c8c	None	002e6e60	8c5c000000	1	002e6e60
00005c9c	None	002eb554	9c5c000000	1	002eb554
00005ca8	20	0062d118	a85c000000	1	0062d118
00005cac	None	002e58a8	ac5c000000	1	002e58a8
00005cb4	1	00693084	b45c000000	10	00693084	INCONSISTENT
00005cbc	None	0031ee08	bc5c000000	1	0031ee08
00005ccc	None	002e7b80	cc5c000000	1	002e7b80
00005cd0	20	00629c98	d05c000000	1	00629c98
00005ce0	None	002e96f8	e05c000000	1	002e96f8
00005ce8	None	002e746c	e85c000000	1	002e746c
00005cf8	None	002e68d8	f85c000000	1	002e68d8
00005cfc	None	0031dab0	fc5c000000	1	0031dab0
00005d0c	None	003211f4	0c5d000000	1	003211f4
00005d20	None	002e561c	205d000000	1	002e561c
00005d40	None	002e5e48	405d000000	1	002e5e48
00005d44	None	002eb110	445d000000	1	002eb110
00005d4c	None	00320e74	4c5d000000	1	00320e74
00005d60	None	002e9390	605d000000	1	002e9390
00005d78	None	002eba58	785d000000	1	002eba58
00005d88	None	002ead90	885d000000	1	002ead90
00005d90	None	0031e16c	905d000000	1	0031e16c
00005d98	None	002e66a4	985d000000	1	002e66a4
00005dc4	None	00840618	c45d000000	3	00840618
00005df0	0	007f21d8	f05d000000	6	007f21d8
00005e04	0	00886e16	045e000000	1	00886e16
00005e10	None	0023dfd8	105e000000	1	0023dfd8
00005e28	None	002e8178	285e000000	1	002e8178
00005e48	None	002e561c	485e000000	1	002e561c
00005e4c	None	002e773c	4c5e000000	1	002e773c
00005e74	None	002eba58	745e000000	1	002eba58
00005e7c	None	0031fde8	7c5e000000	1	0031fde8
00005e80	None	0078221c	805e000000	1	0078221c
00005ec4	None	002e84a0	c45e000000	1	002e84a0
00005ed0	None	00840618	d05e000000	5	00840618
00005ed8	None	002ebe9c	d85e000000	1	002ebe9c
00005ee0	None	002ea638	e05e000000	1	002ea638
00005eec	None	002e5180	ec5e000000	1	002e5180
00005efc	None	002e58a8	fc5e000000	1	002e58a8
00005f00	None	002e8770	005f000000	1	002e8770
00005f04	None	002e628c	045f000000	1	002e628c
00005f14	None	0031d258	145f000000	1	0031d258
00005f64	None	0023dfd8	645f000000	1	0023dfd8
00005f68	None	002e8178	685f000000	1	002e8178
00005f74	20	0062c128	745f000000	1	0062c128
00005f88	None	002eba58	885f000000	1	002eba58
00005f90	None	0032071c	905f000000	1	0032071c
00005f94	None	002e9a08	945f000000	1	002e9a08
00005fa4	None	0031e16c	a45f000000	1	0031e16c
00005fb8	None	002ec2e0	b85f000000	1	002ec2e0
00005fe8	None	002e8f34	e85f000000	1	002e8f34
00005ffc	None	002e9390	fc5f000000	1	002e9390
00006014	20	006245e0	1460000000	1	006245e0
00006018	None	002e66a4	1860000000	1	002e66a4
0000601c	None	002ec56c	1c60000000	1	002ec56c
0000602c	20	00625378	2c60000000	1	00625378
00006034	None	002ec894	3460000000	1	002ec894
00006040	None	002ea040	4060000000	1	002ea040
00006050	None	002ea310	5060000000	1	002ea310
00006058	None	0031ee08	5860000000	1	0031ee08
00006068	20	00625af8	6860000000	1	00625af8
00006070	None	0031d258	7060000000	1	0031d258
00006074	None	006a16b8	7460000000	1	006a16b8
00006084	20	0062b5e8	8460000000	1	0062b5e8
00006088	20	00628f00	8860000000	1	00628f00
000060ac	20	00627e98	ac60000000	1	00627e98
000060b0	None	002ea638	b060000000	1	002ea638
000060b4	None	00320ac8	b460000000	1	00320ac8
000060b8	None	002e5ba4	b860000000	1	002e5ba4
000060bc	None	003204bc	bc60000000	1	003204bc
000060cc	20	006310d8	cc60000000	1	006310d8
000060d8	None	002e6b64	d860000000	1	002e6b64
000060e4	None	00320168	e460000000	1	00320168
000060e8	20	00625dc8	e860000000	1	00625dc8
000060f4	None	0031f5cc	f460000000	1	0031f5cc
00006118	20	006248b0	1861000000	1	006248b0
00006130	None	002e8f34	3061000000	1	002e8f34
00006144	None	00840618	4461000000	3	00840618
00006164	None	002e9d44	6461000000	1	002e9d44
00006168	None	002e8a6c	6861000000	1	002e8a6c
0000616c	None	00320168	6c61000000	1	00320168
00006170	None	002ec894	7061000000	1	002ec894
00006190	20	0062bfc0	9061000000	1	0062bfc0
00006198	None	002ebe9c	9861000000	1	002ebe9c
000061a4	None	0031f238	a461000000	1	0031f238
000061c0	None	0031d53c	c061000000	1	0031d53c
000061c4	20	006236dc	c461000000	1	006236dc
000061d8	None	0032071c	d861000000	1	0032071c
00006210	None	002ec56c	1062000000	1	002ec56c
0000621c	None	002e5ba4	1c62000000	1	002e5ba4
00006224	None	00320ac8	2462000000	1	00320ac8
00006268	None	0031f5cc	6862000000	1	0031f5cc
00006288	None	002e68d8	8862000000	1	002e68d8
00006298	None	002ea040	9862000000	1	002ea040
000062d0	None	0031fde8	d062000000	1	0031fde8
000062d4	None	002ec2e0	d462000000	1	002ec2e0
000062ec	None	007f21d8	ec62000000	7	007f21d8
000062f0	20	00623938	f062000000	1	00623938
00006300	None	0031d258	0063000000	1	0031d258
00006324	None	00320ac8	2463000000	1	00320ac8
00006328	None	002e9d44	2863000000	1	002e9d44
00006344	None	002eb7cc	4463000000	1	002eb7cc
00006358	20	00624298	5863000000	1	00624298
00006364	None	002e7e7c	6463000000	1	002e7e7c
00006368	None	0031ddac	6863000000	1	0031ddac
0000637c	20	00625fa8	7c63000000	1	00625fa8
00006380	None	002eb110	8063000000	1	002eb110
00006398	20	0062a1c0	9863000000	1	0062a1c0
000063b8	None	002eaac0	b863000000	1	002eaac0
000063cc	20	00629d10	cc63000000	1	00629d10
000063d0	None	0031e16c	d063000000	1	0031e16c
000063d8	None	002e5e48	d863000000	1	002e5e48
000063f0	None	0031eb38	f063000000	1	0031eb38
00006404	None	003211f4	0464000000	1	003211f4
00006410	None	005991c4	1064000000	2	005991c4
0000644c	None	002e8a6c	4c64000000	1	002e8a6c
0000645c	None	0031ee08	5c64000000	1	0031ee08
00006464	None	002ea310	6464000000	1	002ea310
00006474	None	002ead90	7464000000	1	002ead90
00006478	None	002eb554	7864000000	1	002eb554
00006488	None	002e746c	8864000000	1	002e746c
000064a0	None	002e9390	a064000000	1	002e9390
000064b4	None	002e8770	b464000000	1	002e8770
000064b8	None	00320e74	b864000000	1	00320e74
000064bc	None	0031e894	bc64000000	1	0031e894
000064c4	None	002e58a8	c464000000	1	002e58a8
000064c8	None	00320168	c864000000	1	00320168
000064d4	None	002e773c	d464000000	1	002e773c
000064d8	None	002eb110	d864000000	1	002eb110
000064f4	None	002e6b64	f464000000	1	002e6b64
000064f8	None	007f21d8	f864000000	8	007f21d8
00006504	None	0032071c	0465000000	1	0032071c
0000650c	None	0031fa10	0c65000000	1	0031fa10
00006524	None	0031fde8	2465000000	1	0031fde8
00006528	None	002e5180	2865000000	1	002e5180
00006540	None	002ec2e0	4065000000	1	002ec2e0
00006558	None	0031cf48	5865000000	1	0031cf48
00006568	20	00626368	6865000000	1	00626368
00006570	None	002e746c	7065000000	1	002e746c
00006580	None	002e5e48	8065000000	1	002e5e48
00006588	None	002ec894	8865000000	1	002ec894
00006590	None	002e773c	9065000000	1	002e773c
0000659c	20	0062fda0	9c65000000	1	0062fda0
000065ac	None	002e8f34	ac65000000	1	002e8f34
000065b8	None	002e5180	b865000000	1	002e5180
000065c4	None	006a16b8	c465000000	1	006a16b8
000065ec	None	002e8a6c	ec65000000	1	002e8a6c
00006604	20	0062c470	0466000000	1	0062c470
00006620	20	0062ef18	2066000000	1	0062ef18
00006624	None	002e84a0	2466000000	1	002e84a0
00006644	20	00624310	4466000000	1	00624310
0000664c	None	002e773c	4c66000000	1	002e773c
00006650	None	00320168	5066000000	1	00320168
00006668	None	0031ddac	6866000000	1	0031ddac
00006678	None	002eb110	7866000000	1	002eb110
0000667c	None	002e66a4	7c66000000	1	002e66a4
00006680	None	002e719c	8066000000	1	002e719c
0000669c	None	002e96f8	9c66000000	1	002e96f8
000066ac	20	006244f0	ac66000000	1	006244f0
000066c8	None	002ead90	c866000000	1	002ead90
000066cc	None	002e68d8	cc66000000	1	002e68d8
000066f0	None	002ebe9c	f066000000	1	002ebe9c
000066fc	None	002e6e60	fc66000000	1	002e6e60
00006720	None	0031e16c	2067000000	1	0031e16c
00006738	None	0031ee08	3867000000	1	0031ee08
00006740	20	00626020	4067000000	1	00626020
00006748	None	002e7b80	4867000000	1	002e7b80
00006754	None	00320ac8	5467000000	1	00320ac8
0000675c	20	006272e0	5c67000000	1	006272e0
00006768	None	002e5180	6867000000	1	002e5180
00006770	None	002ea310	7067000000	1	002ea310
00006780	20	0062fa58	8067000000	1	0062fa58
00006784	None	002e96f8	8467000000	1	002e96f8
00006790	None	002e746c	9067000000	1	002e746c
0000679c	None	0031f238	9c67000000	1	0031f238
000067cc	None	002e96f8	cc67000000	1	002e96f8
000067d0	None	002e9390	d067000000	1	002e9390
000067f8	None	0031ee08	f867000000	1	0031ee08
000067fc	None	002eb110	fc67000000	1	002eb110
00006808	None	002e5e48	0868000000	1	002e5e48
0000680c	None	002ec56c	0c68000000	1	002ec56c
0000681c	None	00320e74	1c68000000	1	00320e74
00006828	None	002ebe9c	2868000000	1	002ebe9c
0000682c	None	002eba58	2c68000000	1	002eba58
0000683c	None	002ead90	3c68000000	1	002ead90
00006868	None	002e719c	6868000000	1	002e719c
00006878	None	0031ee08	7868000000	1	0031ee08
00006888	None	0031ddac	8868000000	1	0031ddac
000068c0	None	002e628c	c068000000	1	002e628c
000068c8	None	00320e74	c868000000	1	00320e74
000068d8	None	002e5ba4	d868000000	1	002e5ba4
000068ec	None	002ec56c	ec68000000	1	002ec56c
000068f8	None	00320ac8	f868000000	1	00320ac8
00006950	None	002e9a08	5069000000	1	002e9a08
00006964	None	002eaac0	6469000000	1	002eaac0
0000696c	None	002e8f34	6c69000000	1	002e8f34
00006990	20	00629e78	9069000000	1	00629e78
000069b8	20	00627628	b869000000	1	00627628
000069c8	None	0031fa10	c869000000	1	0031fa10
000069cc	None	00320ac8	cc69000000	1	00320ac8
000069d4	None	003211f4	d469000000	1	003211f4
000069dc	20	0062f9e0	dc69000000	1	0062f9e0
000069e4	None	002ebe9c	e469000000	1	002ebe9c
000069f0	None	0031f5cc	f069000000	1	0031f5cc
000069fc	None	0031e5b0	fc69000000	1	0031e5b0
00006a00	None	0031fa10	006a000000	1	0031fa10
00006a14	None	0031d53c	146a000000	1	0031d53c
00006a20	None	0031eb38	206a000000	1	0031eb38
00006a30	None	0031cf48	306a000000	1	0031cf48
00006a40	None	002ea310	406a000000	1	002ea310
00006a50	None	002e628c	506a000000	1	002e628c
00006a54	20	00624b08	546a000000	1	00624b08
00006a58	None	0042a0b4	586a000000	1	0042a0b4
00006a5c	None	002e9390	5c6a000000	1	002e9390
00006a68	None	0031d258	686a000000	1	0031d258
00006a7c	None	00840618	7c6a000000	3	00840618
00006a80	None	002e8770	806a000000	1	002e8770
00006a98	None	002e58a8	986a000000	1	002e58a8
00006aa8	None	0023dfd8	a86a000000	1	0023dfd8
00006acc	20	00628168	cc6a000000	1	00628168
00006ad4	None	002ea040	d46a000000	1	002ea040
00006ad8	20	006309d0	d86a000000	1	006309d0
00006adc	None	0031e16c	dc6a000000	1	0031e16c
00006af8	None	0031dab0	f86a000000	1	0031dab0
00006b0c	None	0031d53c	0c6b000000	1	0031d53c
00006b10	None	0031ddac	106b000000	1	0031ddac
00006b14	None	002e9a08	146b000000	1	002e9a08
00006b18	None	002e68d8	186b000000	1	002e68d8
00006b38	None	0031d53c	386b000000	1	0031d53c
00006b44	20	0062a5f8	446b000000	1	0062a5f8
00006b58	None	002e7b80	586b000000	1	002e7b80
00006b70	None	0031ee08	706b000000	1	0031ee08
00006b78	None	002eb554	786b000000	1	002eb554
00006b80	None	0068f69c	806b000000	1	0068f69c
00006b98	20	0062ff08	986b000000	1	0062ff08
00006ba8	None	0031ee08	a86b000000	1	0031ee08
00006bac	None	002e8f34	ac6b000000	1	002e8f34
00006bb8	None	00320ac8	b86b000000	1	00320ac8
00006bcc	None	00320e74	cc6b000000	1	00320e74
00006bd8	None	002eb7cc	d86b000000	1	002eb7cc
00006bf8	20	006262f0	f86b000000	1	006262f0
00006bfc	None	003211f4	fc6b000000	1	003211f4
00006c04	None	0031e894	046c000000	1	0031e894
00006c10	None	0031f5cc	106c000000	1	0031f5cc
00006c14	None	002eaac0	146c000000	1	002eaac0
00006c20	None	002e84a0	206c000000	1	002e84a0
00006c44	None	002e84a0	446c000000	1	002e84a0
00006c50	None	002e8770	506c000000	1	002e8770
00006c54	None	002e9a08	546c000000	1	002e9a08
00006c88	None	002e9d44	886c000000	1	002e9d44
00006c94	None	0031dab0	946c000000	1	0031dab0
00006c9c	None	002ead90	9c6c000000	1	002ead90
00006ca0	None	0031f5cc	a06c000000	1	0031f5cc
00006cb4	None	0031e5b0	b46c000000	1	0031e5b0
00006cb8	20	006284b0	b86c000000	1	006284b0
00006cd0	20	0062f3c8	d06c000000	1	0062f3c8
00006cdc	None	0031d53c	dc6c000000	1	0031d53c
00006d04	None	0032071c	046d000000	1	0032071c
00006d18	None	002e773c	186d000000	1	002e773c
00006d60	20	00628708	606d000000	1	00628708
00006d70	None	0031d80c	706d000000	1	0031d80c
00006da4	None	002e96f8	a46d000000	1	002e96f8
00006db0	None	002e5ba4	b06d000000	1	002e5ba4
00006de8	None	0031eb38	e86d000000	1	0031eb38
00006dec	None	002ea638	ec6d000000	1	002ea638
00006df8	None	002e6e60	f86d000000	1	002e6e60
00006dfc	None	0031cf48	fc6d000000	1	0031cf48
00006e00	20	0062dc58	006e000000	1	0062dc58
00006e1c	None	002e9d44	1c6e000000	1	002e9d44
00006e38	None	002eb7cc	386e000000	1	002eb7cc
00006e50	None	002e7e7c	506e000000	1	002e7e7c
00006e58	None	002e628c	586e000000	1	002e628c
00006e5c	None	0032071c	5c6e000000	1	0032071c
00006e70	20	0062fff8	706e000000	1	0062fff8
00006e84	None	003204bc	846e000000	1	003204bc
00006e8c	None	0031fde8	8c6e000000	1	0031fde8
00006e90	None	002eb110	906e000000	1	002eb110
00006ea0	None	002e8178	a06e000000	1	002e8178
00006eac	None	002ec894	ac6e000000	1	002ec894
00006eb4	None	0031ee08	b46e000000	1	0031ee08
00006ec8	None	0031e16c	c86e000000	1	0031e16c
00006ed0	None	002e5e48	d06e000000	1	002e5e48
00006ee8	None	002eb7cc	e86e000000	1	002eb7cc
00006ef0	None	002eba58	f06e000000	1	002eba58
00006f04	None	0031f5cc	046f000000	1	0031f5cc
00006f20	None	002e773c	206f000000	1	002e773c
00006f38	None	002e7b80	386f000000	1	002e7b80
00006f40	None	002e8a6c	406f000000	1	002e8a6c
00006f60	None	002e8770	606f000000	1	002e8770
00006f74	20	00630250	746f000000	1	00630250
00006f78	None	002eba58	786f000000	1	002eba58
00006f80	None	002ea310	806f000000	1	002ea310
00006f88	None	002e58a8	886f000000	1	002e58a8
00006f90	None	002ead90	906f000000	1	002ead90
00006f98	None	002e746c	986f000000	1	002e746c
00006fa4	20	0062cd58	a46f000000	1	0062cd58
00006fc4	None	002eb110	c46f000000	1	002eb110
00006fd8	20	00630e80	d86f000000	1	00630e80
00007008	None	0032071c	0870000000	1	0032071c
00007020	None	0031fa10	2070000000	1	0031fa10
00007028	None	002e6b64	2870000000	1	002e6b64
0000702c	None	0031fa10	2c70000000	1	0031fa10
00007030	20	00629b30	3070000000	1	00629b30
0000703c	None	002ebe9c	3c70000000	1	002ebe9c
00007044	None	002eba58	4470000000	1	002eba58
00007060	20	0062a148	6070000000	1	0062a148
0000706c	None	002e8f34	6c70000000	1	002e8f34
00007070	None	002ec2e0	7070000000	1	002ec2e0
00007078	None	006a16b8	7870000000	1	006a16b8
00007098	None	002e9a08	9870000000	1	002e9a08
0000709c	None	003204bc	9c70000000	1	003204bc
000070ac	None	0031cf48	ac70000000	1	0031cf48
000070b0	None	0031d80c	b070000000	1	0031d80c
000070bc	None	002e746c	bc70000000	1	002e746c
000070cc	20	006283c0	cc70000000	1	006283c0
000070d0	None	0031f238	d070000000	1	0031f238
000070d8	None	0031f5cc	d870000000	1	0031f5cc
000070e4	None	002ec894	e470000000	1	002ec894
000070e8	None	0031fa10	e870000000	1	0031fa10
000070ec	20	006280f0	ec70000000	1	006280f0
0000710c	None	007f21d8	0c71000000	6	007f21d8
00007114	None	0031fde8	1471000000	1	0031fde8
00007120	None	002e8f34	2071000000	1	002e8f34
00007140	None	002eb110	4071000000	1	002eb110
0000715c	None	006a16b8	5c71000000	1	006a16b8
0000717c	None	002e7e7c	7c71000000	1	002e7e7c
00007190	None	002e5ba4	9071000000	1	002e5ba4
000071a4	None	002eba58	a471000000	1	002eba58
000071ac	None	007f21d8	ac71000000	7	007f21d8
000071cc	20	0062af58	cc71000000	1	0062af58
000071e4	None	002e66a4	e471000000	1	002e66a4
000071ec	None	002e719c	ec71000000	1	002e719c
000071f0	None	002eb110	f071000000	1	002eb110
000071f4	None	0083e224	f471000000	625	0083e224
00007218	None	002e96f8	1872000000	1	002e96f8
00007240	None	0031f238	4072000000	1	0031f238
00007244	None	002e9a08	4472000000	1	002e9a08
00007250	None	002ea638	5072000000	1	002ea638
0000725c	None	002e6e60	5c72000000	1	002e6e60
00007260	20	00629590	6072000000	1	00629590
00007270	20	00624d60	7072000000	1	00624d60
00007278	None	002eb554	7872000000	1	002eb554
0000727c	None	007ec9f2	7c72000000	2	007ec9f2
00007280	None	0031f238	8072000000	1	0031f238
00007284	20	00631060	8472000000	1	00631060
0000728c	20	0062ba98	8c72000000	1	0062ba98
00007290	None	002e8a6c	9072000000	1	002e8a6c
00007298	None	0031ee08	9872000000	1	0031ee08
0000729c	None	003204bc	9c72000000	1	003204bc
000072ac	None	002e5180	ac72000000	1	002e5180
000072bc	None	002ea310	bc72000000	1	002ea310
000072c4	None	002e8f34	c472000000	1	002e8f34
000072d8	None	002ea040	d872000000	1	002ea040
000072dc	None	002e628c	dc72000000	1	002e628c
000072e8	None	002e68d8	e872000000	1	002e68d8
00007304	None	002e96f8	0473000000	1	002e96f8
00007308	None	002e9390	0873000000	1	002e9390
00007314	None	002ec894	1473000000	1	002ec894
0000731c	None	0031dab0	1c73000000	1	0031dab0
00007320	None	002e8178	2073000000	1	002e8178
00007328	None	0031ee08	2873000000	1	0031ee08
0000732c	None	002eb110	2c73000000	1	002eb110
00007354	None	00320ac8	5473000000	1	00320ac8
0000735c	None	002ebe9c	5c73000000	1	002ebe9c
00007360	20	006264d0	6073000000	1	006264d0
00007364	None	002e68d8	6473000000	1	002e68d8
00007384	None	006a16b8	8473000000	1	006a16b8
00007398	None	0031f238	9873000000	1	0031f238
000073a4	None	0032071c	a473000000	1	0032071c
000073b0	20	00625a80	b073000000	1	00625a80
000073c0	20	0062cf38	c073000000	1	0062cf38
000073d4	20	0062ad00	d473000000	1	0062ad00
000073e4	None	002eba58	e473000000	1	002eba58
00007408	20	00627970	0874000000	1	00627970
0000740c	None	002e5180	0c74000000	1	002e5180
00007410	None	002ec2e0	1074000000	1	002ec2e0
00007414	20	006239b0	1474000000	1	006239b0
00007418	None	0023dfd8	1874000000	1	0023dfd8
0000741c	None	002ead90	1c74000000	1	002ead90
00007424	None	002ea040	2474000000	1	002ea040
0000742c	None	002e773c	2c74000000	1	002e773c
00007460	None	002e6b64	6074000000	1	002e6b64
0000746c	None	0031d80c	6c74000000	1	0031d80c
00007478	1	001a085c	7874000000	9	001a085c	INCONSISTENT
00007480	None	00320ac8	8074000000	1	00320ac8
00007490	None	0031f5cc	9074000000	1	0031f5cc
0000749c	None	0031fa10	9c74000000	1	0031fa10
000074b8	None	002ea638	b874000000	1	002ea638
000074cc	None	0031eb38	cc74000000	1	0031eb38
000074dc	None	0031e5b0	dc74000000	1	0031e5b0
000074e8	None	002ea310	e874000000	1	002ea310
000074f4	20	0062f878	f474000000	1	0062f878
000074f8	20	0062cdd0	f874000000	1	0062cdd0
000074fc	20	00626110	fc74000000	1	00626110
00007514	None	002ec894	1475000000	1	002ec894
00007528	None	00840618	2875000000	3	00840618
0000752c	20	00627790	2c75000000	1	00627790
00007530	None	0031fde8	3075000000	1	0031fde8
00007540	None	002e6e60	4075000000	1	002e6e60
00007548	None	002ea638	4875000000	1	002ea638
0000754c	None	002eb110	4c75000000	1	002eb110
0000755c	20	0062cec0	5c75000000	1	0062cec0
00007588	None	0031e16c	8875000000	1	0031e16c
00007590	None	002e8a6c	9075000000	1	002e8a6c
000075a0	None	0031d53c	a075000000	1	0031d53c
000075a4	20	00628ff0	a475000000	1	00628ff0
000075a8	None	002eaac0	a875000000	1	002eaac0
000075bc	None	003204bc	bc75000000	1	003204bc
000075c4	None	0031cf48	c475000000	1	0031cf48
000075d4	None	00840618	d475000000	2	00840618
000075d8	None	002e8f34	d875000000	1	002e8f34
000075ec	None	002e58a8	ec75000000	1	002e58a8
000075f0	None	002e5e48	f075000000	1	002e5e48
000075fc	None	002e773c	fc75000000	1	002e773c
00007608	None	002ebe9c	0876000000	1	002ebe9c
0000761c	None	002ec2e0	1c76000000	1	002ec2e0
00007644	None	0031ee08	4476000000	1	0031ee08
00007660	20	0062a238	6076000000	1	0062a238
0000766c	None	00320e74	6c76000000	1	00320e74
00007670	None	00320ac8	7076000000	1	00320ac8
00007674	None	00840618	7476000000	3	00840618
0000768c	None	003211f4	8c76000000	1	003211f4
00007694	None	0031e894	9476000000	1	0031e894
000076a8	20	0062f440	a876000000	1	0062f440
000076b8	None	002e8f34	b876000000	1	002e8f34
000076e4	None	002e5e48	e476000000	1	002e5e48
000076ec	None	002eb7cc	ec76000000	1	002eb7cc
000076f4	None	0031dab0	f476000000	1	0031dab0
000076f8	None	002e9a08	f876000000	1	002e9a08
000076fc	None	002e68d8	fc76000000	1	002e68d8
00007704	None	002e8178	0477000000	1	002e8178
0000770c	None	006a16b8	0c77000000	1	006a16b8
00007710	None	0031fa10	1077000000	1	0031fa10
00007750	20	0062eae0	5077000000	1	0062eae0
0000775c	None	002ea040	5c77000000	1	002ea040
00007764	20	0062e3d8	6477000000	1	0062e3d8
00007784	None	0032071c	8477000000	1	0032071c
00007798	None	002e773c	9877000000	1	002e773c
000077ec	None	003211f4	ec77000000	1	003211f4
000077fc	None	002e6e60	fc77000000	1	002e6e60
00007808	None	002e561c	0878000000	1	002e561c
00007810	None	002e8178	1078000000	1	002e8178
00007818	None	002e66a4	1878000000	1	002e66a4
0000781c	None	0031d80c	1c78000000	1	0031d80c
00007828	None	002e7b80	2878000000	1	002e7b80
00007844	None	002e8a6c	4478000000	1	002e8a6c
0000784c	None	00320e74	4c78000000	1	00320e74
00007890	None	002e8a6c	9078000000	1	002e8a6c
0000789c	None	0031eb38	9c78000000	1	0031eb38
000078a4	20	0062b660	a478000000	1	0062b660
000078ac	None	002e5e48	ac78000000	1	002e5e48
000078bc	None	0032071c	bc78000000	1	0032071c
000078d4	None	00320ac8	d478000000	1	00320ac8
000078d8	None	006a16b8	d878000000	1	006a16b8
000078f4	None	00320168	f478000000	1	00320168
000078f8	None	002ec2e0	f878000000	1	002ec2e0
00007904	20	0062e1f8	0479000000	1	0062e1f8
00007934	20	0062e540	3479000000	1	0062e540
00007938	None	002e8178	3879000000	1	002e8178
0000794c	None	002ec894	4c79000000	1	002ec894
00007974	None	002e9a08	7479000000	1	002e9a08
00007980	None	002e5e48	8079000000	1	002e5e48
00007988	None	0031fde8	8879000000	1	0031fde8
00007994	None	0031dab0	9479000000	1	0031dab0
00007998	None	0023dfd8	9879000000	1	0023dfd8
000079a4	None	002eba58	a479000000	1	002eba58
000079b0	None	0023dfd8	b079000000	1	0023dfd8
000079d0	None	002e773c	d079000000	1	002e773c
000079d4	None	002ec56c	d479000000	1	002ec56c
000079ec	None	002e7b80	ec79000000	1	002e7b80
000079f0	None	002e8a6c	f079000000	1	002e8a6c
000079fc	20	00623f50	fc79000000	1	00623f50
00007a04	None	002e8770	047a000000	1	002e8770
00007a08	None	002e5180	087a000000	1	002e5180
00007a20	None	00840618	207a000000	5	00840618
00007a24	None	002eb554	247a000000	1	002eb554
00007a34	None	007e75bc	347a000000	1	007e75bc
00007a3c	20	0062d730	3c7a000000	1	0062d730
00007a68	None	0031fde8	687a000000	1	0031fde8
00007a74	20	00630610	747a000000	1	00630610
00007a78	None	00320168	787a000000	1	00320168
00007a7c	None	002e773c	7c7a000000	1	002e773c
00007a98	None	0031e5b0	987a000000	1	0031e5b0
00007a9c	20	0062a760	9c7a000000	1	0062a760
00007ab4	None	002eba58	b47a000000	1	002eba58
00007ab8	None	0031cf48	b87a000000	1	0031cf48
00007abc	None	0031e894	bc7a000000	1	0031e894
00007af4	None	003211f4	f47a000000	1	003211f4
00007b0c	None	0031ddac	0c7b000000	1	0031ddac
00007b14	None	0031d80c	147b000000	1	0031d80c
00007b1c	None	0031e5b0	1c7b000000	1	0031e5b0
00007b34	None	0031f5cc	347b000000	1	0031f5cc
00007b58	None	0031d80c	587b000000	1	0031d80c
00007b5c	None	002eba58	5c7b000000	1	002eba58
00007b68	20	00628348	687b000000	1	00628348
00007b6c	None	002ebe9c	6c7b000000	1	002ebe9c
00007b78	None	002ea310	787b000000	1	002ea310
00007b88	20	0062eb58	887b000000	1	0062eb58
00007ba0	None	002e8a6c	a07b000000	1	002e8a6c
00007bb8	None	002ea040	b87b000000	1	002ea040
00007bdc	None	002e5ba4	dc7b000000	1	002e5ba4
00007be4	None	002ec2e0	e47b000000	1	002ec2e0
00007bfc	None	002eba58	fc7b000000	1	002eba58
00007c00	None	0032071c	007c000000	1	0032071c
00007c18	20	0062f710	187c000000	1	0062f710
00007c3c	None	002e719c	3c7c000000	1	002e719c
00007c40	None	002e8f34	407c000000	1	002e8f34
00007c4c	None	0087d744	4c7c000000	1	0087d744
00007c54	None	002eb110	547c000000	1	002eb110
00007c58	None	002e66a4	587c000000	1	002e66a4
00007c64	None	006a16b8	647c000000	1	006a16b8
00007c7c	None	0031d80c	7c7c000000	1	0031d80c
00007c84	None	002e5180	847c000000	1	002e5180
00007c88	None	0031e16c	887c000000	1	0031e16c
00007c90	20	0062ee28	907c000000	1	0062ee28
00007c98	None	002e5e48	987c000000	1	002e5e48
00007ca4	None	004684f4	a47c000000	2	004684f4
00007ca8	20	0062c998	a87c000000	1	0062c998
00007cb0	None	002ea638	b07c000000	1	002ea638
00007cb4	20	0062bf48	b47c000000	1	0062bf48
00007cb8	None	002ead90	b87c000000	1	002ead90
00007cbc	None	002e6e60	bc7c000000	1	002e6e60
00007cc0	20	0062ec48	c07c000000	1	0062ec48
00007cc4	None	002e6b64	c47c000000	1	002e6b64
00007ccc	None	002ec56c	cc7c000000	1	002ec56c
00007cf0	None	0031f238	f07c000000	1	0031f238
00007d08	None	0031e894	087d000000	1	0031e894
00007d10	None	002ea310	107d000000	1	002ea310
00007d34	None	00320ac8	347d000000	1	00320ac8
00007d38	20	00626548	387d000000	1	00626548
00007d48	None	003211f4	487d000000	1	003211f4
00007d58	None	002e8f34	587d000000	1	002e8f34
00007d6c	None	002e96f8	6c7d000000	1	002e96f8
00007d74	None	002e9390	747d000000	1	002e9390
00007d80	None	0031dab0	807d000000	1	0031dab0
00007d9c	None	002e96f8	9c7d000000	1	002e96f8
00007da0	None	002e6b64	a07d000000	1	002e6b64
00007dac	None	002e5180	ac7d000000	1	002e5180
00007db0	None	002ebe9c	b07d000000	1	002ebe9c
00007db4	None	002ead90	b47d000000	1	002ead90
00007ddc	None	0031d258	dc7d000000	1	0031d258
00007dfc	None	0031ddac	fc7d000000	1	0031ddac
00007e00	None	002e719c	007e000000	1	002e719c
00007e20	None	00320ac8	207e000000	1	00320ac8
00007e28	None	002e9d44	287e000000	1	002e9d44
00007e40	None	002e84a0	407e000000	1	002e84a0
00007e4c	None	002e628c	4c7e000000	1	002e628c
00007e60	20	0062e270	607e000000	1	0062e270
00007e74	None	002e5180	747e000000	1	002e5180
00007e98	20	0062d550	987e000000	1	0062d550
00007e9c	None	0031fde8	9c7e000000	1	0031fde8
00007ea4	None	002e8f34	a47e000000	1	002e8f34
00007eb4	20	0062f008	b47e000000	1	0062f008
00007ef0	None	002e746c	f07e000000	1	002e746c
00007f00	None	002e746c	007f000000	1	002e746c
00007f14	None	002e6b64	147f000000	1	002e6b64
00007f1c	20	00628078	1c7f000000	1	00628078
00007f24	None	0031fa10	247f000000	1	0031fa10
00007f50	None	0031f5cc	507f000000	1	0031f5cc
00007f5c	None	002e561c	5c7f000000	1	002e561c
00007f60	None	00320e74	607f000000	1	00320e74
00007f70	None	0031e5b0	707f000000	1	0031e5b0
00007f80	20	0062d820	807f000000	1	0062d820
00007f84	None	00840618	847f000000	3	00840618
00007f88	20	0062d2f8	887f000000	1	0062d2f8
00007f98	20	006257b0	987f000000	1	006257b0
00007fb4	None	002ea310	b47f000000	1	002ea310
00007fcc	20	0062c3f8	cc7f000000	1	0062c3f8
00007fec	None	00320168	ec7f000000	1	00320168
00007ff8	None	002e6e60	f87f000000	1	002e6e60
0000800c	None	002e58a8	0c80000000	1	002e58a8
00008010	None	002ea638	1080000000	1	002ea638
00008014	20	00624658	1480000000	1	00624658
0000802c	None	0031d53c	2c80000000	1	0031d53c
00008040	None	002e5ba4	4080000000	1	002e5ba4
00008048	20	00629a40	4880000000	1	00629a40
00008068	20	006273d0	6880000000	1	006273d0
0000806c	None	0031e16c	6c80000000	1	0031e16c
00008074	None	002e8f34	7480000000	1	002e8f34
00008084	None	002eaac0	8480000000	1	002eaac0
00008094	None	002e8f34	9480000000	1	002e8f34
00008098	None	0031ddac	9880000000	1	0031ddac
000080ac	None	002e58a8	ac80000000	1	002e58a8
000080b0	None	002e5e48	b080000000	1	002e5e48
000080e0	None	002e628c	e080000000	1	002e628c
000080f8	20	0062b1b0	f880000000	1	0062b1b0
00008120	20	00626890	2081000000	1	00626890
00008130	None	002e6e60	3081000000	1	002e6e60
0000813c	None	002e9390	3c81000000	1	002e9390
00008140	20	0062d640	4081000000	1	0062d640
00008144	20	00625d50	4481000000	1	00625d50
00008164	None	003211f4	6481000000	1	003211f4
0000816c	None	0031e5b0	6c81000000	1	0031e5b0
00008180	None	0031e894	8081000000	1	0031e894
0000818c	None	002e84a0	8c81000000	1	002e84a0
000081b8	None	002e84a0	b881000000	1	002e84a0
000081bc	None	00594920	bc81000000	1	00594920
000081c0	None	002eaac0	c081000000	1	002eaac0
000081e0	None	002eb7cc	e081000000	1	002eb7cc
000081ec	None	0031ddac	ec81000000	1	0031ddac
000081f4	None	002e8a6c	f481000000	1	002e8a6c
00008208	None	002ead90	0882000000	1	002ead90
00008214	None	002ead90	1482000000	1	002ead90
00008218	20	0062e978	1882000000	1	0062e978
00008228	None	002e68d8	2882000000	1	002e68d8
0000824c	None	002e773c	4c82000000	1	002e773c
00008270	None	002e68d8	7082000000	1	002e68d8
00008274	None	0031dab0	7482000000	1	0031dab0
0000828c	20	00627100	8c82000000	1	00627100
000082a4	None	002e561c	a482000000	1	002e561c
000082ac	20	0062c308	ac82000000	1	0062c308
000082bc	None	002e66a4	bc82000000	1	002e66a4
000082c0	None	002e5e48	c082000000	1	002e5e48
000082d0	None	002ea310	d082000000	1	002ea310
000082f8	None	002ead90	f882000000	1	002ead90
00008310	None	002e9d44	1083000000	1	002e9d44
00008314	None	002e8a6c	1483000000	1	002e8a6c
00008320	None	002e7b80	2083000000	1	002e7b80
00008324	None	002ea638	2483000000	1	002ea638
00008328	None	0031eb38	2883000000	1	0031eb38
00008344	None	002e5e48	4483000000	1	002e5e48
0000835c	None	006a16b8	5c83000000	1	006a16b8
00008374	None	002eb7cc	7483000000	1	002eb7cc
000083a0	None	002eba58	a083000000	1	002eba58
000083b0	None	0031ddac	b083000000	1	0031ddac
000083d0	None	0031ee08	d083000000	1	0031ee08
000083f0	None	002ec2e0	f083000000	1	002ec2e0
000083f8	None	002e9d44	f883000000	1	002e9d44
00008408	None	002eb7cc	0884000000	1	002eb7cc
0000841c	None	0031e16c	1c84000000	1	0031e16c
0000843c	None	0031fde8	3c84000000	1	0031fde8
00008440	None	002e5e48	4084000000	1	002e5e48
0000844c	None	00320168	4c84000000	1	00320168
00008454	None	0031f5cc	5484000000	1	0031f5cc
00008478	None	002e6e60	7884000000	1	002e6e60
00008484	None	00840618	8484000000	3	00840618
00008494	None	00320e74	9484000000	1	00320e74
000084bc	20	00623e60	bc84000000	1	00623e60
000084cc	20	006255d0	cc84000000	1	006255d0
000084d0	None	002e5180	d084000000	1	002e5180
000084dc	None	002e628c	dc84000000	1	002e628c
000084e0	None	002e9390	e084000000	1	002e9390
000084f8	None	002e8770	f884000000	1	002e8770
00008508	None	002eb554	0885000000	1	002eb554
00008518	None	002ebe9c	1885000000	1	002ebe9c
00008520	None	00320168	2085000000	1	00320168
00008524	None	002ec56c	2485000000	1	002ec56c
0000852c	None	002e773c	2c85000000	1	002e773c
0000853c	None	002eb110	3c85000000	1	002eb110
00008540	None	002e8a6c	4085000000	1	002e8a6c
0000854c	20	0062fad0	4c85000000	1	0062fad0
00008568	None	0080b2f4	6885000000	1	0080b2f4
00008574	None	002eba58	7485000000	1	002eba58
00008580	None	002e9a08	8085000000	1	002e9a08
00008594	None	0031e894	9485000000	1	0031e894
000085a0	None	002ec2e0	a085000000	1	002ec2e0
000085b4	None	003211f4	b485000000	1	003211f4
000085c0	None	003204bc	c085000000	1	003204bc
000085cc	None	002e68d8	cc85000000	1	002e68d8
000085dc	None	0031e5b0	dc85000000	1	0031e5b0
000085e0	None	002e746c	e085000000	1	002e746c
000085e4	None	002e628c	e485000000	1	002e628c
000085e8	20	00624928	e885000000	1	00624928
000085f8	None	002ec56c	f885000000	1	002ec56c
00008604	None	002eba58	0486000000	1	002eba58
00008610	None	0031f5cc	1086000000	1	0031f5cc
00008618	20	00626ea8	1886000000	1	00626ea8
00008624	None	002ec894	2486000000	1	002ec894
00008654	20	0062dbe0	5486000000	1	0062dbe0
00008658	None	002e8a6c	5886000000	1	002e8a6c
00008674	None	0031d258	7486000000	1	0031d258
00008678	None	003211f4	7886000000	1	003211f4
0000869c	None	002e628c	9c86000000	1	002e628c
000086c8	None	00320168	c886000000	1	00320168
000086dc	None	0031eb38	dc86000000	1	0031eb38
000086f8	None	0031e16c	f886000000	1	0031e16c
00008708	None	002e719c	0887000000	1	002e719c
00008710	None	00840618	1087000000	3	00840618
0000871c	20	00630778	1c87000000	1	00630778
00008728	None	0031cf48	2887000000	1	0031cf48
00008748	None	002e628c	4887000000	1	002e628c
00008764	None	002ea638	6487000000	1	002ea638
00008778	None	0031f238	7887000000	1	0031f238
00008780	None	002e6b64	8087000000	1	002e6b64
00008784	None	002ec56c	8487000000	1	002ec56c
000087ac	None	0031d80c	ac87000000	1	0031d80c
000087f0	20	00624748	f087000000	1	00624748
00008800	None	002e8f34	0088000000	1	002e8f34
00008808	None	002e9390	0888000000	1	002e9390
0000880c	None	00840618	0c88000000	3	00840618
00008818	None	0031dab0	1888000000	1	0031dab0
0000882c	20	00624a18	2c88000000	1	00624a18
00008840	None	002e6b64	4088000000	1	002e6b64
00008844	20	00630ca0	4488000000	1	00630ca0
00008850	None	002e5ba4	5088000000	1	002e5ba4
00008854	None	002e5180	5488000000	1	002e5180
00008860	20	006241a8	6088000000	1	006241a8
00008864	None	0031e16c	6488000000	1	0031e16c
0000886c	None	002ec2e0	6c88000000	1	002ec2e0
00008878	None	0031fde8	7888000000	1	0031fde8
00008890	None	0031fa10	9088000000	1	0031fa10
0000889c	None	003204bc	9c88000000	1	003204bc
000088a0	20	00629e00	a088000000	1	00629e00
000088c0	None	002e773c	c088000000	1	002e773c
000088d0	None	003204bc	d088000000	1	003204bc
000088dc	None	002ea638	dc88000000	1	002ea638
000088e4	None	002eba58	e488000000	1	002eba58
000088f0	20	00624130	f088000000	1	00624130
000088fc	None	002e84a0	fc88000000	1	002e84a0
0000890c	None	0031fa10	0c89000000	1	0031fa10
00008918	None	002e96f8	1889000000	1	002e96f8
0000893c	None	002e5180	3c89000000	1	002e5180
00008940	None	002eb110	4089000000	1	002eb110
00008944	None	002e8f34	4489000000	1	002e8f34
0000895c	None	002ea310	5c89000000	1	002ea310
00008984	None	002e8a6c	8489000000	1	002e8a6c
00008988	None	0031d53c	8889000000	1	0031d53c
00008990	None	002e6b64	9089000000	1	002e6b64
000089a8	None	0031fa10	a889000000	1	0031fa10
000089b4	20	00625eb8	b489000000	1	00625eb8
000089b8	None	002ebe9c	b889000000	1	002ebe9c
000089c0	None	0031f5cc	c089000000	1	0031f5cc
00008a04	None	002eaac0	048a000000	1	002eaac0
00008a08	None	0031ee08	088a000000	1	0031ee08
00008a1c	None	002eb554	1c8a000000	1	002eb554
00008a48	None	0031f238	488a000000	1	0031f238
00008a50	20	00628ac8	508a000000	1	00628ac8
00008a60	None	002e8770	608a000000	1	002e8770
00008a6c	None	00320e74	6c8a000000	1	00320e74
00008a70	None	00320168	708a000000	1	00320168
00008a7c	None	002e6e60	7c8a000000	1	002e6e60
00008aac	None	002ea638	ac8a000000	1	002ea638
00008ab4	None	002e58a8	b48a000000	1	002e58a8
00008ab8	None	002e9a08	b88a000000	1	002e9a08
00008abc	None	0031e5b0	bc8a000000	1	0031e5b0
00008ac8	None	0031fa10	c88a000000	1	0031fa10
00008afc	None	0031dab0	fc8a000000	1	0031dab0
00008b10	None	002e9d44	108b000000	1	002e9d44
00008b30	None	002e5e48	308b000000	1	002e5e48
00008b3c	None	002e773c	3c8b000000	1	002e773c
00008b40	None	0031eb38	408b000000	1	0031eb38
00008b4c	20	006292c0	4c8b000000	1	006292c0
00008b50	20	0062aa30	508b000000	1	0062aa30
00008b64	None	002e628c	648b000000	1	002e628c
00008b68	None	002e5180	688b000000	1	002e5180
00008b90	None	002e8f34	908b000000	1	002e8f34
00008b98	None	002e6b64	988b000000	1	002e6b64
00008ba0	20	0062b318	a08b000000	1	0062b318
00008bac	20	0062f968	ac8b000000	1	0062f968
00008bc8	None	002e6e60	c88b000000	1	002e6e60
00008bd0	None	0031e5b0	d08b000000	1	0031e5b0
00008bdc	None	0031ee08	dc8b000000	1	0031ee08
00008bec	None	002e84a0	ec8b000000	1	002e84a0
00008bf0	None	0031eb38	f08b000000	1	0031eb38
00008bf8	None	0031e5b0	f88b000000	1	0031e5b0
00008bfc	None	0031fa10	fc8b000000	1	0031fa10
00008c04	None	0032071c	048c000000	1	0032071c
00008c24	None	002eaac0	248c000000	1	002eaac0
00008c48	None	0031e894	488c000000	1	0031e894
00008c54	None	002e58a8	548c000000	1	002e58a8
00008c60	None	002e8a6c	608c000000	1	002e8a6c
00008c64	None	006a16b8	648c000000	1	006a16b8
00008c90	None	0031e16c	908c000000	1	0031e16c
00008ca4	None	002eb7cc	a48c000000	1	002eb7cc
00008cb8	None	0031ee08	b88c000000	1	0031ee08
00008cc0	None	0031ddac	c08c000000	1	0031ddac
00008cc4	None	002ead90	c48c000000	1	002ead90
00008ce0	20	0062b7c8	e08c000000	1	0062b7c8
00008cf4	None	002e58a8	f48c000000	1	002e58a8
00008d10	20	00627a60	108d000000	1	00627a60
00008d1c	20	00628870	1c8d000000	1	00628870
00008d2c	None	00320ac8	2c8d000000	1	00320ac8
00008d4c	None	002e773c	4c8d000000	1	002e773c
00008d5c	None	002e746c	5c8d000000	1	002e746c
00008d64	None	0031dab0	648d000000	1	0031dab0
00008d78	20	0062df28	788d000000	1	0062df28
00008db4	None	002e9390	b48d000000	1	002e9390
00008dc0	None	006a16b8	c08d000000	1	006a16b8
00008dc8	None	00320ac8	c88d000000	1	00320ac8
00008dcc	20	00627880	cc8d000000	1	00627880
00008de0	None	002ead90	e08d000000	1	002ead90
00008de4	None	0031e16c	e48d000000	1	0031e16c
00008df0	None	0049989c	f08d000000	1	0049989c
00008e00	None	002e8a6c	008e000000	1	002e8a6c
00008e04	None	002e7b80	048e000000	1	002e7b80
00008e08	None	0031ddac	088e000000	1	0031ddac
00008e10	None	002e719c	108e000000	1	002e719c
00008e4c	None	002e628c	4c8e000000	1	002e628c
00008e74	20	0062daf0	748e000000	1	0062daf0
00008e78	20	0062b480	788e000000	1	0062b480
00008e80	None	002eb554	808e000000	1	002eb554
00008ea4	20	0062afd0	a48e000000	1	0062afd0
00008eb8	None	002ead90	b88e000000	1	002ead90
00008ecc	20	0062b4f8	cc8e000000	1	0062b4f8
00008ed8	None	002e9a08	d88e000000	1	002e9a08
00008ee0	None	002eb7cc	e08e000000	1	002eb7cc
00008eec	20	006302c8	ec8e000000	1	006302c8
00008ef8	None	003211f4	f88e000000	1	003211f4
00008f00	None	0031d53c	008f000000	1	0031d53c
00008f14	20	0062d028	148f000000	1	0062d028
00008f18	None	002e9d44	188f000000	1	002e9d44
00008f24	None	00320ac8	248f000000	1	00320ac8
00008f30	None	002ebe9c	308f000000	1	002ebe9c
00008f40	None	0031e5b0	408f000000	1	0031e5b0
00008f4c	None	002e561c	4c8f000000	1	002e561c
00008f74	None	0031d258	748f000000	1	0031d258
00008f80	None	002ea638	808f000000	1	002ea638
00008f84	None	002e8770	848f000000	1	002e8770
00008f88	None	0031ddac	888f000000	1	0031ddac
00008f94	None	0031cf48	948f000000	1	0031cf48
00008f98	None	002e58a8	988f000000	1	002e58a8
00008fac	None	002e628c	ac8f000000	1	002e628c
00008fc4	None	002e9390	c48f000000	1	002e9390
00008fd8	None	002e8770	d88f000000	1	002e8770
00008fdc	None	0031fde8	dc8f000000	1	0031fde8
00009000	None	002eb110	0090000000	1	002eb110
00009004	None	0031f5cc	0490000000	1	0031f5cc
00009024	20	00628c30	2490000000	1	00628c30
00009034	20	0062aee0	3490000000	1	0062aee0
00009040	None	002e8178	4090000000	1	002e8178
00009048	1	00303ec8	4890000000	3	00303ec8
00009050	None	007f21d8	5090000000	11	007f21d8
00009058	None	0031fa10	5890000000	1	0031fa10
00009064	None	002ea040	6490000000	1	002ea040
00009090	20	00624400	9090000000	1	00624400
0000909c	None	002e8a6c	9c90000000	1	002e8a6c
000090a0	None	0031d258	a090000000	1	0031d258
000090a4	20	00624dd8	a490000000	1	00624dd8
000090b4	None	0031ddac	b490000000	1	0031ddac
000090c0	None	0031cf48	c090000000	1	0031cf48
000090c4	None	0031d80c	c490000000	1	0031d80c
000090d4	None	0031e894	d490000000	1	0031e894
000090dc	20	0062b0c0	dc90000000	1	0062b0c0
000090e4	None	002ec56c	e490000000	1	002ec56c
000090e8	20	0062c6c8	e890000000	1	0062c6c8
000090ec	None	002eb110	ec90000000	1	002eb110
000090fc	None	002e66a4	fc90000000	1	002e66a4
0000911c	20	0062cb00	1c91000000	1	0062cb00
0000912c	None	0031e16c	2c91000000	1	0031e16c
00009140	20	00626f20	4091000000	1	00626f20
00009160	20	0062f5a8	6091000000	1	0062f5a8
00009174	None	002e9390	7491000000	1	002e9390
00009180	20	00630d90	8091000000	1	00630d90
00009194	None	002eb7cc	9491000000	1	002eb7cc
00009198	None	002eba58	9891000000	1	002eba58
000091ac	None	002e84a0	ac91000000	1	002e84a0
000091cc	20	0062f620	cc91000000	1	0062f620
000091dc	None	0031f5cc	dc91000000	1	0031f5cc
000091e4	None	0031eb38	e491000000	1	0031eb38
00009200	None	002eb110	0092000000	1	002eb110
00009220	20	0062ce48	2092000000	1	0062ce48
00009240	20	0062dcd0	4092000000	1	0062dcd0
00009248	None	0031fa10	4892000000	1	0031fa10
0000924c	None	00320168	4c92000000	1	00320168
00009254	None	002ea638	5492000000	1	002ea638
0000925c	20	0062f350	5c92000000	1	0062f350
00009268	None	002ead90	6892000000	1	002ead90
0000928c	None	002ec56c	8c92000000	1	002ec56c
000092cc	None	0031cf48	cc92000000	1	0031cf48
000092f0	None	00840618	f092000000	2	00840618
00009310	None	00840618	1093000000	3	00840618
0000931c	None	0031d80c	1c93000000	1	0031d80c
00009324	None	002e8f34	2493000000	1	002e8f34
00009334	None	003211f4	3493000000	1	003211f4
00009344	None	002ea638	4493000000	1	002ea638
00009348	None	002e8178	4893000000	1	002e8178
00009360	20	0062ae68	6093000000	1	0062ae68
00009374	None	002ea040	7493000000	1	002ea040
00009378	None	002eaac0	7893000000	1	002eaac0
00009390	20	0062eea0	9093000000	1	0062eea0
000093ac	None	0031d258	ac93000000	1	0031d258
000093c0	None	002ea638	c093000000	1	002ea638
000093c8	None	0031ddac	c893000000	1	0031ddac
000093d8	None	00320ac8	d893000000	1	00320ac8
000093dc	None	002ea638	dc93000000	1	002ea638
000093de	None	008d0e94	de93000000	1	008d0e94
000093e0	None	003204bc	e093000000	1	003204bc
000093f4	None	002eb7cc	f493000000	1	002eb7cc
000093fc	None	002e84a0	fc93000000	1	002e84a0
00009410	None	0031ddac	1094000000	1	0031ddac
00009438	None	003204bc	3894000000	1	003204bc
00009440	20	00623cf8	4094000000	1	00623cf8
0000944c	None	002e5180	4c94000000	1	002e5180
00009450	None	002eb110	5094000000	1	002eb110
00009480	None	0031cf48	8094000000	1	0031cf48
00009486	None	008d0dec	8694000000	1	008d0dec
000094a4	20	0062c8a8	a494000000	1	0062c8a8
000094c0	None	007f1ff4	c094000000	1	007f1ff4
000094c4	None	003211f4	c494000000	1	003211f4
000094ec	None	002ec56c	ec94000000	1	002ec56c
000094f0	16	00767eec	f094000000	1	00767eec
000094fc	None	00320e74	fc94000000	1	00320e74
00009520	20	0062fc38	2095000000	1	0062fc38
00009534	None	008d0d38	3495000000	2	008d0d38
00009540	None	002ead90	4095000000	1	002ead90
00009544	None	002eb554	4495000000	1	002eb554
00009548	None	002e7e7c	4895000000	1	002e7e7c
0000955c	None	0031f238	5c95000000	1	0031f238
00009564	None	002e746c	6495000000	1	002e746c
00009568	20	00629fe0	6895000000	1	00629fe0
00009570	20	00625288	7095000000	1	00625288
00009578	20	00623b90	7895000000	1	00623b90
00009580	None	00320168	8095000000	1	00320168
000095a0	None	0078221c	a095000000	1	0078221c
000095c0	None	0031fa10	c095000000	1	0031fa10
000095c8	None	0031fa10	c895000000	1	0031fa10
000095cc	None	002e719c	cc95000000	1	002e719c
000095d4	None	002ebe9c	d495000000	1	002ebe9c
000095e0	None	002e5180	e095000000	1	002e5180
000095ec	None	0031e894	ec95000000	1	0031e894
00009600	None	002eaac0	0096000000	1	002eaac0
00009608	None	002e8f34	0896000000	1	002e8f34
00009610	None	002e9d44	1096000000	1	002e9d44
00009614	20	00623c08	1496000000	1	00623c08
00009630	None	0031cf48	3096000000	1	0031cf48
00009638	None	0031cf48	3896000000	1	0031cf48
0000963c	20	006275b0	3c96000000	1	006275b0
00009658	None	0031f238	5896000000	1	0031f238
00009668	None	0031eb38	6896000000	1	0031eb38
00009684	None	0031fde8	8496000000	1	0031fde8
00009688	20	0062e630	8896000000	1	0062e630
00009690	None	002ebe9c	9096000000	1	002ebe9c
000096b4	None	002e8a6c	b496000000	1	002e8a6c
000096b8	None	0031d258	b896000000	1	0031d258
000096c4	20	00625b70	c496000000	1	00625b70
000096d4	20	00623664	d496000000	1	00623664
00009704	None	0031e5b0	0497000000	1	0031e5b0
00009708	None	002e5ba4	0897000000	1	002e5ba4
0000970c	None	002e84a0	0c97000000	1	002e84a0
00009714	None	002ec2e0	1497000000	1	002ec2e0
00009720	None	002e7e7c	2097000000	1	002e7e7c
0000972c	None	0032071c	2c97000000	1	0032071c
00009730	None	0031fa10	3097000000	1	0031fa10
00009738	20	0062f698	3897000000	1	0062f698
0000973c	None	002e773c	3c97000000	1	002e773c
00009758	None	0031e894	5897000000	1	0031e894
00009764	None	002eb110	6497000000	1	002eb110
00009768	None	0031e5b0	6897000000	1	0031e5b0
000097a0	None	0031cf48	a097000000	1	0031cf48
000097ac	None	0031e16c	ac97000000	1	0031e16c
000097bc	None	0031f238	bc97000000	1	0031f238
000097c4	0	007f21d8	c497000000	5	007f21d8
000097d4	0	006a16b8	d497000000	1	006a16b8
000097f0	None	002eb554	f097000000	1	002eb554
00009804	None	0031e16c	0498000000	1	0031e16c
0000980c	20	00629c20	0c98000000	1	00629c20
00009820	20	0062bc00	2098000000	1	0062bc00
00009824	None	003204bc	2498000000	1	003204bc
00009838	None	002e5180	3898000000	1	002e5180
0000983c	None	002ea310	3c98000000	1	002ea310
0000985c	None	002e746c	5c98000000	1	002e746c
00009864	None	0031f238	6498000000	1	0031f238
00009868	None	002e96f8	6898000000	1	002e96f8
00009874	None	002ea040	7498000000	1	002ea040
00009878	20	00624ec8	7898000000	1	00624ec8
00009884	20	00630688	8498000000	1	00630688
0000988c	None	002e561c	8c98000000	1	002e561c
00009894	None	002ec894	9498000000	1	002ec894
000098bc	None	002e66a4	bc98000000	1	002e66a4
000098c0	None	002ec56c	c098000000	1	002ec56c
000098d0	None	002e6b64	d098000000	1	002e6b64
000098d4	20	00627808	d498000000	1	00627808
000098dc	None	002e9390	dc98000000	1	002e9390
000098e4	None	002e719c	e498000000	1	002e719c
000098ec	None	00320ac8	ec98000000	1	00320ac8
000098f8	20	0062cc68	f898000000	1	0062cc68
000098fc	None	002ebe9c	fc98000000	1	002ebe9c
00009900	None	002eba58	0099000000	1	002eba58
0000990c	None	002e68d8	0c99000000	1	002e68d8
00009910	None	002ead90	1099000000	1	002ead90
00009914	None	0031e16c	1499000000	1	0031e16c
0000991c	None	002eb554	1c99000000	1	002eb554
00009920	None	007f21d8	2099000000	5	007f21d8
00009930	None	002e66a4	3099000000	1	002e66a4
00009934	None	002e7b80	3499000000	1	002e7b80
0000995c	None	0031f238	5c99000000	1	0031f238
00009960	20	006274c0	6099000000	1	006274c0
0000996c	20	0062ac10	6c99000000	1	0062ac10
00009974	None	006a16b8	7499000000	1	006a16b8
00009988	None	002e5ba4	8899000000	1	002e5ba4
0000999c	None	002eba58	9c99000000	1	002eba58
000099a8	None	00320168	a899000000	1	00320168
000099c0	None	002e58a8	c099000000	1	002e58a8
000099c4	None	00320ac8	c499000000	1	00320ac8
000099dc	None	002e8178	dc99000000	1	002e8178
000099e4	None	0031e16c	e499000000	1	0031e16c
00009a00	None	0031d53c	009a000000	1	0031d53c
00009a38	20	00623754	389a000000	1	00623754
00009a3c	None	002e773c	3c9a000000	1	002e773c
00009a40	None	002e84a0	409a000000	1	002e84a0
00009a50	None	003211f4	509a000000	1	003211f4
00009a64	None	0031d53c	649a000000	1	0031d53c
00009a6c	None	0031fde8	6c9a000000	1	0031fde8
00009a78	None	002e9d44	789a000000	1	002e9d44
00009a80	None	002e66a4	809a000000	1	002e66a4
00009a88	None	0031fa10	889a000000	1	0031fa10
00009aa0	20	00629d88	a09a000000	1	00629d88
00009aac	None	002e773c	ac9a000000	1	002e773c
00009ab0	None	002ebe9c	b09a000000	1	002ebe9c
00009ad8	None	002e7e7c	d89a000000	1	002e7e7c
00009adc	None	002ebe9c	dc9a000000	1	002ebe9c
00009ae4	None	0031ddac	e49a000000	1	0031ddac
00009ae8	None	0031d258	e89a000000	1	0031d258
00009aec	None	0032071c	ec9a000000	1	0032071c
00009b00	None	0031cf48	009b000000	1	0031cf48
00009b0c	None	002ea310	0c9b000000	1	002ea310
00009b10	None	002e628c	109b000000	1	002e628c
00009b24	None	002e8770	249b000000	1	002e8770
00009b48	None	002e6e60	489b000000	1	002e6e60
00009b4c	None	002e773c	4c9b000000	1	002e773c
00009b60	20	0062bc78	609b000000	1	0062bc78
00009b74	None	002e66a4	749b000000	1	002e66a4
00009b7c	None	0023dfd8	7c9b000000	1	0023dfd8
00009b8c	None	002eaac0	8c9b000000	1	002eaac0
00009bb0	20	00627358	b09b000000	1	00627358
00009bd0	None	002e8a6c	d09b000000	1	002e8a6c
00009bd4	None	0031dab0	d49b000000	1	0031dab0
00009be4	None	0031cf48	e49b000000	1	0031cf48
00009be8	None	0031d80c	e89b000000	1	0031d80c
00009c1c	None	002ea638	1c9c000000	1	002ea638
00009c34	None	002e8770	349c000000	1	002e8770
00009c38	None	002ea310	389c000000	1	002ea310
00009c48	20	00626458	489c000000	1	00626458
00009c60	None	002ec2e0	609c000000	1	002ec2e0
00009c88	None	0031ee08	889c000000	1	0031ee08
00009c98	None	002e9390	989c000000	1	002e9390
00009ca4	None	002ea638	a49c000000	1	002ea638
00009cb0	None	00320e74	b09c000000	1	00320e74
00009cd0	None	002e719c	d09c000000	1	002e719c
00009cd8	None	00320168	d89c000000	1	00320168
00009ce0	None	003211f4	e09c000000	1	003211f4
00009d14	None	002e8f34	149d000000	1	002e8f34
00009d24	None	002e8a6c	249d000000	1	002e8a6c
00009d2c	None	002e9a08	2c9d000000	1	002e9a08
00009d44	None	002e628c	449d000000	1	002e628c
00009d50	20	0062b048	509d000000	1	0062b048
00009d70	20	00629950	709d000000	1	00629950
00009d74	None	0031dab0	749d000000	1	0031dab0
00009d88	None	00320168	889d000000	1	00320168
00009d98	20	00629770	989d000000	1	00629770
00009dc4	20	0062d460	c49d000000	1	0062d460
00009dcc	None	002ea040	cc9d000000	1	002ea040
00009dd0	None	0031eb38	d09d000000	1	0031eb38
00009dd8	20	0062f1e8	d89d000000	1	0062f1e8
00009e04	None	002ec56c	049e000000	1	002ec56c
00009e20	None	003211f4	209e000000	1	003211f4
00009e2c	20	00630070	2c9e000000	1	00630070
00009e50	None	003211f4	509e000000	1	003211f4
00009e8c	None	002ea040	8c9e000000	1	002ea040
00009ea8	20	00630a48	a89e000000	1	00630a48
00009eb0	None	002ec2e0	b09e000000	1	002ec2e0
00009ebc	None	002ea638	bc9e000000	1	002ea638
00009edc	None	002eb110	dc9e000000	1	002eb110
00009ef8	None	007da538	f89e000000	1	007da538
00009f04	None	00320ac8	049f000000	1	00320ac8
00009f0c	None	0023dfd8	0c9f000000	1	0023dfd8
00009f20	20	00626f98	209f000000	1	00626f98
00009f24	None	002e9d44	249f000000	1	002e9d44
00009f40	20	006247c0	409f000000	1	006247c0
00009f48	20	0062b9a8	489f000000	1	0062b9a8
00009f54	None	0031ddac	549f000000	1	0031ddac
00009f58	None	002e7e7c	589f000000	1	002e7e7c
00009f6c	None	002e5180	6c9f000000	1	002e5180
00009f8c	None	002eb110	8c9f000000	1	002eb110
00009f9c	20	006300e8	9c9f000000	1	006300e8
00009fa4	None	002e8178	a49f000000	1	002e8178
00009fc0	None	002eaac0	c09f000000	1	002eaac0
00009fcc	None	007f21d8	cc9f000000	8	007f21d8
00009fe4	20	00630520	e49f000000	1	00630520
00009fe8	None	002e5e48	e89f000000	1	002e5e48
00009ff0	20	00624c70	f09f000000	1	00624c70
0000a014	None	002ec894	14a0000000	1	002ec894
0000a018	None	002ec56c	18a0000000	1	002ec56c
0000a028	None	002e7b80	28a0000000	1	002e7b80
0000a02c	20	0062a850	2ca0000000	1	0062a850
0000a034	None	006a16b8	34a0000000	1	006a16b8
0000a03c	None	002e8a6c	3ca0000000	1	002e8a6c
0000a040	None	0031ddac	40a0000000	1	0031ddac
0000a05c	None	002e8770	5ca0000000	1	002e8770
0000a064	None	002e5180	64a0000000	1	002e5180
0000a088	None	002eb554	88a0000000	1	002eb554
0000a09c	None	002e7e7c	9ca0000000	1	002e7e7c
0000a0b8	None	0031d258	b8a0000000	1	0031d258
0000a0dc	20	006304a8	dca0000000	1	006304a8
0000a0e0	None	002e58a8	e0a0000000	1	002e58a8
0000a0ec	20	00626980	eca0000000	1	00626980
0000a0f4	20	006276a0	f4a0000000	1	006276a0
0000a108	20	006301d8	08a1000000	1	006301d8
0000a10c	None	0023dfd8	0ca1000000	1	0023dfd8
0000a124	None	0031fa10	24a1000000	1	0031fa10
0000a130	None	002e719c	30a1000000	1	002e719c
0000a138	None	002e5180	38a1000000	1	002e5180
0000a150	None	002e8f34	50a1000000	1	002e8f34
0000a158	None	002ec2e0	58a1000000	1	002ec2e0
0000a17c	None	0031d53c	7ca1000000	1	0031d53c
0000a190	None	002ec894	90a1000000	1	002ec894
0000a198	None	0031eb38	98a1000000	1	0031eb38
0000a19c	20	0062c7b8	9ca1000000	1	0062c7b8
0000a1b0	None	002e628c	b0a1000000	1	002e628c
0000a1c0	None	002e5180	c0a1000000	1	002e5180
0000a1c8	None	002ea040	c8a1000000	1	002ea040
0000a1ec	None	002eb110	eca1000000	1	002eb110
0000a228	None	002e6e60	28a2000000	1	002e6e60
0000a238	None	0031e5b0	38a2000000	1	0031e5b0
0000a244	None	002e5180	44a2000000	1	002e5180
0000a248	None	002e5ba4	48a2000000	1	002e5ba4
0000a250	20	00623a28	50a2000000	1	00623a28
0000a26c	None	002e84a0	6ca2000000	1	002e84a0
0000a270	None	002e7e7c	70a2000000	1	002e7e7c
0000a280	None	002e773c	80a2000000	1	002e773c
0000a2a8	None	002ea638	a8a2000000	1	002ea638
0000a2ac	None	002eb110	aca2000000	1	002eb110
0000a2b0	20	0062e888	b0a2000000	1	0062e888
0000a2b4	None	002e66a4	b4a2000000	1	002e66a4
0000a2c8	20	0062a6e8	c8a2000000	1	0062a6e8
0000a2d0	None	006932c4	d0a2000000	1	006932c4
0000a2dc	None	002e96f8	dca2000000	1	002e96f8
0000a308	None	0031f238	08a3000000	1	0031f238
0000a30c	None	00855cec	0ca3000000	2	00855cec
0000a31c	None	002ebe9c	1ca3000000	1	002ebe9c
0000a328	None	006a16b8	28a3000000	1	006a16b8
0000a33c	None	0031e16c	3ca3000000	1	0031e16c
0000a354	None	0031ee08	54a3000000	1	0031ee08
0000a364	None	002ea638	64a3000000	1	002ea638
0000a368	None	003204bc	68a3000000	1	003204bc
0000a370	20	0062fe90	70a3000000	1	0062fe90
0000a37c	None	002e96f8	7ca3000000	1	002e96f8
0000a380	None	002e719c	80a3000000	1	002e719c
0000a390	20	00626638	90a3000000	1	00626638
0000a398	None	002e746c	98a3000000	1	002e746c
0000a3a4	None	0031dab0	a4a3000000	1	0031dab0
0000a3ac	None	002ea040	aca3000000	1	002ea040
0000a3c8	None	002e9390	c8a3000000	1	002e9390
0000a3d4	None	002e7b80	d4a3000000	1	002e7b80
0000a3e4	None	002e5e48	e4a3000000	1	002e5e48
0000a3ec	None	002ec56c	eca3000000	1	002ec56c
0000a400	None	002e96f8	00a4000000	1	002e96f8
0000a404	None	00320e74	04a4000000	1	00320e74
0000a40c	None	0031f5cc	0ca4000000	1	0031f5cc
0000a410	None	002e719c	10a4000000	1	002e719c
0000a414	None	002eba58	14a4000000	1	002eba58
0000a418	None	002ebe9c	18a4000000	1	002ebe9c
0000a438	20	0062dd48	38a4000000	1	0062dd48
0000a444	20	0062f260	44a4000000	1	0062f260
0000a448	None	0031e16c	48a4000000	1	0031e16c
0000a44c	None	002e66a4	4ca4000000	1	002e66a4
0000a45c	None	0031ddac	5ca4000000	1	0031ddac
0000a46c	20	006240b8	6ca4000000	1	006240b8
0000a478	20	006297e8	78a4000000	1	006297e8
0000a498	None	002e5ba4	98a4000000	1	002e5ba4
0000a49c	None	002e628c	9ca4000000	1	002e628c
0000a4a4	None	00498fb6	a4a4000000	2	00498fb6
0000a4ac	None	002e58a8	aca4000000	1	002e58a8
0000a4c4	20	0062a8c8	c4a4000000	1	0062a8c8
0000a4c8	None	002e7e7c	c8a4000000	1	002e7e7c
0000a4d0	20	0062f080	d0a4000000	1	0062f080
0000a4d4	None	0031fde8	d4a4000000	1	0031fde8
0000a4e4	None	002e8f34	e4a4000000	1	002e8f34
0000a4e8	20	00627f10	e8a4000000	1	00627f10
0000a4f0	None	0031ee08	f0a4000000	1	0031ee08
0000a4f4	None	002ea040	f4a4000000	1	002ea040
0000a50c	None	0031ee08	0ca5000000	1	0031ee08
0000a514	1	00696054	14a5000000	1	00696054
0000a51c	None	002e773c	1ca5000000	1	002e773c
0000a520	None	002e561c	20a5000000	1	002e561c
0000a530	None	003204bc	30a5000000	1	003204bc
0000a534	None	002ead90	34a5000000	1	002ead90
0000a548	None	002e9d44	48a5000000	1	002e9d44
0000a55c	None	0031fa10	5ca5000000	1	0031fa10
0000a594	None	002e8a6c	94a5000000	1	002e8a6c
0000a598	None	002ebe9c	98a5000000	1	002ebe9c
0000a5a0	None	002ea310	a0a5000000	1	002ea310
0000a5b0	20	00629518	b0a5000000	1	00629518
0000a5b8	None	0031ee08	b8a5000000	1	0031ee08
0000a5bc	None	002e5180	bca5000000	1	002e5180
0000a5e0	None	002ea310	e0a5000000	1	002ea310
0000a604	None	006cc894	04a6000000	1	006cc894
0000a608	20	00625a08	08a6000000	1	00625a08
0000a634	None	0031e16c	34a6000000	1	0031e16c
0000a640	None	002e8178	40a6000000	1	002e8178
0000a660	None	00320168	60a6000000	1	00320168
0000a664	None	0032071c	64a6000000	1	0032071c
0000a684	None	0031d53c	84a6000000	1	0031d53c
0000a68c	None	0031fde8	8ca6000000	1	0031fde8
0000a6d0	20	006291d0	d0a6000000	1	006291d0
0000a6e8	None	002e58a8	e8a6000000	1	002e58a8
0000a6f0	None	002e5e48	f0a6000000	1	002e5e48
0000a6f8	None	002e773c	f8a6000000	1	002e773c
0000a718	None	002e628c	18a7000000	1	002e628c
0000a720	20	00630ac0	20a7000000	1	00630ac0
0000a724	20	0062bed0	24a7000000	1	0062bed0
0000a728	None	002e8f34	28a7000000	1	002e8f34
0000a72c	20	00624b80	2ca7000000	1	00624b80
0000a734	None	0031d258	34a7000000	1	0031d258
0000a768	None	002e9390	68a7000000	1	002e9390
0000a76c	None	002e628c	6ca7000000	1	002e628c
0000a774	20	00630d18	74a7000000	1	00630d18
0000a784	None	00320e74	84a7000000	1	00320e74
0000a790	None	003211f4	90a7000000	1	003211f4
0000a7a4	None	002e719c	a4a7000000	1	002e719c
0000a7a8	20	0062a3a0	a8a7000000	1	0062a3a0
0000a7ac	None	002e84a0	aca7000000	1	002e84a0
0000a7b4	None	0031f5cc	b4a7000000	1	0031f5cc
0000a7bc	20	00624fb8	bca7000000	1	00624fb8
0000a7dc	None	002e8a6c	dca7000000	1	002e8a6c
0000a7fc	None	0032071c	fca7000000	1	0032071c
0000a810	20	0062deb0	10a8000000	1	0062deb0
0000a828	None	002ead90	28a8000000	1	002ead90
0000a838	None	002e8178	38a8000000	1	002e8178
0000a844	None	002ebe9c	44a8000000	1	002ebe9c
0000a854	None	002eb554	54a8000000	1	002eb554
0000a888	20	0062ed38	88a8000000	1	0062ed38
0000a8a0	None	00320ac8	a0a8000000	1	00320ac8
0000a8a8	20	00626908	a8a8000000	1	00626908
0000a8b0	None	002eb7cc	b0a8000000	1	002eb7cc
0000a8bc	20	00629338	bca8000000	1	00629338
0000a8d0	None	002ec56c	d0a8000000	1	002ec56c
0000a8dc	20	006298d8	dca8000000	1	006298d8
0000a8e8	20	006254e0	e8a8000000	1	006254e0
0000a8ec	None	002e561c	eca8000000	1	002e561c
0000a8f4	None	0031dab0	f4a8000000	1	0031dab0
0000a8fc	20	00628258	fca8000000	1	00628258
0000a910	None	0031f5cc	10a9000000	1	0031f5cc
0000a920	None	0031ee08	20a9000000	1	0031ee08
0000a924	None	002e8178	24a9000000	1	002e8178
0000a934	None	002e66a4	34a9000000	1	002e66a4
0000a938	None	002eb110	38a9000000	1	002eb110
0000a940	None	00320e74	40a9000000	1	00320e74
0000a978	20	0062e5b8	78a9000000	1	0062e5b8
0000a980	20	00627da8	80a9000000	1	00627da8
0000a988	None	002ea638	88a9000000	1	002ea638
0000a98c	20	00624e50	8ca9000000	1	00624e50
0000a99c	None	002ea638	9ca9000000	1	002ea638
0000a9a4	None	0031ee08	a4a9000000	1	0031ee08
0000a9b4	None	0031cf48	b4a9000000	1	0031cf48
0000a9b8	None	0032071c	b8a9000000	1	0032071c
0000a9c8	None	002e628c	c8a9000000	1	002e628c
0000a9d4	None	0031f238	d4a9000000	1	0031f238
0000a9e0	None	00320e74	e0a9000000	1	00320e74
0000a9e8	None	002eb7cc	e8a9000000	1	002eb7cc
0000a9f0	None	002e628c	f0a9000000	1	002e628c
0000a9f8	None	00320168	f8a9000000	1	00320168
0000aa14	None	002eba58	14aa000000	1	002eba58
0000aa20	None	0032071c	20aa000000	1	0032071c
0000aa40	20	00625648	40aa000000	1	00625648
0000aa44	None	002ec2e0	44aa000000	1	002ec2e0
0000aa48	None	002e8178	48aa000000	1	002e8178
0000aa58	None	002eaac0	58aa000000	1	002eaac0
0000aa68	None	002e9a08	68aa000000	1	002e9a08
0000aa8c	None	0031fde8	8caa000000	1	0031fde8
0000aa90	None	002e5e48	90aa000000	1	002e5e48
0000aa9c	None	0031f5cc	9caa000000	1	0031f5cc
0000aaa8	None	0023dfd8	a8aa000000	1	0023dfd8
0000aab4	None	002e6e60	b4aa000000	1	002e6e60
0000aad4	20	0062a2b0	d4aa000000	1	0062a2b0
0000ab30	None	002e5180	30ab000000	1	002e5180
0000ab3c	None	002eba58	3cab000000	1	002eba58
0000ab48	None	002ead90	48ab000000	1	002ead90
0000ab50	None	0031f238	50ab000000	1	0031f238
0000ab58	None	0031d258	58ab000000	1	0031d258
0000ab64	None	002eb554	64ab000000	1	002eb554
0000ab74	None	002e8770	74ab000000	1	002e8770
0000ab80	None	002e7e7c	80ab000000	1	002e7e7c
0000ab84	None	002ebe9c	84ab000000	1	002ebe9c
0000ab88	None	0031fde8	88ab000000	1	0031fde8
0000ab98	20	0062d280	98ab000000	1	0062d280
0000abb0	20	00627b50	b0ab000000	1	00627b50
0000abb4	None	002eb110	b4ab000000	1	002eb110
0000abbc	20	00627268	bcab000000	1	00627268
0000abc8	20	006282d0	c8ab000000	1	006282d0
0000abd4	None	0031fa10	d4ab000000	1	0031fa10
0000abdc	None	002e6b64	dcab000000	1	002e6b64
0000ac00	None	002e561c	00ac000000	1	002e561c
0000ac08	None	002e8f34	08ac000000	1	002e8f34
0000ac10	None	002e9d44	10ac000000	1	002e9d44
0000ac2c	None	0031ddac	2cac000000	1	0031ddac
0000ac38	None	002e68d8	38ac000000	1	002e68d8
0000ac40	None	002e9390	40ac000000	1	002e9390
0000ac44	None	002eb110	44ac000000	1	002eb110
0000ac50	None	002e628c	50ac000000	1	002e628c
0000ac60	None	005dcc4c	60ac000000	1	005dcc4c
0000ac74	None	002ebe9c	74ac000000	1	002ebe9c
0000ac80	None	0031d53c	80ac000000	1	0031d53c
0000ac8c	None	0031d258	8cac000000	1	0031d258
0000ac98	20	00629680	98ac000000	1	00629680
0000aca4	None	0031ee08	a4ac000000	1	0031ee08
0000acb0	20	0062e9f0	b0ac000000	1	0062e9f0
0000acd0	None	002e5ba4	d0ac000000	1	002e5ba4
0000ace0	None	005d9074	e0ac000000	1	005d9074
0000ace4	None	00320e74	e4ac000000	1	00320e74
0000ace8	None	002e58a8	e8ac000000	1	002e58a8
0000acec	None	002e7e7c	ecac000000	1	002e7e7c
0000acf4	None	002eaac0	f4ac000000	1	002eaac0
0000acfc	None	002e773c	fcac000000	1	002e773c
0000ad18	None	0031e16c	18ad000000	1	0031e16c
0000ad4c	20	00628618	4cad000000	1	00628618
0000ad54	20	006308e0	54ad000000	1	006308e0
0000ad5c	None	0031ddac	5cad000000	1	0031ddac
0000ad74	None	002e5e48	74ad000000	1	002e5e48
0000ad84	20	0062bde0	84ad000000	1	0062bde0
0000ad94	None	002ec894	94ad000000	1	002ec894
0000ada4	None	002e6e60	a4ad000000	1	002e6e60
0000adb0	None	002ebe9c	b0ad000000	1	002ebe9c
0000adb4	None	002eb554	b4ad000000	1	002eb554
0000adc4	20	00624388	c4ad000000	1	00624388
0000adc8	20	00628e10	c8ad000000	1	00628e10
0000add8	20	0062da00	d8ad000000	1	0062da00
0000adf4	None	002e7b80	f4ad000000	1	002e7b80
0000ae0c	None	002e96f8	0cae000000	1	002e96f8
0000ae58	None	002e68d8	58ae000000	1	002e68d8
0000ae60	None	002e7e7c	60ae000000	1	002e7e7c
0000ae84	None	002e5e48	84ae000000	1	002e5e48
0000ae90	None	002e7b80	90ae000000	1	002e7b80
0000aea8	None	002e9390	a8ae000000	1	002e9390
0000aeb0	None	002e5ba4	b0ae000000	1	002e5ba4
0000aeb8	None	002eba58	b8ae000000	1	002eba58
0000aec0	None	002e8a6c	c0ae000000	1	002e8a6c
0000aec4	None	002ebe9c	c4ae000000	1	002ebe9c
0000aecc	None	002ec2e0	ccae000000	1	002ec2e0
0000aefc	20	00626c50	fcae000000	1	00626c50
0000af00	None	002ec56c	00af000000	1	002ec56c
0000af08	20	0062aaa8	08af000000	1	0062aaa8
0000af1c	None	002e746c	1caf000000	1	002e746c
0000af34	None	0023dfd8	34af000000	1	0023dfd8
0000af74	None	002e5180	74af000000	1	002e5180
0000af78	None	006a16b8	78af000000	1	006a16b8
0000af88	None	002e96f8	88af000000	1	002e96f8
0000afb4	None	002e561c	b4af000000	1	002e561c
0000afb8	None	002e773c	b8af000000	1	002e773c
0000afd8	None	002eba58	d8af000000	1	002eba58
0000afe0	None	002e9d44	e0af000000	1	002e9d44
0000aff0	None	002e8178	f0af000000	1	002e8178
0000aff4	None	003211f4	f4af000000	1	003211f4
0000b00c	None	002e561c	0cb0000000	1	002e561c
0000b038	None	002e7b80	38b0000000	1	002e7b80
0000b044	20	0062a490	44b0000000	1	0062a490
0000b04c	None	002ebe9c	4cb0000000	1	002ebe9c
0000b050	None	00320ac8	50b0000000	1	00320ac8
0000b05c	None	0031ee08	5cb0000000	1	0031ee08
0000b060	None	002e5180	60b0000000	1	002e5180
0000b074	20	00630ef8	74b0000000	1	00630ef8
0000b07c	None	002ead90	7cb0000000	1	002ead90
0000b094	20	00624838	94b0000000	1	00624838
0000b0a0	None	002e746c	a0b0000000	1	002e746c
0000b0a4	None	0031f238	a4b0000000	1	0031f238
0000b0c0	None	002e8770	c0b0000000	1	002e8770
0000b0cc	None	00320168	ccb0000000	1	00320168
0000b0d0	None	00320e74	d0b0000000	1	00320e74
0000b0e8	None	002e773c	e8b0000000	1	002e773c
0000b0f0	None	002e58a8	f0b0000000	1	002e58a8
0000b104	None	002e8178	04b1000000	1	002e8178
0000b108	None	0023dfd8	08b1000000	1	0023dfd8
0000b10c	None	002eba58	0cb1000000	1	002eba58
0000b120	None	0031e894	20b1000000	1	0031e894
0000b124	None	0032071c	24b1000000	1	0032071c
0000b12c	20	00623ed8	2cb1000000	1	00623ed8
0000b134	None	0031e16c	34b1000000	1	0031e16c
0000b140	20	00627010	40b1000000	1	00627010
0000b144	20	0062a7d8	44b1000000	1	0062a7d8
0000b158	None	0031d53c	58b1000000	1	0031d53c
0000b160	None	002eaac0	60b1000000	1	002eaac0
0000b180	None	002e8a6c	80b1000000	1	002e8a6c
0000b188	None	002e9a08	88b1000000	1	002e9a08
0000b18c	None	0031cf48	8cb1000000	1	0031cf48
0000b190	None	0031d80c	90b1000000	1	0031d80c
0000b1ac	None	002e58a8	acb1000000	1	002e58a8
0000b1b8	None	0031f238	b8b1000000	1	0031f238
0000b1bc	None	002e5e48	bcb1000000	1	002e5e48
0000b1c8	20	00626bd8	c8b1000000	1	00626bd8
0000b1d0	None	002e773c	d0b1000000	1	002e773c
0000b1d8	None	002e5ba4	d8b1000000	1	002e5ba4
0000b1e0	None	002e719c	e0b1000000	1	002e719c
0000b1ec	20	00625990	ecb1000000	1	00625990
0000b1f4	None	002e96f8	f4b1000000	1	002e96f8
0000b200	None	002e9390	00b2000000	1	002e9390
0000b208	None	002e746c	08b2000000	1	002e746c
0000b218	20	00625918	18b2000000	1	00625918
0000b22c	None	002ea638	2cb2000000	1	002ea638
0000b260	None	00320ac8	60b2000000	1	00320ac8
0000b264	None	00320e74	64b2000000	1	00320e74
0000b274	20	00627448	74b2000000	1	00627448
0000b278	None	003211f4	78b2000000	1	003211f4
0000b280	None	0031e5b0	80b2000000	1	0031e5b0
0000b290	None	002e719c	90b2000000	1	002e719c
0000b2a0	None	002e96f8	a0b2000000	1	002e96f8
0000b2a4	None	0031f5cc	a4b2000000	1	0031f5cc
0000b2c0	20	006246d0	c0b2000000	1	006246d0
0000b2cc	None	002e8a6c	ccb2000000	1	002e8a6c
0000b310	None	00320ac8	10b3000000	1	00320ac8
0000b324	None	002eb7cc	24b3000000	1	002eb7cc
0000b330	20	0062d6b8	30b3000000	1	0062d6b8
0000b334	None	002e9d44	34b3000000	1	002e9d44
0000b364	20	006265c0	64b3000000	1	006265c0
0000b374	None	0031d53c	74b3000000	1	0031d53c
0000b384	None	00320ac8	84b3000000	1	00320ac8
0000b388	None	0031ddac	88b3000000	1	0031ddac
0000b394	None	002ea310	94b3000000	1	002ea310
0000b398	None	002e5180	98b3000000	1	002e5180
0000b3a4	None	002ead90	a4b3000000	1	002ead90
0000b3a8	None	002ec56c	a8b3000000	1	002ec56c
0000b3d0	20	00629f68	d0b3000000	1	00629f68
0000b3dc	None	0031f5cc	dcb3000000	1	0031f5cc
0000b3f0	None	006a16b8	f0b3000000	1	006a16b8
0000b3f8	None	002e8178	f8b3000000	1	002e8178
0000b420	None	002ea040	20b4000000	1	002ea040
0000b430	None	00320e74	30b4000000	1	00320e74
0000b448	None	00840618	48b4000000	4	00840618
0000b464	None	002e8f34	64b4000000	1	002e8f34
0000b46e	None	008cedf4	6eb4000000	1	008cedf4
0000b470	None	002e7b80	70b4000000	1	002e7b80
0000b474	None	002ea638	74b4000000	1	002ea638
0000b490	None	002e628c	90b4000000	1	002e628c
0000b4a0	None	002eb7cc	a0b4000000	1	002eb7cc
0000b4b4	None	002e628c	b4b4000000	1	002e628c
0000b4bc	None	002eba58	bcb4000000	1	002eba58
0000b4c0	None	002eb554	c0b4000000	1	002eb554
0000b4c8	None	0032071c	c8b4000000	1	0032071c
0000b4cc	None	0031ddac	ccb4000000	1	0031ddac
0000b4d0	20	0062e450	d0b4000000	1	0062e450
0000b4e4	None	0031ee08	e4b4000000	1	0031ee08
0000b514	None	002eaac0	14b5000000	1	002eaac0
0000b528	None	002e9a08	28b5000000	1	002e9a08
0000b52c	None	002ec56c	2cb5000000	1	002ec56c
0000b554	None	00320168	54b5000000	1	00320168
0000b560	None	0031f5cc	60b5000000	1	0031f5cc
0000b574	None	002eba58	74b5000000	1	002eba58
0000b57c	None	00320ac8	7cb5000000	1	00320ac8
0000b588	None	002e6e60	88b5000000	1	002e6e60
0000b5a0	None	0031e5b0	a0b5000000	1	0031e5b0
0000b5a8	None	0031fa10	a8b5000000	1	0031fa10
0000b5b8	None	0031d258	b8b5000000	1	0031d258
0000b5d0	None	002e5180	d0b5000000	1	002e5180
0000b5e8	20	00625cd8	e8b5000000	1	00625cd8
0000b5ec	None	002e7e7c	ecb5000000	1	002e7e7c
0000b5f0	None	0031fde8	f0b5000000	1	0031fde8
0000b5f8	None	006a16b8	f8b5000000	1	006a16b8
0000b604	None	002eb554	04b6000000	1	002eb554
0000b62c	None	0031fde8	2cb6000000	1	0031fde8
0000b658	None	002eb110	58b6000000	1	002eb110
0000b65c	None	002e8a6c	5cb6000000	1	002e8a6c
0000b664	None	002e6b64	64b6000000	1	002e6b64
0000b67c	None	0031fa10	7cb6000000	1	0031fa10
0000b698	20	00624040	98b6000000	1	00624040
0000b6a0	None	002e561c	a0b6000000	1	002e561c
0000b6bc	20	00627f88	bcb6000000	1	00627f88
0000b6c0	None	003211f4	c0b6000000	1	003211f4
0000b6c4	20	00629248	c4b6000000	1	00629248
0000b6c8	None	0031d258	c8b6000000	1	0031d258
0000b6d4	None	002e68d8	d4b6000000	1	002e68d8
0000b6f4	None	002e746c	f4b6000000	1	002e746c
0000b714	None	002eb110	14b7000000	1	002eb110
0000b71c	None	002e628c	1cb7000000	1	002e628c
0000b734	None	002ebe9c	34b7000000	1	002ebe9c
0000b7a8	None	002e5e48	a8b7000000	1	002e5e48
0000b7ac	20	00626b60	acb7000000	1	00626b60
0000b7b0	None	002eb7cc	b0b7000000	1	002eb7cc
0000b7d8	None	00320ac8	d8b7000000	1	00320ac8
0000b7ec	None	0031eb38	ecb7000000	1	0031eb38
0000b7f0	20	00630b38	f0b7000000	1	00630b38
0000b7f8	20	0062a9b8	f8b7000000	1	0062a9b8
0000b804	None	002eb110	04b8000000	1	002eb110
0000b80c	None	002e8770	0cb8000000	1	002e8770
0000b810	None	002e719c	10b8000000	1	002e719c
0000b820	None	005de52c	20b8000000	1	005de52c
0000b830	None	0031d80c	30b8000000	1	0031d80c
0000b840	None	00425020	40b8000000	1	00425020
0000b860	None	002e5e48	60b8000000	1	002e5e48
0000b868	20	00624478	68b8000000	1	00624478
0000b87c	None	002e6e60	7cb8000000	1	002e6e60
0000b890	20	00628f78	90b8000000	1	00628f78
0000b894	None	002e6b64	94b8000000	1	002e6b64
0000b898	20	006288e8	98b8000000	1	006288e8
0000b8a4	None	002ec56c	a4b8000000	1	002ec56c
0000b8dc	None	002e7b80	dcb8000000	1	002e7b80
0000b8e0	None	0031d80c	e0b8000000	1	0031d80c
0000b8e8	None	0031ddac	e8b8000000	1	0031ddac
0000b8fc	None	002e96f8	fcb8000000	1	002e96f8
0000b914	None	003211f4	14b9000000	1	003211f4
0000b924	None	002e628c	24b9000000	1	002e628c
0000b928	20	0062c290	28b9000000	1	0062c290
0000b94c	None	002e8f34	4cb9000000	1	002e8f34
0000b950	20	00628ca8	50b9000000	1	00628ca8
0000b960	20	0062bcf0	60b9000000	1	0062bcf0
0000b964	None	002e9390	64b9000000	1	002e9390
0000b968	None	002e96f8	68b9000000	1	002e96f8
0000b984	None	0031ee08	84b9000000	1	0031ee08
0000b988	None	002e5e48	88b9000000	1	002e5e48
0000b998	None	002e7b80	98b9000000	1	002e7b80
0000b99c	None	002e8178	9cb9000000	1	002e8178
0000b9ac	None	002e96f8	acb9000000	1	002e96f8
0000b9b4	None	002eba58	b4b9000000	1	002eba58
0000b9c0	None	002e5180	c0b9000000	1	002e5180
0000b9fc	None	0031cf48	fcb9000000	1	0031cf48
0000ba10	None	003204bc	10ba000000	1	003204bc
0000ba14	None	002e628c	14ba000000	1	002e628c
0000ba2c	None	002e84a0	2cba000000	1	002e84a0
0000ba48	None	002e58a8	48ba000000	1	002e58a8
0000ba4c	None	0031fde8	4cba000000	1	0031fde8
0000ba64	20	0062e108	64ba000000	1	0062e108
0000ba90	None	002e8770	90ba000000	1	002e8770
0000baac	None	002e773c	acba000000	1	002e773c
0000bac8	None	002e6e60	c8ba000000	1	002e6e60
0000bad0	None	002eba58	d0ba000000	1	002eba58
0000badc	None	0031dab0	dcba000000	1	0031dab0
0000bae0	None	0031f5cc	e0ba000000	1	0031f5cc
0000baf0	None	0031fa10	f0ba000000	1	0031fa10
0000bb10	None	0031f5cc	10bb000000	1	0031f5cc
0000bb30	None	0031d53c	30bb000000	1	0031d53c
0000bb38	None	0031eb38	38bb000000	1	0031eb38
0000bb54	None	002e9a08	54bb000000	1	002e9a08
0000bb70	None	0031dab0	70bb000000	1	0031dab0
0000bb74	None	0031f238	74bb000000	1	0031f238
0000bb98	None	00840618	98bb000000	4	00840618
0000bb9c	None	00320168	9cbb000000	1	00320168
0000bba8	None	002e7e7c	a8bb000000	1	002e7e7c
0000bbac	None	006a16b8	acbb000000	1	006a16b8
0000bbc0	None	002eb554	c0bb000000	1	002eb554
0000bbd0	None	0031d80c	d0bb000000	1	0031d80c
0000bbf8	None	002eba58	f8bb000000	1	002eba58
0000bc08	None	002e5ba4	08bc000000	1	002e5ba4
0000bc14	None	002e9a08	14bc000000	1	002e9a08
0000bc2c	None	0031e16c	2cbc000000	1	0031e16c
0000bc4c	None	002e8f34	4cbc000000	1	002e8f34
0000bc50	None	0031dab0	50bc000000	1	0031dab0
0000bc54	20	0062b390	54bc000000	1	0062b390
0000bc64	None	0031d80c	64bc000000	1	0031d80c
0000bc94	None	002e68d8	94bc000000	1	002e68d8
0000bca4	None	002e628c	a4bc000000	1	002e628c
0000bcb4	None	002ea040	b4bc000000	1	002ea040
0000bcb8	None	0031ee08	b8bc000000	1	0031ee08
0000bcbc	20	0062e2e8	bcbc000000	1	0062e2e8
0000bcc8	None	002eb110	c8bc000000	1	002eb110
0000bcdc	None	00840618	dcbc000000	4	00840618
0000bce4	None	002ea638	e4bc000000	1	002ea638
0000bcec	20	0062bd68	ecbc000000	1	0062bd68
0000bd0c	None	002e5ba4	0cbd000000	1	002e5ba4
0000bd10	None	00320ac8	10bd000000	1	00320ac8
0000bd30	None	0031e5b0	30bd000000	1	0031e5b0
0000bd38	None	002e84a0	38bd000000	1	002e84a0
0000bd3c	None	002e7e7c	3cbd000000	1	002e7e7c
0000bd40	None	002e6b64	40bd000000	1	002e6b64
0000bd50	None	0031fa10	50bd000000	1	0031fa10
0000bd68	None	0031e894	68bd000000	1	0031e894
0000bd80	None	002e58a8	80bd000000	1	002e58a8
0000bdbc	None	002e9a08	bcbd000000	1	002e9a08
0000bdc0	None	0031f238	c0bd000000	1	0031f238
0000bdc4	None	0031ddac	c4bd000000	1	0031ddac
0000bdc8	None	002e9d44	c8bd000000	1	002e9d44
0000bdd0	None	002e8a6c	d0bd000000	1	002e8a6c
0000bdd8	None	003204bc	d8bd000000	1	003204bc
0000bdf4	None	0031f238	f4bd000000	1	0031f238
0000bdfc	1	00303ec8	fcbd000000	3	00303ec8
0000be08	None	0031d53c	08be000000	1	0031d53c
0000be0c	None	002e8a6c	0cbe000000	1	002e8a6c
0000be1c	None	002e8770	1cbe000000	1	002e8770
0000be24	None	002e6b64	24be000000	1	002e6b64
0000be34	None	003204bc	34be000000	1	003204bc
0000be40	None	0032071c	40be000000	1	0032071c
0000be50	None	002e773c	50be000000	1	002e773c
0000be6c	None	002e5ba4	6cbe000000	1	002e5ba4
0000be70	None	0031dab0	70be000000	1	0031dab0
0000be78	None	002ea040	78be000000	1	002ea040
0000be94	None	0031f5cc	94be000000	1	0031f5cc
0000bea0	None	002e561c	a0be000000	1	002e561c
0000beb4	None	002e5ba4	b4be000000	1	002e5ba4
0000bebc	None	002e5e48	bcbe000000	1	002e5e48
0000bed8	None	00320ac8	d8be000000	1	00320ac8
0000bedc	20	0062e090	dcbe000000	1	0062e090
0000bef8	None	002e68d8	f8be000000	1	002e68d8
0000bf20	None	002e8a6c	20bf000000	1	002e8a6c
0000bf24	None	002e7b80	24bf000000	1	002e7b80
0000bf28	None	002e9d44	28bf000000	1	002e9d44
0000bf2c	None	0031eb38	2cbf000000	1	0031eb38
0000bf30	None	002e746c	30bf000000	1	002e746c
0000bf34	20	0062f170	34bf000000	1	0062f170
0000bf3c	None	0032071c	3cbf000000	1	0032071c
0000bf4c	None	007f21d8	4cbf000000	10	007f21d8
0000bf60	None	0031eb38	60bf000000	1	0031eb38
0000bf80	None	00320168	80bf000000	1	00320168
0000bf94	20	0062a058	94bf000000	1	0062a058
0000bf98	None	0023dfd8	98bf000000	1	0023dfd8
0000bf9c	20	00624220	9cbf000000	1	00624220
0000bfa8	None	002e58a8	a8bf000000	1	002e58a8
0000bfb0	None	002ec2e0	b0bf000000	1	002ec2e0
0000bfc0	None	0023dfd8	c0bf000000	1	0023dfd8
0000bfc8	None	002ea040	c8bf000000	1	002ea040
0000bff8	None	0031e16c	f8bf000000	1	0031e16c
0000c01c	None	0031eb38	1cc0000000	1	0031eb38
0000c028	20	00630430	28c0000000	1	00630430
0000c030	20	00630fe8	30c0000000	1	00630fe8
0000c064	None	002e561c	64c0000000	1	002e561c
0000c090	None	002ea638	90c0000000	1	002ea638
0000c098	20	0062d0a0	98c0000000	1	0062d0a0
0000c0a8	20	006249a0	a8c0000000	1	006249a0
0000c0ac	None	002ea310	acc0000000	1	002ea310
0000c0b0	None	002e5180	b0c0000000	1	002e5180
0000c0e4	None	002ec894	e4c0000000	1	002ec894
0000c0f0	None	002e9390	f0c0000000	1	002e9390
0000c0fc	None	0031fde8	fcc0000000	1	0031fde8
0000c100	None	0031e894	00c1000000	1	0031e894
0000c10c	None	00320168	0cc1000000	1	00320168
0000c110	None	002eb110	10c1000000	1	002eb110
0000c114	None	002e773c	14c1000000	1	002e773c
0000c120	None	002e773c	20c1000000	1	002e773c
0000c124	None	002eb110	24c1000000	1	002eb110
0000c128	20	0062d3e8	28c1000000	1	0062d3e8
0000c158	20	006269f8	58c1000000	1	006269f8
0000c15c	None	002e6b64	5cc1000000	1	002e6b64
0000c160	20	00625e40	60c1000000	1	00625e40
0000c164	None	0032071c	64c1000000	1	0032071c
0000c190	None	002eba58	90c1000000	1	002eba58
0000c1ac	None	002e8a6c	acc1000000	1	002e8a6c
0000c1b4	None	003204bc	b4c1000000	1	003204bc
0000c1e4	20	0062e180	e4c1000000	1	0062e180
0000c1f8	None	002e746c	f8c1000000	1	002e746c
0000c200	None	0031e894	00c2000000	1	0031e894
0000c214	None	0031f5cc	14c2000000	1	0031f5cc
0000c21c	None	002e5e48	1cc2000000	1	002e5e48
0000c220	None	0031fa10	20c2000000	1	0031fa10
0000c248	None	002e8f34	48c2000000	1	002e8f34
0000c254	None	002ebe9c	54c2000000	1	002ebe9c
0000c278	20	0062f788	78c2000000	1	0062f788
0000c284	20	00626728	84c2000000	1	00626728
0000c29c	None	003211f4	9cc2000000	1	003211f4
0000c2b8	20	0062b750	b8c2000000	1	0062b750
0000c2d4	None	002eba58	d4c2000000	1	002eba58
0000c2f0	None	0031eb38	f0c2000000	1	0031eb38
0000c300	None	002eb554	00c3000000	1	002eb554
0000c30c	None	002e719c	0cc3000000	1	002e719c
0000c310	None	002eb110	10c3000000	1	002eb110
0000c324	None	002e8a6c	24c3000000	1	002e8a6c
0000c328	None	002e96f8	28c3000000	1	002e96f8
0000c330	None	002e628c	30c3000000	1	002e628c
0000c340	None	002e5e48	40c3000000	1	002e5e48
0000c34c	None	002e9a08	4cc3000000	1	002e9a08
0000c350	None	002e8178	50c3000000	1	002e8178
0000c35c	20	00627538	5cc3000000	1	00627538
0000c360	None	002ea638	60c3000000	1	002ea638
0000c364	None	00320168	64c3000000	1	00320168
0000c36c	None	002e6e60	6cc3000000	1	002e6e60
0000c370	20	0062c1a0	70c3000000	1	0062c1a0
0000c384	None	002ec56c	84c3000000	1	002ec56c
0000c390	None	0031f238	90c3000000	1	0031f238
0000c3c4	None	0031cf48	c4c3000000	1	0031cf48
0000c408	None	002e628c	08c4000000	1	002e628c
0000c428	None	002e8f34	28c4000000	1	002e8f34
0000c430	None	002e96f8	30c4000000	1	002e96f8
0000c438	None	002e9390	38c4000000	1	002e9390
0000c454	None	0031dab0	54c4000000	1	0031dab0
0000c458	20	0062cbf0	58c4000000	1	0062cbf0
0000c45c	None	0031ee08	5cc4000000	1	0031ee08
0000c464	None	002e7b80	64c4000000	1	002e7b80
0000c468	None	002e5e48	68c4000000	1	002e5e48
0000c49c	None	002ec2e0	9cc4000000	1	002ec2e0
0000c4bc	None	0031d258	bcc4000000	1	0031d258
0000c4c4	20	0062d208	c4c4000000	1	0062d208
0000c4f4	None	00320ac8	f4c4000000	1	00320ac8
0000c4fc	None	003204bc	fcc4000000	1	003204bc
0000c500	None	002ea638	00c5000000	1	002ea638
0000c504	20	006250a8	04c5000000	1	006250a8
0000c514	None	002e84a0	14c5000000	1	002e84a0
0000c51c	None	0031fa10	1cc5000000	1	0031fa10
0000c524	None	0031ddac	24c5000000	1	0031ddac
0000c52c	None	002ea040	2cc5000000	1	002ea040
0000c53c	None	002e5180	3cc5000000	1	002e5180
0000c55c	None	0031e894	5cc5000000	1	0031e894
0000c564	None	002e5180	64c5000000	1	002e5180
0000c568	None	002e8f34	68c5000000	1	002e8f34
0000c5a0	None	002e6e60	a0c5000000	1	002e6e60
0000c5a8	None	0031dab0	a8c5000000	1	0031dab0
0000c5b8	None	0023dfd8	b8c5000000	1	0023dfd8
0000c5e0	None	0031f5cc	e0c5000000	1	0031f5cc
0000c5e4	None	0031fa10	e4c5000000	1	0031fa10
0000c5e8	None	002ec894	e8c5000000	1	002ec894
0000c5ec	None	002ec56c	ecc5000000	1	002ec56c
0000c618	None	0031eb38	18c6000000	1	0031eb38
0000c630	20	006271f0	30c6000000	1	006271f0
0000c654	None	003211f4	54c6000000	1	003211f4
0000c660	20	0062a328	60c6000000	1	0062a328
0000c66c	None	002eb554	6cc6000000	1	002eb554
0000c684	None	002e8178	84c6000000	1	002e8178
0000c688	None	0031f238	88c6000000	1	0031f238
0000c6a4	None	0031d258	a4c6000000	1	0031d258
0000c6bc	None	00320e74	bcc6000000	1	00320e74
0000c6c4	None	00320168	c4c6000000	1	00320168
0000c6e4	None	0031fde8	e4c6000000	1	0031fde8
0000c704	None	002e5ba4	04c7000000	1	002e5ba4
0000c714	None	002e5180	14c7000000	1	002e5180
0000c720	None	0031e16c	20c7000000	1	0031e16c
0000c750	None	002eaac0	50c7000000	1	002eaac0
0000c760	None	0031ddac	60c7000000	1	0031ddac
0000c770	20	0062fcb0	70c7000000	1	0062fcb0
0000c7a8	None	002e628c	a8c7000000	1	002e628c
0000c7f4	20	0062b8b8	f4c7000000	1	0062b8b8
0000c814	None	00320ac8	14c8000000	1	00320ac8
0000c81c	None	0031dab0	1cc8000000	1	0031dab0
0000c84c	None	0031fa10	4cc8000000	1	0031fa10
0000c85c	None	0031e894	5cc8000000	1	0031e894
0000c860	None	002eaac0	60c8000000	1	002eaac0
0000c868	None	0031f5cc	68c8000000	1	0031f5cc
0000c88c	None	002eb110	8cc8000000	1	002eb110
0000c890	None	0031e5b0	90c8000000	1	0031e5b0
0000c8c0	20	0062ab20	c0c8000000	1	0062ab20
0000c8dc	None	002e68d8	dcc8000000	1	002e68d8
0000c8e4	None	002ead90	e4c8000000	1	002ead90
0000c8e8	None	002e9d44	e8c8000000	1	002e9d44
0000c8fc	None	002ebe9c	fcc8000000	1	002ebe9c
0000c904	None	0031f5cc	04c9000000	1	0031f5cc
0000c910	20	0062e900	10c9000000	1	0062e900
0000c914	None	002ec894	14c9000000	1	002ec894
0000c91c	20	00626ae8	1cc9000000	1	00626ae8
0000c924	None	0031d53c	24c9000000	1	0031d53c
0000c930	None	0031e16c	30c9000000	1	0031e16c
0000c950	None	0032071c	50c9000000	1	0032071c
0000c968	None	002e773c	68c9000000	1	002e773c
0000c99c	None	0031dab0	9cc9000000	1	0031dab0
0000c9a8	20	00624bf8	a8c9000000	1	00624bf8
0000c9bc	20	00623de8	bcc9000000	1	00623de8
0000c9cc	None	002e6e60	ccc9000000	1	002e6e60
0000c9d4	None	002e561c	d4c9000000	1	002e561c
0000c9e8	None	002e7b80	e8c9000000	1	002e7b80
0000c9f4	None	002e66a4	f4c9000000	1	002e66a4
0000c9fc	None	002e5e48	fcc9000000	1	002e5e48
0000ca08	None	002ec56c	08ca000000	1	002ec56c
0000ca1c	None	002e5ba4	1cca000000	1	002e5ba4
0000ca24	None	002ead90	24ca000000	1	002ead90
0000ca28	20	0062f2d8	28ca000000	1	0062f2d8
0000ca44	None	002e7b80	44ca000000	1	002e7b80
0000ca50	None	002e8a6c	50ca000000	1	002e8a6c
0000ca58	None	0031eb38	58ca000000	1	0031eb38
0000ca68	None	0031ee08	68ca000000	1	0031ee08
0000ca70	None	0059880e	70ca000000	1	0059880e
0000ca74	None	002e6e60	74ca000000	1	002e6e60
0000ca84	None	002e5ba4	84ca000000	1	002e5ba4
0000ca94	None	00320e74	94ca000000	1	00320e74
0000caa8	None	0031dab0	a8ca000000	1	0031dab0
0000caac	None	00320168	acca000000	1	00320168
0000cab0	None	00320ac8	b0ca000000	1	00320ac8
0000cabc	None	0032071c	bcca000000	1	0032071c
0000cadc	None	002e7e7c	dcca000000	1	002e7e7c
0000cae4	20	00626db8	e4ca000000	1	00626db8
0000caf4	None	002ec894	f4ca000000	1	002ec894
0000cafc	None	002e9a08	fcca000000	1	002e9a08
0000cb08	20	00623844	08cb000000	1	00623844
0000cb10	20	0062dfa0	10cb000000	1	0062dfa0
0000cb1c	None	002e84a0	1ccb000000	1	002e84a0
0000cb28	None	003204bc	28cb000000	1	003204bc
0000cb40	20	0062d910	40cb000000	1	0062d910
0000cb48	None	002eba58	48cb000000	1	002eba58
0000cb4c	None	0031f5cc	4ccb000000	1	0031f5cc
0000cb60	None	003211f4	60cb000000	1	003211f4
0000cb64	None	0031fa10	64cb000000	1	0031fa10
0000cb70	None	002ebe9c	70cb000000	1	002ebe9c
0000cb80	None	002e773c	80cb000000	1	002e773c
0000cba8	None	002ea040	a8cb000000	1	002ea040
0000cbb8	None	007f21d8	b8cb000000	5	007f21d8
0000cbc0	None	0031cf48	c0cb000000	1	0031cf48
0000cbc8	None	002ea310	c8cb000000	1	002ea310
0000cbd8	None	002e628c	d8cb000000	1	002e628c
0000cbf4	None	002e8770	f4cb000000	1	002e8770
0000cc04	None	002e9390	04cc000000	1	002e9390
0000cc0c	20	00630958	0ccc000000	1	00630958
0000cc20	None	002e58a8	20cc000000	1	002e58a8
0000cc24	None	002e773c	24cc000000	1	002e773c
0000cc2c	None	002ec56c	2ccc000000	1	002ec56c
0000cc34	None	002e8770	34cc000000	1	002e8770
0000cc44	None	002e66a4	44cc000000	1	002e66a4
0000cc54	None	0032071c	54cc000000	1	0032071c
0000cc5c	20	00625120	5ccc000000	1	00625120
0000cc60	None	0031fa10	60cc000000	1	0031fa10
0000cc64	None	002e6b64	64cc000000	1	002e6b64
0000cc74	None	002e9a08	74cc000000	1	002e9a08
0000cc7c	None	002eba58	7ccc000000	1	002eba58
0000cc90	None	0031e894	90cc000000	1	0031e894
0000cca0	None	002e561c	a0cc000000	1	002e561c
0000cca4	None	0031f238	a4cc000000	1	0031f238
0000ccac	None	0031e5b0	accc000000	1	0031e5b0
0000ccb0	None	0031dab0	b0cc000000	1	0031dab0
0000ccbc	None	003211f4	bccc000000	1	003211f4
0000ccc4	20	0062bb88	c4cc000000	1	0062bb88
0000cccc	None	0031ddac	cccc000000	1	0031ddac
0000ccec	None	0031e894	eccc000000	1	0031e894
0000ccf0	None	0031f5cc	f0cc000000	1	0031f5cc
0000cd08	None	002ea638	08cd000000	1	002ea638
0000cd14	None	002e8770	14cd000000	1	002e8770
0000cd24	20	00628960	24cd000000	1	00628960
0000cd28	None	002ea638	28cd000000	1	002ea638
0000cd38	None	002e8a6c	38cd000000	1	002e8a6c
0000cd3c	20	00623b18	3ccd000000	1	00623b18
0000cd48	20	0062de38	48cd000000	1	0062de38
0000cd60	None	003211f4	60cd000000	1	003211f4
0000cd7c	None	002ec2e0	7ccd000000	1	002ec2e0
0000cd80	20	0062f0f8	80cd000000	1	0062f0f8
0000cda0	None	0032071c	a0cd000000	1	0032071c
0000cdb4	20	00627cb8	b4cd000000	1	00627cb8
0000cdd0	None	0031e16c	d0cd000000	1	0031e16c
0000cde0	20	0062d7a8	e0cd000000	1	0062d7a8
0000cdf0	None	002e719c	f0cd000000	1	002e719c
0000ce00	20	0062fd28	00ce000000	1	0062fd28
0000ce04	None	002eb110	04ce000000	1	002eb110
0000ce24	None	002e8a6c	24ce000000	1	002e8a6c
0000ce30	None	00840618	30ce000000	3	00840618
0000ce38	None	002e628c	38ce000000	1	002e628c
0000ce68	None	002ea638	68ce000000	1	002ea638
0000ce6c	None	002e6e60	6cce000000	1	002e6e60
0000ce70	20	006253f0	70ce000000	1	006253f0
0000ce74	None	002ead90	74ce000000	1	002ead90
0000ce7c	0	006a16b8	7cce000000	1	006a16b8
0000ce84	None	002ec56c	84ce000000	1	002ec56c
0000ce90	20	00629068	90ce000000	1	00629068
0000cea8	20	006294a0	a8ce000000	1	006294a0
0000ceac	None	002e7b80	acce000000	1	002e7b80
0000ceb0	None	006a16b8	b0ce000000	1	006a16b8
0000cee4	None	002e8f34	e4ce000000	1	002e8f34
0000cee8	None	002e561c	e8ce000000	1	002e561c
0000cef0	None	007f21d8	f0ce000000	11	007f21d8
0000cf00	None	002e7e7c	00cf000000	1	002e7e7c
0000cf0c	None	002e96f8	0ccf000000	1	002e96f8
0000cf1c	None	0031dab0	1ccf000000	1	0031dab0
0000cf40	None	002e6b64	40cf000000	1	002e6b64
0000cf5c	None	002e5e48	5ccf000000	1	002e5e48
0000cf68	20	006256c0	68cf000000	1	006256c0
0000cf74	None	002eb110	74cf000000	1	002eb110
0000cf8c	None	003211f4	8ccf000000	1	003211f4
0000cf90	None	002e9d44	90cf000000	1	002e9d44
0000cf94	None	002e84a0	94cf000000	1	002e84a0
0000cfb0	None	0031cf48	b0cf000000	1	0031cf48
0000cfc4	20	0062f800	c4cf000000	1	0062f800
0000cfd4	None	0031f238	d4cf000000	1	0031f238
0000cfe4	None	002eb7cc	e4cf000000	1	002eb7cc
0000cfe8	None	00320e74	e8cf000000	1	00320e74
0000d000	20	00630bb0	00d0000000	1	00630bb0
0000d010	None	001dbeac	10d0000000	2	001dbeac
0000d020	None	002e5180	20d0000000	1	002e5180
0000d028	None	0031ee08	28d0000000	1	0031ee08
0000d02c	None	002ead90	2cd0000000	1	002ead90
0000d030	20	0062ca88	30d0000000	1	0062ca88
0000d038	20	00628438	38d0000000	1	00628438
0000d060	None	0023dfd8	60d0000000	1	0023dfd8
0000d068	None	0031d80c	68d0000000	1	0031d80c
0000d074	None	003211f4	74d0000000	1	003211f4
0000d084	None	002e8a6c	84d0000000	1	002e8a6c
0000d094	None	002e6b64	94d0000000	1	002e6b64
0000d0a4	None	0031f5cc	a4d0000000	1	0031f5cc
0000d0ac	None	00320ac8	acd0000000	1	00320ac8
0000d0b0	None	002ebe9c	b0d0000000	1	002ebe9c
0000d0b8	None	0031f5cc	b8d0000000	1	0031f5cc
0000d0bc	20	00627e20	bcd0000000	1	00627e20
0000d0c4	None	0031fa10	c4d0000000	1	0031fa10
0000d0c8	None	00320e74	c8d0000000	1	00320e74
0000d0d0	20	00625558	d0d0000000	1	00625558
0000d0d8	None	002ea638	d8d0000000	1	002ea638
0000d0ec	20	0062c218	ecd0000000	1	0062c218
0000d0fc	20	0062fb48	fcd0000000	1	0062fb48
0000d114	None	0031cf48	14d1000000	1	0031cf48
0000d124	None	002eba58	24d1000000	1	002eba58
0000d134	None	002ead90	34d1000000	1	002ead90
0000d14c	None	006a16b8	4cd1000000	3	006a16b8
0000d15c	None	0031d258	5cd1000000	1	0031d258
0000d164	None	002eb554	64d1000000	1	002eb554
0000d178	None	002e7e7c	78d1000000	1	002e7e7c
0000d180	None	002ebe9c	80d1000000	1	002ebe9c
0000d184	None	002e58a8	84d1000000	1	002e58a8
0000d18c	None	002e6e60	8cd1000000	1	002e6e60
0000d190	20	0062a0d0	90d1000000	1	0062a0d0
0000d1a4	None	002ea638	a4d1000000	1	002ea638
0000d1ac	None	002e8a6c	acd1000000	1	002e8a6c
0000d1b8	None	0031d53c	b8d1000000	1	0031d53c
0000d1bc	None	0023dfd8	bcd1000000	1	0023dfd8
0000d1d8	20	00629ab8	d8d1000000	1	00629ab8
0000d1f0	None	002e9a08	f0d1000000	1	002e9a08
0000d204	None	002ec2e0	04d2000000	1	002ec2e0
0000d210	None	002e561c	10d2000000	1	002e561c
0000d214	None	0031e16c	14d2000000	1	0031e16c
0000d218	None	0031f238	18d2000000	1	0031f238
0000d22c	None	00782ad0	2cd2000000	1	00782ad0
0000d234	None	002eaac0	34d2000000	1	002eaac0
0000d240	20	006287f8	40d2000000	1	006287f8
0000d244	20	006263e0	44d2000000	1	006263e0
0000d248	None	002e8f34	48d2000000	1	002e8f34
0000d24c	None	003204bc	4cd2000000	1	003204bc
0000d254	None	002e68d8	54d2000000	1	002e68d8
0000d258	None	0031cf48	58d2000000	1	0031cf48
0000d26c	None	002e9390	6cd2000000	1	002e9390
0000d278	None	002e628c	78d2000000	1	002e628c
0000d288	20	0062f530	88d2000000	1	0062f530
0000d294	None	002ec894	94d2000000	1	002ec894
0000d2c8	None	0031ee08	c8d2000000	1	0031ee08
0000d2d8	None	0080b2f4	d8d2000000	1	0080b2f4
0000d2f8	None	002e9390	f8d2000000	1	002e9390
0000d300	None	003204bc	00d3000000	1	003204bc
0000d308	None	002eb7cc	08d3000000	1	002eb7cc
0000d318	None	00320168	18d3000000	1	00320168
0000d330	20	0062b228	30d3000000	1	0062b228
0000d348	None	0031e16c	48d3000000	1	0031e16c
0000d374	None	0031e5b0	74d3000000	1	0031e5b0
0000d38c	20	0062d4d8	8cd3000000	1	0062d4d8
0000d3a0	None	0031f238	a0d3000000	1	0031f238
0000d3a4	None	002e8178	a4d3000000	1	002e8178
0000d3a8	None	002e9d44	a8d3000000	1	002e9d44
0000d3ac	None	002e9a08	acd3000000	1	002e9a08
0000d3b8	None	002ec894	b8d3000000	1	002ec894
0000d3bc	20	00625c60	bcd3000000	1	00625c60
0000d3c4	None	002ebe9c	c4d3000000	1	002ebe9c
0000d3fc	None	0032071c	fcd3000000	1	0032071c
0000d408	None	002e773c	08d4000000	1	002e773c
0000d41c	None	003204bc	1cd4000000	1	003204bc
0000d440	None	002ec894	40d4000000	1	002ec894
0000d444	20	006278f8	44d4000000	1	006278f8
0000d448	None	002e68d8	48d4000000	1	002e68d8
0000d44c	None	002e7e7c	4cd4000000	1	002e7e7c
0000d46c	20	0062b570	6cd4000000	1	0062b570
0000d47c	None	002e561c	7cd4000000	1	002e561c
0000d48c	None	002e8a6c	8cd4000000	1	002e8a6c
0000d490	20	0062e018	90d4000000	1	0062e018
0000d498	None	002e719c	98d4000000	1	002e719c
0000d49c	None	002e5ba4	9cd4000000	1	002e5ba4
0000d4a0	None	002e719c	a0d4000000	1	002e719c
0000d4cc	None	0031eb38	ccd4000000	1	0031eb38
0000d4d4	None	002e5e48	d4d4000000	1	002e5e48
0000d4ec	None	002e746c	ecd4000000	1	002e746c
0000d4fc	None	002e66a4	fcd4000000	1	002e66a4
0000d504	None	002e5e48	04d5000000	1	002e5e48
0000d510	20	0062f8f0	10d5000000	1	0062f8f0
0000d518	None	002e7e7c	18d5000000	1	002e7e7c
0000d51c	None	0032071c	1cd5000000	1	0032071c
0000d520	None	002e5ba4	20d5000000	1	002e5ba4
0000d52c	None	002ea310	2cd5000000	1	002ea310
0000d540	None	002eb110	40d5000000	1	002eb110
0000d550	None	002e9d44	50d5000000	1	002e9d44
0000d560	None	0031d258	60d5000000	1	0031d258
0000d568	None	002ec894	68d5000000	1	002ec894
0000d594	None	0031e16c	94d5000000	1	0031e16c
0000d598	20	0062d5c8	98d5000000	1	0062d5c8
0000d59c	None	002ead90	9cd5000000	1	002ead90
0000d5bc	None	003211f4	bcd5000000	1	003211f4
0000d5dc	None	002e7e7c	dcd5000000	1	002e7e7c
0000d5f0	None	00844064	f0d5000000	1	00844064
0000d5fc	20	0062e810	fcd5000000	1	0062e810
0000d608	None	002e7b80	08d6000000	1	002e7b80
0000d610	None	002e8a6c	10d6000000	1	002e8a6c
0000d630	20	00624a90	30d6000000	1	00624a90
0000d644	20	00628d20	44d6000000	1	00628d20
0000d648	20	0062cb78	48d6000000	1	0062cb78
0000d664	None	002e8770	64d6000000	1	002e8770
0000d66c	None	002e746c	6cd6000000	1	002e746c
0000d6dc	None	002e719c	dcd6000000	1	002e719c
0000d6e8	None	0031d53c	e8d6000000	1	0031d53c
0000d6f0	None	002eaac0	f0d6000000	1	002eaac0
0000d70c	None	0031fde8	0cd7000000	1	0031fde8
0000d71c	None	003204bc	1cd7000000	1	003204bc
0000d724	None	002e9a08	24d7000000	1	002e9a08
0000d728	None	0031d80c	28d7000000	1	0031d80c
0000d72c	None	0031cf48	2cd7000000	1	0031cf48
0000d73c	None	002e746c	3cd7000000	1	002e746c
0000d750	None	0031f5cc	50d7000000	1	0031f5cc
0000ed28	None	008cb544	28ed000000	1	008cb544
0000edcc	None	008cb4b8	cced000000	1	008cb4b8
00010003	None	002a73d0	0300010000	2	002a73d0
00010e78	None	00606850	780e010000	1	00606850
00011138	None	00607758	3811010000	1	00607758
00012c50	None	00607b94	502c010000	1	00607b94
000150b0	None	0060808c	b050010000	1	0060808c
000163b2	None	008bd0a8	b263010000	1	008bd0a8
000163d0	None	00607f14	d063010000	1	00607f14
000165c8	None	008c3ca0	c865010000	1	008c3ca0
00016688	None	008c3bd8	8866010000	1	008c3bd8
00016752	None	008c3b04	5267010000	1	008c3b04
000167f6	None	008c3a90	f667010000	1	008c3a90
000186c0	None	00607bb0	c086010000	1	00607bb0
000188d0	None	00608058	d088010000	1	00608058
0001aa78	None	00607ff4	78aa010000	1	00607ff4
0001ab20	None	006068b4	20ab010000	1	006068b4
0001b3d0	None	00607fd8	d0b3010000	1	00607fd8
0001bcc2	None	008be6d8	c2bc010000	1	008be6d8
0001bdaa	None	008be6d8	aabd010000	1	008be6d8
0001be86	None	008be6d8	86be010000	1	008be6d8
0001e780	None	0045e6f0	80e7010000	4	0045e6f0
0002000b	None	001d255c	0b00020000	2	001d255c
0002000c	None	001d255c	0c00020000	3	001d255c
00020020	None	0059d790	2000020000	9	0059d790
00027d80	None	0045e6f0	807d020000	4	0045e6f0
0002b2cc	None	00509824	ccb2020000	1	00509824
0002b2d4	None	00380648	d4b2020000	1	00380648
0002b2e4	None	00509824	e4b2020000	1	00509824
0002b2ec	68	00380648	ecb2020000	1	00380648
0002b2fc	None	00509824	fcb2020000	1	00509824
0002b304	None	00380648	04b3020000	1	00380648
0002b314	None	00509824	14b3020000	1	00509824
0002b31c	None	00380648	1cb3020000	1	00380648
0002b32c	None	00509824	2cb3020000	1	00509824
0002b334	None	00380648	34b3020000	1	00380648
0002b344	None	00509824	44b3020000	1	00509824
0002b34c	12	00380648	4cb3020000	1	00380648
0002b35c	None	00509824	5cb3020000	1	00509824
0002b364	None	00380648	64b3020000	1	00380648
0002b374	None	00509824	74b3020000	1	00509824
0002b37c	None	00380648	7cb3020000	1	00380648
0002b38c	None	00509824	8cb3020000	1	00509824
0002b394	None	00380648	94b3020000	1	00380648
0002b3a4	None	00509824	a4b3020000	1	00509824
0002b3ac	53	00380648	acb3020000	1	00380648
0002b3bc	None	00509824	bcb3020000	1	00509824
0002b3c4	None	00380648	c4b3020000	1	00380648
0002b3d4	None	00509824	d4b3020000	1	00509824
0002b3dc	None	00380648	dcb3020000	1	00380648
0002b3ec	None	00509824	ecb3020000	1	00509824
0002b3f4	None	00380648	f4b3020000	1	00380648
0002b404	None	00509824	04b4020000	1	00509824
0002b40c	19	00380648	0cb4020000	1	00380648
0002b41c	None	00509824	1cb4020000	1	00509824
0002b424	None	00380648	24b4020000	1	00380648
0002b434	None	00509448	34b4020000	1	00509448
0002b43c	None	00380258	3cb4020000	1	00380258
0002b44c	None	00509448	4cb4020000	1	00509448
0002b454	None	00509448	54b4020000	2	00509448
0002b464	None	00509448	64b4020000	1	00509448
0002b46c	None	00380258	6cb4020000	1	00380258
0002b47c	None	00509448	7cb4020000	1	00509448
0002b484	31	00380258	84b4020000	2	00380258	INCONSISTENT
0002b494	None	00509448	94b4020000	1	00509448
0002b49c	None	00380258	9cb4020000	1	00380258
0002b4ac	None	00509448	acb4020000	1	00509448
0002b4b4	None	00509448	b4b4020000	2	00509448
0002b4c4	None	00509448	c4b4020000	1	00509448
0002b4cc	None	00380258	ccb4020000	1	00380258
0002b4dc	None	00509448	dcb4020000	1	00509448
0002b4e4	6	00380258	e4b4020000	2	00380258	INCONSISTENT
0002b4f4	None	00509448	f4b4020000	1	00509448
0002b4fc	None	00380258	fcb4020000	1	00380258
0002b50c	None	00509448	0cb5020000	1	00509448
0002b514	None	00509448	14b5020000	2	00509448
0002b524	None	00509448	24b5020000	1	00509448
0002b52c	None	00380258	2cb5020000	1	00380258
0002b53c	None	00509448	3cb5020000	1	00509448
0002b544	50	00380258	44b5020000	1	00380258
0002b554	None	00509448	54b5020000	1	00509448
0002b55c	None	00380258	5cb5020000	1	00380258
0002b574	None	00380258	74b5020000	1	00380258
0002b58c	39	00380258	8cb5020000	2	00380258	INCONSISTENT
0002b5a4	None	00380258	a4b5020000	1	00380258
0002ea84	8	00376970	84ea020000	1	00376970
0002ea9c	None	00376970	9cea020000	1	00376970
0002eab4	None	00376970	b4ea020000	1	00376970
0002eae4	None	00376970	e4ea020000	1	00376970
0002eafc	None	00376970	fcea020000	1	00376970
0002eb14	None	00376970	14eb020000	1	00376970
0002eb2c	89	00376970	2ceb020000	1	00376970
0002eb44	None	00376970	44eb020000	1	00376970
0002eb5c	None	00376970	5ceb020000	1	00376970
0002eb74	86	00376970	74eb020000	2	00376970	INCONSISTENT
0002eb8c	None	00376970	8ceb020000	1	00376970
0002eba4	None	00376970	a4eb020000	1	00376970
0002ebbc	84	00376970	bceb020000	2	00376970	INCONSISTENT
0002ebd4	None	00376970	d4eb020000	1	00376970
0002ebec	None	0037657c	eceb020000	1	0037657c
0002ec04	80	0037657c	04ec020000	2	0037657c	INCONSISTENT
0002ec1c	None	0037657c	1cec020000	1	0037657c
0002ec34	None	0037657c	34ec020000	1	0037657c
0002ec4c	77	0037657c	4cec020000	2	0037657c	INCONSISTENT
0002ec64	None	0037657c	64ec020000	1	0037657c
0002ec7c	None	0037657c	7cec020000	1	0037657c
0002ec94	74	0037657c	94ec020000	2	0037657c	INCONSISTENT
0002ecac	None	0037657c	acec020000	1	0037657c
0002ecc4	None	0037657c	c4ec020000	1	0037657c
0002ecdc	48	0037657c	dcec020000	2	0037657c	INCONSISTENT
0002ecf4	None	0037657c	f4ec020000	1	0037657c
0002ed0c	None	0037657c	0ced020000	1	0037657c
0002ed24	56	0037657c	24ed020000	2	0037657c	INCONSISTENT
0002ed3c	None	0037657c	3ced020000	1	0037657c
000300ab	None	005d6238	ab00030000	15	005d6238
00030131	None	0041b81c	3101030000	2	0041b81c
00036b00	None	0045e6f0	006b030000	4	0045e6f0
0003b2d4	None	004d95f8	d4b2030000	1	004d95f8
0003b2ec	None	004d95f8	ecb2030000	1	004d95f8
0003b304	None	004d95f8	04b3030000	1	004d95f8
0003b31c	None	004d95f8	1cb3030000	1	004d95f8
0003b334	None	004d95f8	34b3030000	1	004d95f8
0003b34c	None	004d95f8	4cb3030000	1	004d95f8
0003b364	None	004d95f8	64b3030000	1	004d95f8
0003b37c	None	004d95f8	7cb3030000	1	004d95f8
0003b394	None	004d95f8	94b3030000	1	004d95f8
0003b3ac	None	004d95f8	acb3030000	1	004d95f8
0003b3c4	None	004d95f8	c4b3030000	1	004d95f8
0003b3cc	None	00354188	ccb3030000	1	00354188
0003b3dc	None	004d95f8	dcb3030000	1	004d95f8
0003b3e4	None	00354188	e4b3030000	1	00354188
0003b3f4	None	004d95f8	f4b3030000	1	004d95f8
0003b3fc	None	00354188	fcb3030000	1	00354188
0003b40c	None	004d95f8	0cb4030000	1	004d95f8
0003b414	50	00354188	14b4030000	1	00354188
0003b424	None	004d95f8	24b4030000	1	004d95f8
0003b42c	None	00354188	2cb4030000	1	00354188
0003b43c	None	004d9208	3cb4030000	1	004d9208
0003b444	None	00354188	44b4030000	1	00354188
0003b454	None	004d9208	54b4030000	1	004d9208
0003b45c	None	004d9208	5cb4030000	1	004d9208
0003b46c	None	004d9208	6cb4030000	1	004d9208
0003b474	62	00354188	74b4030000	1	00354188
0003b484	None	004d9208	84b4030000	1	004d9208
0003b48c	None	004d9208	8cb4030000	2	004d9208
0003b49c	None	004d9208	9cb4030000	1	004d9208
0003b4a4	None	00354188	a4b4030000	1	00354188
0003b4b4	None	004d9208	b4b4030000	1	004d9208
0003b4bc	None	004d9208	bcb4030000	2	004d9208
0003b4cc	None	004d9208	ccb4030000	1	004d9208
0003b4d4	4	00354188	d4b4030000	1	00354188
0003b4e4	None	004d9208	e4b4030000	1	004d9208
0003b4ec	None	004d9208	ecb4030000	2	004d9208
0003b4fc	None	004d9208	fcb4030000	1	004d9208
0003b504	None	00354188	04b5030000	1	00354188
0003b514	None	004d9208	14b5030000	1	004d9208
0003b51c	None	004d9208	1cb5030000	2	004d9208
0003b52c	None	004d9208	2cb5030000	1	004d9208
0003b544	None	004d9208	44b5030000	1	004d9208
0003b55c	None	004d9208	5cb5030000	1	004d9208
0003fbdc	None	004cbd14	dcfb030000	1	004cbd14
0003fbf4	None	004cbd14	f4fb030000	1	004cbd14
0003fc0c	None	004cbd14	0cfc030000	1	004cbd14
0003fc24	None	004cbd14	24fc030000	1	004cbd14
0003fc3c	None	004cbd14	3cfc030000	1	004cbd14
0003fc54	None	004cbd14	54fc030000	1	004cbd14
0003fc5c	None	004cbd14	5cfc030000	1	004cbd14
0003fc6c	None	004cbd14	6cfc030000	1	004cbd14
0003fc84	None	004cbd14	84fc030000	1	004cbd14
0003fc8c	None	004cbd14	8cfc030000	1	004cbd14
0003fc9c	None	004cbd14	9cfc030000	1	004cbd14
0003fcb4	None	004cbd14	b4fc030000	1	004cbd14
0003fcbc	None	004cbd14	bcfc030000	1	004cbd14
0003fccc	None	004cbd14	ccfc030000	1	004cbd14
0003fce4	None	004cbd14	e4fc030000	1	004cbd14
0003fcec	None	004cbd14	ecfc030000	1	004cbd14
0003fcfc	None	004cbd14	fcfc030000	1	004cbd14
0003fd14	None	004cbd14	14fd030000	1	004cbd14
0003fd1c	None	004cbd14	1cfd030000	1	004cbd14
00040002	None	00299440	0200040000	1	00299440
00040003	1	00299440	0300040000	1	00299440
00046214	43	0033562a	1462040000	2	0033562a	INCONSISTENT
00046244	41	0033562a	4462040000	2	0033562a	INCONSISTENT
00046274	39	0033562a	7462040000	2	0033562a	INCONSISTENT
000462a4	37	0033562a	a462040000	2	0033562a	INCONSISTENT
000462bc	36	0033562a	bc62040000	1	0033562a
000462cc	8	0033562a	cc62040000	1	0033562a
000462d4	8	0033562a	d462040000	1	0033562a
00046304	33	0033562a	0463040000	2	0033562a	INCONSISTENT
00046334	None	0033562a	3463040000	1	0033562a
00046364	39	0033562a	6463040000	1	0033562a
00046394	27	0033562a	9463040000	2	0033562a	INCONSISTENT
000463c4	33	0033562a	c463040000	1	0033562a
000463f4	23	0033562a	f463040000	2	0033562a	INCONSISTENT
00046424	28	0033562a	2464040000	1	0033562a
00046454	19	0033562a	5464040000	2	0033562a	INCONSISTENT
00046484	23	0033562a	8464040000	1	0033562a
000464b4	15	0033562a	b464040000	2	0033562a	INCONSISTENT
000464e4	17	0033562a	e464040000	1	0033562a
00046514	11	0033562a	1465040000	2	0033562a	INCONSISTENT
00046544	9	0033562a	4465040000	2	0033562a	INCONSISTENT
0004655c	8	0033562a	5c65040000	1	0033562a
00046574	7	0033562a	7465040000	2	0033562a	INCONSISTENT
0004658c	6	0033562a	8c65040000	2	0033562a	INCONSISTENT
000465a4	5	0033562a	a465040000	2	0033562a	INCONSISTENT
000465bc	4	0033562a	bc65040000	2	0033562a	INCONSISTENT
000465d4	3	0033562a	d465040000	2	0033562a	INCONSISTENT
000465ec	2	0033562a	ec65040000	2	0033562a	INCONSISTENT
00046604	None	0033562a	0466040000	1	0033562a
0004661c	None	0033562a	1c66040000	1	0033562a
00046624	82	00333462	2466040000	1	00333462
0004662c	82	00333462	2c66040000	1	00333462
00046634	None	00333462	3466040000	1	00333462
0004663c	None	00333462	3c66040000	1	00333462
0004664c	None	00333462	4c66040000	1	00333462
00046654	None	00333462	5466040000	1	00333462
00046664	None	00333462	6466040000	1	00333462
0004666c	None	00333462	6c66040000	1	00333462
00046674	86	00333462	7466040000	1	00333462
0004667c	86	00333462	7c66040000	1	00333462
00046684	None	00333462	8466040000	1	00333462
0004668c	None	00333462	8c66040000	1	00333462
00046694	None	00333462	9466040000	1	00333462
0004669c	None	00333462	9c66040000	1	00333462
000466a4	None	00333462	a466040000	1	00333462
000466b4	66	00333462	b466040000	1	00333462
000466bc	66	00333462	bc66040000	1	00333462
000466c4	None	00333462	c466040000	1	00333462
000466cc	None	00333462	cc66040000	1	00333462
000466d4	82	00333462	d466040000	1	00333462
000466dc	82	00333462	dc66040000	2	00333462	INCONSISTENT
000466e4	None	00333462	e466040000	1	00333462
000466ec	None	00333462	ec66040000	1	00333462
000466f4	None	00333462	f466040000	1	00333462
000466fc	None	00333462	fc66040000	1	00333462
00046704	88	00333462	0467040000	1	00333462
0004670c	88	00333462	0c67040000	2	00333462	INCONSISTENT
00046714	87	00333462	1467040000	1	00333462
0004671c	87	00333462	1c67040000	2	00333462	INCONSISTENT
00046724	86	00333462	2467040000	1	00333462
0004672c	86	00333462	2c67040000	2	00333462	INCONSISTENT
00046734	None	00333462	3467040000	1	00333462
0004673c	None	00333462	3c67040000	1	00333462
00046744	58	00333462	4467040000	1	00333462
0004674c	58	00333462	4c67040000	2	00333462	INCONSISTENT
00046754	None	00333462	5467040000	1	00333462
0004675c	None	00333462	5c67040000	1	00333462
00046764	74	00333462	6467040000	1	00333462
0004676c	74	00333462	6c67040000	2	00333462	INCONSISTENT
00046774	None	00333462	7467040000	1	00333462
0004677c	None	00333462	7c67040000	1	00333462
00046784	None	00333462	8467040000	1	00333462
0004678c	None	00333462	8c67040000	1	00333462
00046794	44	00333462	9467040000	1	00333462
0004679c	44	00333462	9c67040000	1	00333462
000467a4	None	00333462	a467040000	1	00333462
000467ac	None	00333462	ac67040000	1	00333462
000467b4	4	00333462	b467040000	1	00333462
000467bc	4	00333462	bc67040000	2	00333462	INCONSISTENT
000467c4	None	00333462	c467040000	1	00333462
000467cc	None	00333462	cc67040000	1	00333462
000467d4	46	00333462	d467040000	1	00333462
000467dc	46	00333462	dc67040000	2	00333462	INCONSISTENT
000467e4	None	00333462	e467040000	1	00333462
000467ec	None	00333462	ec67040000	1	00333462
000467f4	None	00333462	f467040000	1	00333462
000467fc	None	00333462	fc67040000	1	00333462
00046804	63	00333462	0468040000	1	00333462
0004680c	63	00333462	0c68040000	2	00333462	INCONSISTENT
00046814	None	00333462	1468040000	1	00333462
0004681c	None	00333462	1c68040000	1	00333462
00046824	None	00333462	2468040000	1	00333462
0004682c	None	00333462	2c68040000	1	00333462
00046834	None	00333462	3468040000	1	00333462
0004683c	36	00333462	3c68040000	2	00333462	INCONSISTENT
00046844	None	00333462	4468040000	1	00333462
0004684c	None	00333462	4c68040000	1	00333462
00046854	71	00333462	5468040000	1	00333462
0004685c	71	00333462	5c68040000	2	00333462	INCONSISTENT
00046864	70	00333462	6468040000	1	00333462
0004686c	70	00333462	6c68040000	2	00333462	INCONSISTENT
00046874	68	00333462	7468040000	1	00333462
0004687c	68	00333462	7c68040000	2	00333462	INCONSISTENT
00046884	None	00333462	8468040000	1	00333462
0004688c	None	00333462	8c68040000	1	00333462
00046894	None	00333462	9468040000	1	00333462
0004689c	None	00333462	9c68040000	1	00333462
000468a4	66	00333462	a468040000	1	00333462
000468ac	66	00333462	ac68040000	2	00333462	INCONSISTENT
000468b4	30	00333462	b468040000	1	00333462
000468bc	30	00333462	bc68040000	2	00333462	INCONSISTENT
000468c4	None	00333462	c468040000	1	00333462
000468cc	None	00333462	cc68040000	1	00333462
000468d4	64	00333462	d468040000	1	00333462
000468dc	64	00333462	dc68040000	2	00333462	INCONSISTENT
000468e4	41	00333462	e468040000	1	00333462
000468ec	41	00333462	ec68040000	2	00333462	INCONSISTENT
000468f4	64	00333462	f468040000	1	00333462
000468fc	64	00333462	fc68040000	2	00333462	INCONSISTENT
00046904	63	00333462	0469040000	1	00333462
0004690c	63	00333462	0c69040000	2	00333462	INCONSISTENT
00046914	75	00333462	1469040000	1	00333462
0004691c	75	00333462	1c69040000	2	00333462	INCONSISTENT
00046924	60	00333462	2469040000	1	00333462
0004692c	60	00333462	2c69040000	2	00333462	INCONSISTENT
00046934	None	00333462	3469040000	1	00333462
00046944	None	00333462	4469040000	1	00333462
0004694c	None	00333462	4c69040000	1	00333462
00046954	None	00333462	5469040000	1	00333462
0004695c	None	00333462	5c69040000	1	00333462
00046964	None	00333462	6469040000	1	00333462
0004696c	None	00333462	6c69040000	1	00333462
00046974	72	00333462	7469040000	1	00333462
0004697c	72	00333462	7c69040000	2	00333462	INCONSISTENT
00046984	None	00333462	8469040000	1	00333462
0004698c	None	00333462	8c69040000	1	00333462
00046994	None	00333462	9469040000	1	00333462
0004699c	None	00333462	9c69040000	1	00333462
000469a4	51	00333462	a469040000	1	00333462
000469ac	51	00333462	ac69040000	2	00333462	INCONSISTENT
000469b4	48	00333462	b469040000	1	00333462
000469bc	48	00333462	bc69040000	2	00333462	INCONSISTENT
000469c4	50	00333462	c469040000	1	00333462
000469cc	50	00333462	cc69040000	2	00333462	INCONSISTENT
000469d4	49	00333462	d469040000	1	00333462
000469dc	49	00333462	dc69040000	2	00333462	INCONSISTENT
000469e4	None	00333462	e469040000	1	00333462
000469ec	None	00333462	ec69040000	1	00333462
000469f4	45	00333462	f469040000	1	00333462
000469fc	45	00333462	fc69040000	1	00333462
00046a04	44	00333462	046a040000	1	00333462
00046a0c	44	00333462	0c6a040000	2	00333462	INCONSISTENT
00046a14	43	00333462	146a040000	1	00333462
00046a1c	43	00333462	1c6a040000	2	00333462	INCONSISTENT
00046a24	43	00333462	246a040000	1	00333462
00046a2c	43	00333462	2c6a040000	2	00333462	INCONSISTENT
00046a34	43	00333462	346a040000	1	00333462
00046a3c	43	00333462	3c6a040000	2	00333462	INCONSISTENT
00046a44	42	00333462	446a040000	1	00333462
00046a4c	42	00333462	4c6a040000	2	00333462	INCONSISTENT
00046a54	41	00333462	546a040000	1	00333462
00046a5c	41	00333462	5c6a040000	2	00333462	INCONSISTENT
00046a64	40	00333462	646a040000	1	00333462
00046a6c	40	00333462	6c6a040000	2	00333462	INCONSISTENT
00046a74	39	00333462	746a040000	1	00333462
00046a7c	39	00333462	7c6a040000	2	00333462	INCONSISTENT
00046a84	39	00333462	846a040000	1	00333462
00046a8c	39	00333462	8c6a040000	2	00333462	INCONSISTENT
00046a94	37	00333462	946a040000	1	00333462
00046a9c	37	00333462	9c6a040000	2	00333462	INCONSISTENT
00046aa4	36	00333462	a46a040000	1	00333462
00046aac	36	00333462	ac6a040000	2	00333462	INCONSISTENT
00046ab4	35	00333462	b46a040000	1	00333462
00046abc	35	00333462	bc6a040000	2	00333462	INCONSISTENT
00046ac4	34	00333462	c46a040000	1	00333462
00046acc	34	00333462	cc6a040000	2	00333462	INCONSISTENT
00046ad4	34	00333462	d46a040000	1	00333462
00046adc	34	00333462	dc6a040000	2	00333462	INCONSISTENT
00046ae4	33	00333462	e46a040000	1	00333462
00046aec	33	00333462	ec6a040000	2	00333462	INCONSISTENT
00046af4	33	00333462	f46a040000	1	00333462
00046afc	33	00333462	fc6a040000	2	00333462	INCONSISTENT
00046b04	32	00333462	046b040000	1	00333462
00046b0c	32	00333462	0c6b040000	2	00333462	INCONSISTENT
00046b14	32	00333462	146b040000	1	00333462
00046b1c	32	00333462	1c6b040000	2	00333462	INCONSISTENT
00046b24	None	00333462	246b040000	1	00333462
00046b2c	None	00333462	2c6b040000	2	00333462
00046b34	30	00333462	346b040000	1	00333462
00046b3c	30	00333462	3c6b040000	2	00333462	INCONSISTENT
00046b44	29	00333462	446b040000	1	00333462
00046b4c	29	00333462	4c6b040000	2	00333462	INCONSISTENT
00046b54	28	00333462	546b040000	1	00333462
00046b5c	28	00333462	5c6b040000	2	00333462	INCONSISTENT
00046b64	23	00333462	646b040000	1	00333462
00046b6c	23	00333462	6c6b040000	2	00333462	INCONSISTENT
00046b74	27	00333462	746b040000	1	00333462
00046b7c	27	00333462	7c6b040000	2	00333462	INCONSISTENT
00046b84	25	00333462	846b040000	1	00333462
00046b8c	25	00333462	8c6b040000	2	00333462	INCONSISTENT
00046b94	None	00333462	946b040000	1	00333462
00046b9c	None	00333462	9c6b040000	1	00333462
00046ba4	22	00333462	a46b040000	1	00333462
00046bac	22	00333462	ac6b040000	1	00333462
00046bb4	26	00333462	b46b040000	1	00333462
00046bbc	26	00333462	bc6b040000	2	00333462	INCONSISTENT
00046bc4	None	00333462	c46b040000	1	00333462
00046bcc	None	00333462	cc6b040000	1	00333462
00046bd4	21	00333462	d46b040000	1	00333462
00046bdc	21	00333462	dc6b040000	1	00333462
00046be4	53	00333462	e46b040000	1	00333462
00046bec	53	00333462	ec6b040000	1	00333462
00046bf4	None	00333462	f46b040000	1	00333462
00046bfc	None	00333462	fc6b040000	1	00333462
00046c04	19	00333462	046c040000	1	00333462
00046c0c	19	00333462	0c6c040000	1	00333462
00046c14	None	00333462	146c040000	1	00333462
00046c1c	None	00333462	1c6c040000	1	00333462
00046c24	17	00333462	246c040000	1	00333462
00046c2c	17	00333462	2c6c040000	1	00333462
00046c34	38	00333462	346c040000	1	00333462
00046c3c	38	00333462	3c6c040000	1	00333462
00046c44	None	00333462	446c040000	1	00333462
00046c4c	None	00333462	4c6c040000	1	00333462
00046c54	None	00333462	546c040000	1	00333462
00046c5c	None	00333462	5c6c040000	1	00333462
00046c64	None	00333462	646c040000	1	00333462
00046c6c	None	00333462	6c6c040000	2	00333462
00046c74	None	00333462	746c040000	1	00333462
00046c7c	None	00333462	7c6c040000	1	00333462
00046c84	None	00333462	846c040000	1	00333462
00046c8c	None	00333462	8c6c040000	1	00333462
00046c94	30	00333462	946c040000	1	00333462
00046c9c	30	00333462	9c6c040000	1	00333462
00046ca4	38	00333462	a46c040000	1	00333462
00046cac	38	00333462	ac6c040000	1	00333462
00046cbc	43	00333462	bc6c040000	1	00333462
00046cc4	None	00333462	c46c040000	1	00333462
00046ccc	None	00333462	cc6c040000	1	00333462
00046cd4	None	00333462	d46c040000	1	00333462
00046cdc	None	00333462	dc6c040000	1	00333462
00046ce4	None	00333462	e46c040000	1	00333462
00046cec	None	00333462	ec6c040000	2	00333462
00046cf4	None	00333462	f46c040000	1	00333462
00046cfc	None	00333462	fc6c040000	1	00333462
00046d04	9	00333462	046d040000	1	00333462
00046d0c	9	00333462	0c6d040000	1	00333462
00046d14	8	00333462	146d040000	1	00333462
00046d1c	8	00333462	1c6d040000	1	00333462
00046d24	7	00333462	246d040000	1	00333462
00046d2c	7	00333462	2c6d040000	1	00333462
00046d34	6	00333462	346d040000	1	00333462
00046d3c	6	00333462	3c6d040000	1	00333462
00046d44	6	00333462	446d040000	1	00333462
00046d4c	6	00333462	4c6d040000	1	00333462
00046d54	5	00333462	546d040000	1	00333462
00046d5c	5	00333462	5c6d040000	1	00333462
00046d64	3	00333462	646d040000	1	00333462
00046d6c	3	00333462	6c6d040000	1	00333462
00046d74	2	00333462	746d040000	1	00333462
00046d7c	2	00333462	7c6d040000	1	00333462
00046d84	None	00333462	846d040000	1	00333462
00046d8c	2	00333462	8c6d040000	2	00333462	INCONSISTENT
00054321	1	0059023c	2143050000	1	0059023c
00055555	20	0059023c	5555050000	5	0059023c	INCONSISTENT
0005b4e8	None	00376970	e8b4050000	1	00376970
0005b518	None	0037657c	18b5050000	1	0037657c
0005b548	None	0037657c	48b5050000	1	0037657c
00063468	None	00333462	6834060000	1	00333462
000634b8	None	00333462	b834060000	1	00333462
000634f8	None	00333462	f834060000	1	00333462
000635d4	None	00333462	d435060000	1	00333462
000635d8	22	00333462	d835060000	1	00333462
000635ec	None	00333462	ec35060000	1	00333462
000635f8	53	00333462	f835060000	1	00333462
00063604	None	00333462	0436060000	1	00333462
00063618	17	00333462	1836060000	1	00333462
0006362c	None	00333462	2c36060000	1	00333462
0006364c	None	00333462	4c36060000	1	00333462
00063688	9	00333462	8836060000	1	00333462
00063698	7	00333462	9836060000	1	00333462
000636a8	6	00333462	a836060000	1	00333462
000636b8	3	00333462	b836060000	1	00333462
0007015d	None	0086a594	5d01070000	1	0086a594
00080002	70	007271d8	0200080000	2	007271d8
0009a78d	None	0083ff90	8da7090000	1	0083ff90
0009a8ad	None	0083fe24	ada8090000	1	0083fe24
0009a907	None	0083fe24	07a9090000	1	0083fe24
000a5a00	None	0045e6f0	005a0a0000	4	0045e6f0
000b21c4	None	00846c60	c4210b0000	1	00846c60
000dac00	None	0045ddd4	00ac0d0000	1	0045ddd4
000e2e5e	None	007f76bc	5e2e0e0000	1	007f76bc
000e2e92	None	007f76bc	922e0e0000	1	007f76bc
000e2ec6	None	007f76bc	c62e0e0000	1	007f76bc
000e2efa	None	007f76bc	fa2e0e0000	1	007f76bc
000e2f62	None	007f76bc	622f0e0000	1	007f76bc
000fe559	10	007dc138	59e50f0000	1	007dc138
00100001	20	00434c90	0100100000	1	00434c90
00110001	20	00434c90	0100110000	1	00434c90
00123108	None	007cbb62	0831120000	1	007cbb62
0013fbbb	None	0079a9ce	bbfb130000	1	0079a9ce
0016ae95	None	008aa6a8	95ae160000	1	008aa6a8
0016afe5	None	008aa6a8	e5af160000	1	008aa6a8
0016f099	None	008be6d8	99f0160000	1	008be6d8
0016f171	None	008be6d8	71f1160000	1	008be6d8
0016f25d	None	008be6d8	5df2160000	1	008be6d8
00172260	None	00768014	6022170000	1	00768014
001722f6	None	00767f84	f622170000	1	00767f84
00191d83	1	0074d3e4	831d190000	1	0074d3e4
00193ccd	1	0074ae74	cd3c190000	1	0074ae74
001a1f08	1	007399b0	081f1a0000	1	007399b0
001a1fca	1	007399b0	ca1f1a0000	1	007399b0
001a1ff0	1	007399b0	f01f1a0000	1	007399b0
001a4ec6	1	00736a74	c64e1a0000	1	00736a74
001a4f12	1	00736a74	124f1a0000	1	00736a74
001a4f38	1	00736a74	384f1a0000	1	00736a74
001a924f	None	008be6d8	4f921a0000	1	008be6d8
001ad97e	None	00867e0c	7ed91a0000	1	00867e0c
001ad98e	None	00867e0c	8ed91a0000	1	00867e0c
001ad9a2	None	00867e0c	a2d91a0000	1	00867e0c
001ad9b4	None	00867e0c	b4d91a0000	1	00867e0c
001ad9c4	None	00867e0c	c4d91a0000	1	00867e0c
001ad9e2	None	00867e0c	e2d91a0000	1	00867e0c
001ad9f2	None	00867e0c	f2d91a0000	1	00867e0c
001ada10	None	00867e0c	10da1a0000	1	00867e0c
001ada1f	None	00867e0c	1fda1a0000	1	00867e0c
001ada3e	None	00867e0c	3eda1a0000	1	00867e0c
001ada4c	None	00867e0c	4cda1a0000	1	00867e0c
001bfb7c	None	008be6d8	7cfb1b0000	1	008be6d8
001c050a	None	008be1f4	0a051c0000	1	008be1f4
001c800e	1	007139ec	0e801c0000	1	007139ec
001cba9e	1	0070ff24	9eba1c0000	1	0070ff24
001cbac2	1	0070ff24	c2ba1c0000	1	0070ff24
001d3586	None	00845fe4	86351d0000	1	00845fe4
001d374e	None	00845e1c	4e371d0000	1	00845e1c
001eb86e	1	006f0158	6eb81e0000	1	006f0158
001ecb57	1	0089f278	57cb1e0000	1	0089f278
001fd997	0	0086a1a8	97d91f0000	1	0086a1a8
001fd9bf	None	0086a1a8	bfd91f0000	1	0086a1a8
001fdfa9	0	00869d64	a9df1f0000	1	00869d64
001fdfc1	None	00869d64	c1df1f0000	1	00869d64
001fe091	0	00869a12	91e01f0000	1	00869a12
001fe0c1	None	00869a12	c1e01f0000	1	00869a12
001fe1b3	0	00869a12	b3e11f0000	1	00869a12
001fe1e3	None	00869a12	e3e11f0000	1	00869a12
00200002	6	0068f69c	0200200000	8	0068f69c	INCONSISTENT
00200003	None	006932c4	0300200000	1	006932c4
00200008	None	00436114	0800200000	1	00436114
00200009	None	004362f4	0900200000	1	004362f4
00201e47	None	008aa6a8	471e200000	1	008aa6a8
00205b78	None	008b8ac0	785b200000	1	008b8ac0
00205cb6	None	008b8ac0	b65c200000	1	008b8ac0
00205e74	None	008b8ac0	745e200000	1	008b8ac0
00205fc2	None	008b8ac0	c25f200000	1	008b8ac0
0020638c	None	008b8ac0	8c63200000	1	008b8ac0
00209442	None	008aa6a8	4294200000	1	008aa6a8
0020ae92	None	008a8a6a	92ae200000	1	008a8a6a
0020b6ac	1	008a1308	acb6200000	1	008a1308
0020b6d0	1	008a1308	d0b6200000	1	008a1308
00211846	None	00885070	4618210000	1	00885070
0021272a	None	008842e6	2a27210000	1	008842e6
002156d8	None	00880f2c	d856210000	1	00880f2c
00215a16	None	00880abc	165a210000	1	00880abc
002173e4	1	00894988	e473210000	1	00894988
00217416	0	00894988	1674210000	1	00894988
0021ab4e	None	0082b09c	4eab210000	1	0082b09c
0021ab76	None	0082b09c	76ab210000	1	0082b09c
0021ab94	None	0082b09c	94ab210000	1	0082b09c
0021d054	None	0086ed32	54d0210000	1	0086ed32
0021d09b	1	0086ed32	9bd0210000	1	0086ed32
0021d0b1	1	0086ed32	b1d0210000	1	0086ed32
0021e194	1	0086d924	94e1210000	1	0086d924
0021e98e	None	0086d136	8ee9210000	1	0086d136
0021efc8	1	0086cbd8	c8ef210000	1	0086cbd8
0021f15c	1	0086ca14	5cf1210000	1	0086ca14
00222d10	None	00872f3c	102d220000	1	00872f3c
00225de6	None	008656a0	e65d220000	1	008656a0
00226e40	None	008645a4	406e220000	1	008645a4
0022d2c0	None	006cbb48	c0d2220000	1	006cbb48
0022dd7a	1	0085bec8	7add220000	1	0085bec8
002390bc	None	00845a5c	bc90230000	1	00845a5c
002393ae	None	00845658	ae93230000	1	00845658
0023c6ec	None	008422e4	ecc6230000	1	008422e4
0023fc9c	None	0083e940	9cfc230000	1	0083e940
00248c94	None	00835150	948c240000	1	00835150
0024d1fc	None	007c84ac	fcd1240000	1	007c84ac
0024d20b	None	007c84ac	0bd2240000	1	007c84ac
0024d229	None	007c84ac	29d2240000	1	007c84ac
0024d29d	None	007c84ac	9dd2240000	1	007c84ac
0024d2cd	None	007c84ac	cdd2240000	1	007c84ac
0024d2ff	None	007c84ac	ffd2240000	1	007c84ac
0024d327	None	007c84ac	27d3240000	1	007c84ac
0024d33a	None	007c84ac	3ad3240000	1	007c84ac
0024d352	None	007c84ac	52d3240000	1	007c84ac
0024d37d	None	007c84ac	7dd3240000	1	007c84ac
0024d38d	None	007c84ac	8dd3240000	1	007c84ac
0024d3ab	None	007c84ac	abd3240000	1	007c84ac
0024d3b7	None	007c84ac	b7d3240000	1	007c84ac
0024d3dd	None	007c84ac	ddd3240000	1	007c84ac
0024d479	None	007c84ac	79d4240000	1	007c84ac
0024d499	None	007c84ac	99d4240000	1	007c84ac
0024d4d5	None	007c84ac	d5d4240000	1	007c84ac
0024ecb0	None	0082edd8	b0ec240000	1	0082edd8
0024ecd8	None	0082edd8	d8ec240000	1	0082edd8
0024ecea	None	0082edd8	eaec240000	1	0082edd8
0024ee2e	None	0082edd8	2eee240000	1	0082edd8
0025254e	None	0082b09c	4e25250000	1	0082b09c
002538d2	None	008294b0	d238250000	1	008294b0
00257840	None	006a15d8	4078250000	1	006a15d8
00264d4e	None	008173ac	4e4d260000	1	008173ac
00264d70	None	008173ac	704d260000	1	008173ac
00265184	None	008173ac	8451260000	1	008173ac
002651e2	None	008173ac	e251260000	1	008173ac
00265202	None	008173ac	0252260000	1	008173ac
0026527c	1	008173ac	7c52260000	1	008173ac
00265280	None	008173ac	8052260000	1	008173ac
0026942c	None	00812f74	2c94260000	1	00812f74
0026bc24	24	00810588	24bc260000	1	00810588
0026d4b2	1	0080edba	b2d4260000	1	0080edba
00282008	None	007e658c	0820280000	1	007e658c
0028206c	None	007e658c	6c20280000	1	007e658c
002820a2	None	007e658c	a220280000	1	007e658c
0028655e	1	007e183c	5e65280000	1	007e183c
00286bd6	None	007e550c	d66b280000	1	007e550c
00287134	None	007e0e12	3471280000	1	007e0e12
002871b0	None	007e0d96	b071280000	1	007e0d96
00287200	None	007e0d46	0072280000	1	007e0d46
00287250	None	007e0cf6	5072280000	1	007e0cf6
00287340	None	007e0c06	4073280000	1	007e0c06
002874fc	None	007e0a4a	fc74280000	1	007e0a4a
0028a9df	None	007dd098	dfa9280000	1	007dd098
002973b6	1	007ce51c	b673290000	1	007ce51c
00297412	1	007ce4bc	1274290000	1	007ce4bc
00297468	1	007ce462	6874290000	1	007ce462
002974c6	1	007ce406	c674290000	1	007ce406
002976c4	1	007ce1f8	c476290000	1	007ce1f8
0029a454	0	007cb11c	54a4290000	1	007cb11c
002a5b4e	None	00773a1c	4e5b2a0000	1	00773a1c
002aefc5	None	007969ae	c5ef2a0000	1	007969ae
002be114	None	0061c16c	14e12b0000	1	0061c16c
002be1a4	None	0061c0d0	a4e12b0000	1	0061c0d0
002be232	None	0061c054	32e22b0000	1	0061c054
002be2ae	None	0061bfd8	aee22b0000	1	0061bfd8
002be32a	None	0061bf5c	2ae32b0000	1	0061bf5c
002be3a6	None	0061bee0	a6e32b0000	1	0061bee0
002be4ba	None	0061bce8	bae42b0000	1	0061bce8
002be642	None	0061bc08	42e62b0000	1	0061bc08
002be752	None	0061bab0	52e72b0000	1	0061bab0
002be852	None	0061ba34	52e82b0000	1	0061ba34
002be8d4	None	0061b9ac	d4e82b0000	1	0061b9ac
002be956	None	0061b930	56e92b0000	1	0061b930
002bea50	None	0061b77c	50ea2b0000	1	0061b77c
002bec32	None	0061b54c	32ec2b0000	1	0061b54c
002bedf6	None	0061b430	f6ed2b0000	1	0061b430
002beef8	None	0061b358	f8ee2b0000	1	0061b358
002befb8	None	0061b2bc	b8ef2b0000	1	0061b2bc
002bf04e	None	0061b22c	4ef02b0000	1	0061b22c
002bf0ce	None	0061b1b8	cef02b0000	1	0061b1b8
002bf142	None	0061b144	42f12b0000	1	0061b144
002bf26e	None	0061af08	6ef22b0000	1	0061af08
002bf47a	None	0061ad4c	7af42b0000	1	0061ad4c
002bf62e	None	0061aba4	2ef62b0000	1	0061aba4
002bf75e	None	0061ab28	5ef72b0000	1	0061ab28
002bf7d2	None	0061aab4	d2f72b0000	1	0061aab4
002bf856	None	0061aa24	56f82b0000	1	0061aa24
002bf8d6	None	0061a9b0	d6f82b0000	1	0061a9b0
002bf952	None	0061a934	52f92b0000	1	0061a934
002bf9c6	None	0061a8c0	c6f92b0000	1	0061a8c0
002bfa40	None	0061a848	40fa2b0000	1	0061a848
002bfab8	None	0061a7d0	b8fa2b0000	1	0061a7d0
002bfb30	None	0061a758	30fb2b0000	1	0061a758
002bfbb8	None	0061a6cc	b8fb2b0000	1	0061a6cc
002bfc44	None	0061a640	44fc2b0000	1	0061a640
002bfcd0	None	0061a5b4	d0fc2b0000	1	0061a5b4
002bfd5c	None	0061a528	5cfd2b0000	1	0061a528
002bfde8	None	0061a49c	e8fd2b0000	1	0061a49c
002bfe64	None	0061a424	64fe2b0000	1	0061a424
002bfeec	None	0061a398	ecfe2b0000	1	0061a398
002bff78	None	0061a30c	78ff2b0000	1	0061a30c
002c0004	None	0061a280	04002c0000	1	0061a280
002c0080	None	0061a208	80002c0000	1	0061a208
002c00f8	None	0061a190	f8002c0000	1	0061a190
002c0170	None	0061a118	70012c0000	1	0061a118
002c01e8	None	0061a0a0	e8012c0000	1	0061a0a0
002c0262	None	007a4558	62022c0000	1	007a4558
002c0270	None	0061a014	70022c0000	1	0061a014
002c02a6	None	007a4558	a6022c0000	1	007a4558
002c02ec	None	00619f9c	ec022c0000	1	00619f9c
002c0374	None	00619f10	74032c0000	1	00619f10
002c03ee	None	007a4490	ee032c0000	1	007a4490
002c03f0	None	00619e98	f0032c0000	1	00619e98
002c047a	None	00619e04	7a042c0000	1	00619e04
002c04fc	None	00619d8c	fc042c0000	1	00619d8c
002c0586	None	00619cf8	86052c0000	1	00619cf8
002c0618	None	00619c6c	18062c0000	1	00619c6c
002c06a4	None	00619be0	a4062c0000	1	00619be0
002c0720	None	00619b68	20072c0000	1	00619b68
002c07a8	None	00619adc	a8072c0000	1	00619adc
002c0834	None	00619a50	34082c0000	1	00619a50
002c08b0	None	006199d8	b0082c0000	1	006199d8
002c0922	None	00619964	22092c0000	1	00619964
002c0996	None	006198f0	96092c0000	1	006198f0
002c0a18	None	00619868	180a2c0000	1	00619868
002c0aa0	None	006197e0	a00a2c0000	1	006197e0
002c0b2a	None	00619750	2a0b2c0000	1	00619750
002c0baa	None	006196dc	aa0b2c0000	1	006196dc
002c0c26	None	00619660	260c2c0000	1	00619660
002c0d22	None	006194a4	220d2c0000	1	006194a4
002c0e56	None	00619430	560e2c0000	1	00619430
002c0f1a	None	00619300	1a0f2c0000	1	00619300
002c1028	None	00619228	28102c0000	1	00619228
002c1128	None	00619140	28112c0000	1	00619140
002c11ca	None	006190b0	ca112c0000	1	006190b0
002c124a	None	0061903c	4a122c0000	1	0061903c
002c12cc	None	00618fb4	cc122c0000	1	00618fb4
002c1356	None	00618f24	56132c0000	1	00618f24
002c13d6	None	00618eb0	d6132c0000	1	00618eb0
002c14c0	None	00618d24	c0142c0000	1	00618d24
002c15e4	None	00618c9c	e4152c0000	1	00618c9c
002c166c	None	00618c14	6c162c0000	1	00618c14
002c16f6	None	00618b84	f6162c0000	1	00618b84
002c1776	None	00618b10	76172c0000	1	00618b10
002c17ea	None	00618a9c	ea172c0000	1	00618a9c
002c185e	None	00618a28	5e182c0000	1	00618a28
002c18f8	None	00618964	f8182c0000	1	00618964
002c19bc	None	006188a0	bc192c0000	1	006188a0
002c1a62	None	00618824	621a2c0000	1	00618824
002c1ae6	None	00618794	e61a2c0000	1	00618794
002c1b7c	None	006186f8	7c1b2c0000	1	006186f8
002c1c60	None	006185a8	601c2c0000	1	006185a8
002c1da0	None	00618480	a01d2c0000	1	00618480
002c1e82	None	00618404	821e2c0000	1	00618404
002c1f06	None	00618374	061f2c0000	1	00618374
002c1fd4	None	0061824c	d41f2c0000	1	0061824c
002c20ec	None	0061814c	ec202c0000	1	0061814c
002c21e4	None	00618060	e4212c0000	1	00618060
002c22c0	None	00617f9c	c0222c0000	1	00617f9c
002c239e	None	00617e94	9e232c0000	1	00617e94
002c2496	None	00617db4	96242c0000	1	00617db4
002c2546	None	00617d40	46252c0000	1	00617d40
002c25c8	None	00617cb8	c8252c0000	1	00617cb8
002c2642	None	00617c44	42262c0000	1	00617c44
002c26b6	None	00617bd0	b6262c0000	1	00617bd0
002c2738	None	00617b48	38272c0000	1	00617b48
002c27b2	None	00617ad4	b2272c0000	1	00617ad4
002c282e	None	00617a58	2e282c0000	1	00617a58
002c28b2	None	006179c8	b2282c0000	1	006179c8
002c2942	None	00617938	42292c0000	1	00617938
002c29ca	None	006178bc	ca292c0000	1	006178bc
002c2a46	None	00617840	462a2c0000	1	00617840
002c2ac2	None	006177c4	c22a2c0000	1	006177c4
002c2b3e	None	00617748	3e2b2c0000	1	00617748
002c2bba	None	006176cc	ba2b2c0000	1	006176cc
002c2c2e	None	00617658	2e2c2c0000	1	00617658
002c2ca2	None	006175e4	a22c2c0000	1	006175e4
002c2d16	None	00617570	162d2c0000	1	00617570
002c2db0	None	006174ac	b02d2c0000	1	006174ac
002c2e66	None	00617408	662e2c0000	1	00617408
002c2ef2	None	00617394	f22e2c0000	1	00617394
002c2f66	None	00617320	662f2c0000	1	00617320
002c2fe2	None	006172a4	e22f2c0000	1	006172a4
002c3076	1	007a098c	76302c0000	2	007a098c
002c3134	None	00617128	34312c0000	1	00617128
002c320a	None	00617034	0a322c0000	1	00617034
002c32ce	None	00616fb8	ce322c0000	1	00616fb8
002c3352	None	00616f28	52332c0000	1	00616f28
002c33e2	None	00616e98	e2332c0000	1	00616e98
002c34a0	None	00616d98	a0342c0000	1	00616d98
002c35d2	None	00616c18	d2352c0000	1	00616c18
002c3748	None	00616ab4	48372c0000	1	00616ab4
002c38ae	None	00616948	ae382c0000	1	00616948
002c3a10	None	006167f8	103a2c0000	1	006167f8
002c3b10	None	00616770	103b2c0000	1	00616770
002c3b64	None	007a098c	643b2c0000	1	007a098c
002c3b98	None	006166e8	983b2c0000	1	006166e8
002c3c72	None	00616590	723c2c0000	1	00616590
002c3dc2	None	0061644c	c23d2c0000	1	0061644c
002c3eb6	None	006163d0	b63e2c0000	1	006163d0
002c3f6a	None	006162c8	6a3f2c0000	1	006162c8
002c4080	None	006161a0	80402c0000	1	006161a0
002c4190	None	006160b4	90412c0000	1	006160b4
002c4276	None	00615fd4	76422c0000	1	00615fd4
002c434e	None	00615f08	4e432c0000	1	00615f08
002c4412	None	00615e50	12442c0000	1	00615e50
002c44da	None	00615d70	da442c0000	1	00615d70
002c45b8	None	00615c98	b8452c0000	1	00615c98
002c468a	None	00615bcc	8a462c0000	1	00615bcc
002c4754	None	00615b08	54472c0000	1	00615b08
002c47f2	None	00615a94	f2472c0000	1	00615a94
002c4866	None	00615a20	66482c0000	1	00615a20
002c48da	None	006159ac	da482c0000	1	006159ac
002c494e	None	00615938	4e492c0000	1	00615938
002c49c2	None	006158c4	c2492c0000	1	006158c4
002c4a44	None	0061583c	444a2c0000	1	0061583c
002c4acc	None	006157b4	cc4a2c0000	1	006157b4
002c4b46	None	00615740	464b2c0000	1	00615740
002c4bba	None	006156cc	ba4b2c0000	1	006156cc
002c4c2e	None	00615658	2e4c2c0000	1	00615658
002c4caa	None	006155dc	aa4c2c0000	1	006155dc
002c4d2e	None	0061554c	2e4d2c0000	1	0061554c
002c4dbc	None	006154c4	bc4d2c0000	1	006154c4
002c4e4c	None	00615428	4c4e2c0000	1	00615428
002c4ee2	None	00615398	e24e2c0000	1	00615398
002c4f6a	None	0061531c	6a4f2c0000	1	0061531c
002c4fe6	None	006152a0	e64f2c0000	1	006152a0
002c5062	None	00615224	62502c0000	1	00615224
002c50de	None	006151a8	de502c0000	1	006151a8
002c515a	None	0061512c	5a512c0000	1	0061512c
002c51ce	None	006150b8	ce512c0000	1	006150b8
002c527a	None	0061500c	7a522c0000	1	0061500c
002c5326	None	00614f60	26532c0000	1	00614f60
002c539a	None	00614eec	9a532c0000	1	00614eec
002c5434	None	00614e28	34542c0000	1	00614e28
002c54ea	None	00614d84	ea542c0000	1	00614d84
002c5576	None	00614d10	76552c0000	1	00614d10
002c55ea	None	00614c9c	ea552c0000	1	00614c9c
002c565e	None	00614c28	5e562c0000	1	00614c28
002c56d2	None	00614bb4	d2562c0000	1	00614bb4
002c5746	None	00614b40	46572c0000	1	00614b40
002c57da	None	00614a88	da572c0000	1	00614a88
002c58a2	None	006149a8	a2582c0000	1	006149a8
002c5952	None	00614934	52592c0000	1	00614934
002c59c6	None	006148c0	c6592c0000	1	006148c0
002c5a3a	None	0061484c	3a5a2c0000	1	0061484c
002c5abc	None	006147c4	bc5a2c0000	1	006147c4
002c5b94	None	006146c8	945b2c0000	1	006146c8
002c5c40	None	00614640	405c2c0000	1	00614640
002c5ce0	None	0061457c	e05c2c0000	1	0061457c
002c5d96	None	006144d8	965d2c0000	1	006144d8
002c5e2a	None	0061445c	2a5e2c0000	1	0061445c
002c5ea6	None	006143e0	a65e2c0000	1	006143e0
002c5f22	None	00614364	225f2c0000	1	00614364
002c5fa4	None	006142dc	a45f2c0000	1	006142dc
002c601e	None	00614268	1e602c0000	1	00614268
002c6092	None	006141f4	92602c0000	1	006141f4
002c6106	None	00614180	06612c0000	1	00614180
002c617a	None	0061410c	7a612c0000	1	0061410c
002c61ee	None	00614098	ee612c0000	1	00614098
002c6270	None	00614010	70622c0000	1	00614010
002c62ea	None	00613f9c	ea622c0000	1	00613f9c
002c636c	None	00613f14	6c632c0000	1	00613f14
002c63e6	None	00613ea0	e6632c0000	1	00613ea0
002c6462	None	00613e24	62642c0000	1	00613e24
002c64e6	None	00613d94	e6642c0000	1	00613d94
002c656e	None	00613d18	6e652c0000	1	00613d18
002c65f8	None	00613c7c	f8652c0000	1	00613c7c
002c667e	None	00613c08	7e662c0000	1	00613c08
002c66f2	None	00613b94	f2662c0000	1	00613b94
002c676e	None	00613b18	6e672c0000	1	00613b18
002c67f8	None	00613a7c	f8672c0000	1	00613a7c
002c687e	None	00613a08	7e682c0000	1	00613a08
002c68f2	None	00613994	f2682c0000	1	00613994
002c697c	None	00613908	7c692c0000	1	00613908
002c6a08	None	0061387c	086a2c0000	1	0061387c
002c6a94	None	006137f0	946a2c0000	1	006137f0
002c6b20	None	00613764	206b2c0000	1	00613764
002c6bac	None	006136d8	ac6b2c0000	1	006136d8
002c6c38	None	0061364c	386c2c0000	1	0061364c
002c6cb4	None	006135d4	b46c2c0000	1	006135d4
002c6d2c	None	0061355c	2c6d2c0000	1	0061355c
002c6db4	None	006134d0	b46d2c0000	1	006134d0
002c6e40	None	00613444	406e2c0000	1	00613444
002c6ecc	None	006133b8	cc6e2c0000	1	006133b8
002c6f58	None	0061332c	586f2c0000	1	0061332c
002c6fe4	None	006132a0	e46f2c0000	1	006132a0
002c7070	None	00613214	70702c0000	1	00613214
002c70fc	None	00613188	fc702c0000	1	00613188
002c7188	None	006130fc	88712c0000	1	006130fc
002c7214	None	00613070	14722c0000	1	00613070
002c72a0	None	00612fe4	a0722c0000	1	00612fe4
002c732c	None	00612f58	2c732c0000	1	00612f58
002c73b8	None	00612ecc	b8732c0000	1	00612ecc
002c7444	None	00612e40	44742c0000	1	00612e40
002c74d0	None	00612db4	d0742c0000	1	00612db4
002c755c	None	00612d28	5c752c0000	1	00612d28
002c75e8	None	00612c9c	e8752c0000	1	00612c9c
002c7674	None	00612c10	74762c0000	1	00612c10
002c7700	None	00612b84	00772c0000	1	00612b84
002c778c	None	00612af8	8c772c0000	1	00612af8
002c7818	None	00612a6c	18782c0000	1	00612a6c
002c78a4	None	006129e0	a4782c0000	1	006129e0
002c7930	None	00612954	30792c0000	1	00612954
002c79bc	None	006128c8	bc792c0000	1	006128c8
002c7a48	None	0061283c	487a2c0000	1	0061283c
002c7ad4	None	006127b0	d47a2c0000	1	006127b0
002c7b60	None	00612724	607b2c0000	1	00612724
002c7bec	None	00612698	ec7b2c0000	1	00612698
002c7c78	None	0061260c	787c2c0000	1	0061260c
002c7d04	None	00612580	047d2c0000	1	00612580
002c7d90	None	006124f4	907d2c0000	1	006124f4
002c7e1c	None	00612468	1c7e2c0000	1	00612468
002c7ea8	None	006123dc	a87e2c0000	1	006123dc
002c7f34	None	00612350	347f2c0000	1	00612350
002c7fc0	None	006122c4	c07f2c0000	1	006122c4
002c804c	None	00612238	4c802c0000	1	00612238
002c80d8	None	006121ac	d8802c0000	1	006121ac
002c8164	None	00612120	64812c0000	1	00612120
002c81f0	None	00612094	f0812c0000	1	00612094
002c827c	None	00612008	7c822c0000	1	00612008
002c8308	None	00611f7c	08832c0000	1	00611f7c
002c8394	None	00611ef0	94832c0000	1	00611ef0
002c8420	None	00611e64	20842c0000	1	00611e64
002c84ac	None	00611dd8	ac842c0000	1	00611dd8
002c8538	None	00611d4c	38852c0000	1	00611d4c
002c85c4	None	00611cc0	c4852c0000	1	00611cc0
002c8650	None	00611c34	50862c0000	1	00611c34
002c86dc	None	00611ba8	dc862c0000	1	00611ba8
002c8768	None	00611b1c	68872c0000	1	00611b1c
002c87f4	None	00611a90	f4872c0000	1	00611a90
002c8880	None	00611a04	80882c0000	1	00611a04
002c890c	None	00611978	0c892c0000	1	00611978
002c8998	None	006118ec	98892c0000	1	006118ec
002c8a24	None	00611860	248a2c0000	1	00611860
002c8ab0	None	006117d4	b08a2c0000	1	006117d4
002c8b3c	None	00611748	3c8b2c0000	1	00611748
002c8bc8	None	006116bc	c88b2c0000	1	006116bc
002c8c54	None	00611630	548c2c0000	1	00611630
002c8ce0	None	006115a4	e08c2c0000	1	006115a4
002c8d6c	None	00611518	6c8d2c0000	1	00611518
002c8df8	None	0061148c	f88d2c0000	1	0061148c
002c8e84	None	00611400	848e2c0000	1	00611400
002c8f10	None	00611374	108f2c0000	1	00611374
002c8f9c	None	006112e8	9c8f2c0000	1	006112e8
002c9028	None	0061125c	28902c0000	1	0061125c
002c90b4	None	006111d0	b4902c0000	1	006111d0
002c9140	None	00611144	40912c0000	1	00611144
002c91cc	None	006110b8	cc912c0000	1	006110b8
002c9258	None	0061102c	58922c0000	1	0061102c
002c92e4	None	00610fa0	e4922c0000	1	00610fa0
002c9370	None	00610f14	70932c0000	1	00610f14
002c93fc	None	00610e88	fc932c0000	1	00610e88
002c9488	None	00610dfc	88942c0000	1	00610dfc
002c9514	None	00610d70	14952c0000	1	00610d70
002c95a0	None	00610ce4	a0952c0000	1	00610ce4
002c962c	None	00610c58	2c962c0000	1	00610c58
002c96b8	None	00610bcc	b8962c0000	1	00610bcc
002c9744	None	00610b40	44972c0000	1	00610b40
002c97d0	None	00610ab4	d0972c0000	1	00610ab4
002c985c	None	00610a28	5c982c0000	1	00610a28
002c98e8	None	0061099c	e8982c0000	1	0061099c
002c9974	None	00610910	74992c0000	1	00610910
002c9a00	None	00610884	009a2c0000	1	00610884
002c9a8c	None	006107f8	8c9a2c0000	1	006107f8
002c9b18	None	0061076c	189b2c0000	1	0061076c
002c9ba4	None	006106e0	a49b2c0000	1	006106e0
002c9c30	None	00610654	309c2c0000	1	00610654
002c9cbc	None	006105c8	bc9c2c0000	1	006105c8
002c9d48	None	0061053c	489d2c0000	1	0061053c
002c9dd4	None	006104b0	d49d2c0000	1	006104b0
002c9e60	None	00610424	609e2c0000	1	00610424
002c9eec	None	00610398	ec9e2c0000	1	00610398
002c9f78	None	0061030c	789f2c0000	1	0061030c
002ca004	None	00610280	04a02c0000	1	00610280
002ca090	None	006101f4	90a02c0000	1	006101f4
002ca11c	None	00610168	1ca12c0000	1	00610168
002ca1a8	None	006100dc	a8a12c0000	1	006100dc
002ca234	None	00610050	34a22c0000	1	00610050
002ca2c0	None	0060ffc4	c0a22c0000	1	0060ffc4
002ca34c	None	0060ff38	4ca32c0000	1	0060ff38
002ca3d8	None	0060feac	d8a32c0000	1	0060feac
002ca464	None	0060fe20	64a42c0000	1	0060fe20
002ca4f0	None	0060fd94	f0a42c0000	1	0060fd94
002ca57c	None	0060fd08	7ca52c0000	1	0060fd08
002ca608	None	0060fc7c	08a62c0000	1	0060fc7c
002ca67e	None	0060fc08	7ea62c0000	1	0060fc08
002ca708	None	0060fb7c	08a72c0000	1	0060fb7c
002ca794	None	0060faf0	94a72c0000	1	0060faf0
002ca820	None	0060fa64	20a82c0000	1	0060fa64
002ca8ac	None	0060f9d8	aca82c0000	1	0060f9d8
002ca938	None	0060f94c	38a92c0000	1	0060f94c
002ca9c4	None	0060f8c0	c4a92c0000	1	0060f8c0
002caa50	None	0060f834	50aa2c0000	1	0060f834
002caadc	None	0060f7a8	dcaa2c0000	1	0060f7a8
002cab68	None	0060f71c	68ab2c0000	1	0060f71c
002cabf4	None	0060f690	f4ab2c0000	1	0060f690
002cac80	None	0060f604	80ac2c0000	1	0060f604
002cad0c	None	0060f578	0cad2c0000	1	0060f578
002cad98	None	0060f4ec	98ad2c0000	1	0060f4ec
002cae24	None	0060f460	24ae2c0000	1	0060f460
002caeb0	None	0060f3d4	b0ae2c0000	1	0060f3d4
002caf3c	None	0060f348	3caf2c0000	1	0060f348
002cafc8	None	0060f2bc	c8af2c0000	1	0060f2bc
002cb054	None	0060f230	54b02c0000	1	0060f230
002cb0e0	None	0060f1a4	e0b02c0000	1	0060f1a4
002cb16c	None	0060f118	6cb12c0000	1	0060f118
002cb1f8	None	0060f08c	f8b12c0000	1	0060f08c
002cb284	None	0060f000	84b22c0000	1	0060f000
002cb310	None	0060ef74	10b32c0000	1	0060ef74
002cb39c	None	0060eee8	9cb32c0000	1	0060eee8
002cb428	None	0060ee5c	28b42c0000	1	0060ee5c
002cb4b4	None	0060edd0	b4b42c0000	1	0060edd0
002cb52a	None	0060ed5c	2ab52c0000	1	0060ed5c
002cb5ac	None	0060ecd4	acb52c0000	1	0060ecd4
002cb626	None	0060ec60	26b62c0000	1	0060ec60
002cb6aa	None	0060ebd0	aab62c0000	1	0060ebd0
002cb738	None	0060eb48	38b72c0000	1	0060eb48
002cb7c0	None	0060eac0	c0b72c0000	1	0060eac0
002cb850	None	0060ea24	50b82c0000	1	0060ea24
002cb8de	None	0060e9a8	deb82c0000	1	0060e9a8
002cb95a	None	0060e92c	5ab92c0000	1	0060e92c
002cb9d6	None	0060e8b0	d6b92c0000	1	0060e8b0
002cba52	None	0060e834	52ba2c0000	1	0060e834
002cbad4	None	0060e7ac	d4ba2c0000	1	0060e7ac
002cbb64	None	0060e710	64bb2c0000	1	0060e710
002cbbfa	None	0060e680	fabb2c0000	1	0060e680
002cbc88	None	0060e5f8	88bc2c0000	1	0060e5f8
002cbd10	None	0060e570	10bd2c0000	1	0060e570
002cbda0	None	0060e4d4	a0bd2c0000	1	0060e4d4
002cbe34	None	0060e44c	34be2c0000	1	0060e44c
002cbec4	None	0060e3b0	c4be2c0000	1	0060e3b0
002cbf60	None	0060e314	60bf2c0000	1	0060e314
002cbffc	None	0060e278	fcbf2c0000	1	0060e278
002cc082	None	0060e204	82c02c0000	1	0060e204
002cc104	None	0060e17c	04c12c0000	1	0060e17c
002cc17e	None	0060e108	7ec12c0000	1	0060e108
002cc1f2	None	0060e094	f2c12c0000	1	0060e094
002cc26e	None	0060e018	6ec22c0000	1	0060e018
002cc2ea	None	0060df9c	eac22c0000	1	0060df9c
002cc366	None	0060df20	66c32c0000	1	0060df20
002cc3e2	None	0060dea4	e2c32c0000	1	0060dea4
002cc456	None	0060de30	56c42c0000	1	0060de30
002cc4e0	None	0060dda4	e0c42c0000	1	0060dda4
002cc56c	None	0060dd18	6cc52c0000	1	0060dd18
002cc5f8	None	0060dc8c	f8c52c0000	1	0060dc8c
002cc674	None	0060dc14	74c62c0000	1	0060dc14
002cc6ec	None	0060db9c	ecc62c0000	1	0060db9c
002cc764	None	0060db24	64c72c0000	1	0060db24
002cc7dc	None	0060daac	dcc72c0000	1	0060daac
002cc854	None	0060da34	54c82c0000	1	0060da34
002cc8dc	None	0060d9a8	dcc82c0000	1	0060d9a8
002cc968	None	0060d91c	68c92c0000	1	0060d91c
002cc9f4	None	0060d890	f4c92c0000	1	0060d890
002cca70	None	0060d818	70ca2c0000	1	0060d818
002ccae8	None	0060d7a0	e8ca2c0000	1	0060d7a0
002ccb60	None	0060d728	60cb2c0000	1	0060d728
002ccbea	None	0060d694	eacb2c0000	1	0060d694
002ccc6c	None	0060d61c	6ccc2c0000	1	0060d61c
002ccce4	None	0060d5a4	e4cc2c0000	1	0060d5a4
002ccd5c	None	0060d52c	5ccd2c0000	1	0060d52c
002cce0c	None	0060d47c	0cce2c0000	1	0060d47c
002cce84	None	0060d404	84ce2c0000	1	0060d404
002ccefc	None	0060d38c	fcce2c0000	1	0060d38c
002ccf84	None	0060d300	84cf2c0000	1	0060d300
002ccffa	None	0060d28c	facf2c0000	1	0060d28c
002cd076	None	0060d210	76d02c0000	1	0060d210
002cd0f2	None	0060d194	f2d02c0000	1	0060d194
002cd166	None	0060d120	66d12c0000	1	0060d120
002cd1da	None	0060d0ac	dad12c0000	1	0060d0ac
002cd25e	None	0060d01c	5ed22c0000	1	0060d01c
002cd2de	None	0060cfa8	ded22c0000	1	0060cfa8
002cd368	None	0060cf1c	68d32c0000	1	0060cf1c
002cd3de	None	0060cea8	ded32c0000	1	0060cea8
002cd452	None	0060ce34	52d42c0000	1	0060ce34
002cd4ce	None	0060cdb8	ced42c0000	1	0060cdb8
002cd54a	None	0060cd3c	4ad52c0000	1	0060cd3c
002cd5c6	None	0060ccc0	c6d52c0000	1	0060ccc0
002cd642	None	0060cc44	42d62c0000	1	0060cc44
002cd6b6	None	0060cbd0	b6d62c0000	1	0060cbd0
002cd72a	None	0060cb5c	2ad72c0000	1	0060cb5c
002cd7b4	None	0060cad0	b4d72c0000	1	0060cad0
002cd840	None	0060ca44	40d82c0000	1	0060ca44
002cd8cc	None	0060c9b8	ccd82c0000	1	0060c9b8
002cd958	None	0060c92c	58d92c0000	1	0060c92c
002cd9e4	None	0060c8a0	e4d92c0000	1	0060c8a0
002cda70	None	0060c814	70da2c0000	1	0060c814
002cdafc	None	0060c788	fcda2c0000	1	0060c788
002cdb72	None	0060c714	72db2c0000	1	0060c714
002cdbe6	None	0060c6a0	e6db2c0000	1	0060c6a0
002cdc5a	None	0060c62c	5adc2c0000	1	0060c62c
002cdcce	None	0060c5b8	cedc2c0000	1	0060c5b8
002cdd42	None	0060c544	42dd2c0000	1	0060c544
002cddb6	None	0060c4d0	b6dd2c0000	1	0060c4d0
002cde3a	None	0060c440	3ade2c0000	1	0060c440
002cdec2	None	0060c3c4	c2de2c0000	1	0060c3c4
002cdf36	None	0060c350	36df2c0000	1	0060c350
002cdfb8	None	0060c2c8	b8df2c0000	1	0060c2c8
002ce042	None	0060c238	42e02c0000	1	0060c238
002ce0ca	None	0060c1bc	cae02c0000	1	0060c1bc
002ce14e	None	0060c12c	4ee12c0000	1	0060c12c
002ce1dc	None	0060c0a4	dce12c0000	1	0060c0a4
002ce264	None	0060c01c	64e22c0000	1	0060c01c
002ce2de	None	0060bfa8	dee22c0000	1	0060bfa8
002ce362	None	0060bf18	62e32c0000	1	0060bf18
002ce3f2	None	0060be88	f2e32c0000	1	0060be88
002ce480	None	0060be00	80e42c0000	1	0060be00
002ce508	None	0060bd78	08e52c0000	1	0060bd78
002ce590	None	0060bcf0	90e52c0000	1	0060bcf0
002ce60a	None	0060bc7c	0ae62c0000	1	0060bc7c
002ce67e	None	0060bc08	7ee62c0000	1	0060bc08
002ce6f2	None	0060bb94	f2e62c0000	1	0060bb94
002ce766	None	0060bb20	66e72c0000	1	0060bb20
002ce7da	None	0060baac	dae72c0000	1	0060baac
002ce84e	None	0060ba38	4ee82c0000	1	0060ba38
002ce8d8	None	0060b99c	d8e82c0000	1	0060b99c
002ce966	None	0060b920	66e92c0000	1	0060b920
002ce9da	None	0060b8ac	dae92c0000	1	0060b8ac
002cea4e	None	0060b838	4eea2c0000	1	0060b838
002ceaca	None	0060b7bc	caea2c0000	1	0060b7bc
002ceb3e	None	0060b748	3eeb2c0000	1	0060b748
002cebb2	None	0060b6d4	b2eb2c0000	1	0060b6d4
002cec2e	None	0060b658	2eec2c0000	1	0060b658
002cecb0	None	0060b5d0	b0ec2c0000	1	0060b5d0
002ced2a	None	0060b55c	2aed2c0000	1	0060b55c
002cedae	None	0060b4cc	aeed2c0000	1	0060b4cc
002cee44	None	0060b430	44ee2c0000	1	0060b430
002ceeda	None	0060b3a0	daee2c0000	1	0060b3a0
002cef5a	None	0060b32c	5aef2c0000	1	0060b32c
002cefce	None	0060b2b8	ceef2c0000	1	0060b2b8
002cf042	None	0060b244	42f02c0000	1	0060b244
002cf0c6	None	0060b1b4	c6f02c0000	1	0060b1b4
002cf154	None	0060b12c	54f12c0000	1	0060b12c
002cf1d6	None	0060b0b0	d6f12c0000	1	0060b0b0
002cf252	None	0060b034	52f22c0000	1	0060b034
002cf2c6	None	0060afc0	c6f22c0000	1	0060afc0
002cf342	None	0060af44	42f32c0000	1	0060af44
002cf3fe	None	0060ae28	fef32c0000	1	0060ae28
002cf4d2	None	0060adb4	d2f42c0000	1	0060adb4
002cf594	None	0060ac8c	94f52c0000	1	0060ac8c
002cf676	None	0060ac10	76f62c0000	1	0060ac10
002cf6f8	None	0060ab88	f8f62c0000	1	0060ab88
002cf772	None	0060ab14	72f72c0000	1	0060ab14
002cf7e6	None	0060aaa0	e6f72c0000	1	0060aaa0
002cf85a	None	0060aa2c	5af82c0000	1	0060aa2c
002cf8ce	None	0060a9b8	cef82c0000	1	0060a9b8
002cf94a	None	0060a93c	4af92c0000	1	0060a93c
002cf9ce	None	0060a8ac	cef92c0000	1	0060a8ac
002cfa56	None	0060a830	56fa2c0000	1	0060a830
002cfad2	None	0060a7b4	d2fa2c0000	1	0060a7b4
002cfb4e	None	0060a738	4efb2c0000	1	0060a738
002cfbd8	None	0060a69c	d8fb2c0000	1	0060a69c
002cfc74	None	0060a610	74fc2c0000	1	0060a610
002cfd00	None	0060a584	00fd2c0000	1	0060a584
002cfd8c	None	0060a4f8	8cfd2c0000	1	0060a4f8
002cfe18	None	0060a46c	18fe2c0000	1	0060a46c
002cfea4	None	0060a3e0	a4fe2c0000	1	0060a3e0
002cff30	None	0060a354	30ff2c0000	1	0060a354
002cffbc	None	0060a2c8	bcff2c0000	1	0060a2c8
002d0048	None	0060a23c	48002d0000	1	0060a23c
002d00d4	None	0060a1b0	d4002d0000	1	0060a1b0
002d0160	None	0060a124	60012d0000	1	0060a124
002d01ec	None	0060a098	ec012d0000	1	0060a098
002d0278	None	0060a00c	78022d0000	1	0060a00c
002d0304	None	00609f80	04032d0000	1	00609f80
002d0390	None	00609ef4	90032d0000	1	00609ef4
002d041c	None	00609e68	1c042d0000	1	00609e68
002d04a8	None	00609ddc	a8042d0000	1	00609ddc
002d0534	None	00609d50	34052d0000	1	00609d50
002d05c0	None	00609cc4	c0052d0000	1	00609cc4
002d064c	None	00609c38	4c062d0000	1	00609c38
002d06d8	None	00609bac	d8062d0000	1	00609bac
002d0764	None	00609b20	64072d0000	1	00609b20
002d07f0	None	00609a94	f0072d0000	1	00609a94
002d087c	None	00609a08	7c082d0000	1	00609a08
002d0908	None	0060997c	08092d0000	1	0060997c
002d0994	None	006098f0	94092d0000	1	006098f0
002d0a20	None	00609864	200a2d0000	1	00609864
002d0aac	None	006097d8	ac0a2d0000	1	006097d8
002d0b38	None	0060974c	380b2d0000	1	0060974c
002d0bc4	None	006096c0	c40b2d0000	1	006096c0
002d0c50	None	00609634	500c2d0000	1	00609634
002d0cdc	None	006095a8	dc0c2d0000	1	006095a8
002d0d68	None	0060951c	680d2d0000	1	0060951c
002d0df4	None	00609490	f40d2d0000	1	00609490
002d0e80	None	00609404	800e2d0000	1	00609404
002d0f0c	None	00609378	0c0f2d0000	1	00609378
002d0f9a	None	006092e4	9a0f2d0000	1	006092e4
002d102c	None	00609258	2c102d0000	1	00609258
002d10b8	None	006091cc	b8102d0000	1	006091cc
002d1144	None	00609140	44112d0000	1	00609140
002d11d0	None	006090b4	d0112d0000	1	006090b4
002d125c	None	00609028	5c122d0000	1	00609028
002d12e8	None	00608f9c	e8122d0000	1	00608f9c
002d1374	None	00608f10	74132d0000	1	00608f10
002d1400	None	00608e84	00142d0000	1	00608e84
002d148c	None	00608df8	8c142d0000	1	00608df8
002d1518	None	00608d6c	18152d0000	1	00608d6c
002d15a4	None	00608ce0	a4152d0000	1	00608ce0
002d1630	None	00608c54	30162d0000	1	00608c54
002d16bc	None	00608bc8	bc162d0000	1	00608bc8
002d1748	None	00608b3c	48172d0000	1	00608b3c
002d17d4	None	00608ab0	d4172d0000	1	00608ab0
002d1860	None	00608a24	60182d0000	1	00608a24
002d18ec	None	00608998	ec182d0000	1	00608998
002d1978	None	0060890c	78192d0000	1	0060890c
002d1a04	None	00608880	041a2d0000	1	00608880
002d1a90	None	006087f4	901a2d0000	1	006087f4
002d1b1c	None	00608768	1c1b2d0000	1	00608768
002d1ba8	None	006086dc	a81b2d0000	1	006086dc
002d1c34	None	00608650	341c2d0000	1	00608650
002d1cc0	None	006085c4	c01c2d0000	1	006085c4
002d1d4c	None	00608538	4c1d2d0000	1	00608538
002d1dd8	None	006084ac	d81d2d0000	1	006084ac
002d1e64	None	00608420	641e2d0000	1	00608420
002d5652	1	0078df1c	52562d0000	1	0078df1c
002d568e	1	0078df1c	8e562d0000	1	0078df1c
002d9a11	1	00789cb8	119a2d0000	1	00789cb8
002dadcd	1	00788324	cdad2d0000	1	00788324
002daec9	1	00788324	c9ae2d0000	1	00788324
002db66e	None	008c1c48	6eb62d0000	1	008c1c48
002dce84	None	0078657e	84ce2d0000	1	0078657e
002defb8	None	00784030	b8ef2d0000	1	00784030
002dfd86	None	0078308c	86fd2d0000	1	0078308c
002dfdd0	None	0078308c	d0fd2d0000	1	0078308c
002e090b	1	00782528	0b092e0000	1	00782528
002e0f94	1	00781e88	940f2e0000	1	00781e88
002eccce	1	00772ae8	cecc2e0000	1	00772ae8
002ecd1e	1	00772ae8	1ecd2e0000	1	00772ae8
002ecd2c	None	00772a94	2ccd2e0000	1	00772a94
002eceb6	1	007727d0	b6ce2e0000	1	007727d0
002eced0	1	007727d0	d0ce2e0000	1	007727d0
002ecf1a	1	007727d0	1acf2e0000	1	007727d0
002ecf26	1	007727d0	26cf2e0000	1	007727d0
002ecf8a	1	007727d0	8acf2e0000	1	007727d0
002f2ad8	None	0076c8ee	d82a2f0000	2	0076c8ee
002f2b94	None	0076c81c	942b2f0000	2	0076c81c
002f5ffc	1	007603a4	fc5f2f0000	1	007603a4
002f9c41	None	007652b4	419c2f0000	1	007652b4
002f9c67	None	007652b4	679c2f0000	1	007652b4
002f9f09	1	00764f7c	099f2f0000	1	00764f7c
002fced6	1	00761b18	d6ce2f0000	1	00761b18
002fd2e2	None	007616a4	e2d22f0000	1	007616a4
002fe1cb	1	007603a4	cbe12f0000	1	007603a4
00303030	None	007e183c	3030300000	1	007e183c
00303bb8	1	007527e6	b83b300000	1	007527e6
00309dff	1	007533f0	ff9d300000	1	007533f0
0030a83c	1	007527e6	3ca8300000	1	007527e6
0030e8bc	1	0074e484	bce8300000	1	0074e484
0030e8da	1	0074e484	dae8300000	1	0074e484
0030e976	20	0074e3e0	76e9300000	1	0074e3e0
0030e99a	1	0074e3e0	9ae9300000	1	0074e3e0
00310dcd	1	005cac44	cd0d310000	1	005cac44
00313a18	1	00747fbe	183a310000	1	00747fbe
00313a39	1	00747fbe	393a310000	1	00747fbe
00314284	1	0074211e	8442310000	1	0074211e
003165a0	1	0073fdfa	a065310000	1	0073fdfa
00317050	1	0073f34e	5070310000	1	0073f34e
003195a1	1	0074211e	a195310000	1	0074211e
0031b668	1	0073ad36	68b6310000	1	0073ad36
0031b6c9	1	0073fdfa	c9b6310000	1	0073fdfa
0031bf50	1	0073f34e	50bf310000	1	0073f34e
0031ccc6	None	0073e14c	c6cc310000	1	0073e14c
0031f65c	None	0073b258	5cf6310000	1	0073b258
0031ff5a	None	0073b258	5aff310000	1	0073b258
0031ffb8	1	0073ad36	b8ff310000	1	0073ad36
00320424	1	00735f7e	2404320000	1	00735f7e
00321107	1	007399b0	0711320000	1	007399b0
00324047	1	00736a74	4740320000	1	00736a74
00324904	1	00735f7e	0449320000	1	00735f7e
0032b060	1	0072b340	60b0320000	1	0072b340
0032cd9b	1	0072d008	9bcd320000	1	0072d008
0032d4bf	1	0072c9b0	bfd4320000	1	0072c9b0
0032d4e7	1	0072c9b0	e7d4320000	1	0072c9b0
0032eab8	1	0072b340	b8ea320000	1	0072b340
00330114	1	0072628c	1401330000	1	0072628c
00330a45	1	00728f6c	450a330000	1	00728f6c
00330a6f	1	00728f6c	6f0a330000	1	00728f6c
00330ca7	1	00728d54	a70c330000	1	00728d54
00332307	1	007273a4	0723330000	1	007273a4
00333235	1	0072628c	3532330000	1	0072628c
0033495a	1	00721a42	5a49330000	1	00721a42
00336623	20	005906ea	2366330000	4	005906ea	INCONSISTENT
003366fe	1	0071fca2	fe66330000	1	0071fca2
00337524	1	00721a42	2475330000	1	00721a42
003390d3	1	0071fca2	d390330000	1	0071fca2
0033c334	1	0071a06c	34c3330000	1	0071a06c
0033df6c	None	0071a844	6cdf330000	1	0071a844
0033e4a0	1	00717d62	a0e4330000	1	00717d62
0033e4f9	1	0071a06c	f9e4330000	1	0071a06c
0034020d	1	00717d62	0d02340000	1	00717d62
003422de	None	008d80c0	de22340000	1	008d80c0
00342302	None	008d809c	0223340000	1	008d809c
00342326	None	008d8078	2623340000	1	008d8078
0034234a	None	008d8054	4a23340000	1	008d8054
0034236e	None	008d8030	6e23340000	1	008d8030
00342392	None	008d800c	9223340000	1	008d800c
003423b6	None	008d7fe8	b623340000	1	008d7fe8
003423da	None	008d7fc4	da23340000	1	008d7fc4
003423fe	None	008d7fa0	fe23340000	1	008d7fa0
00342422	None	008d7f7c	2224340000	1	008d7f7c
00342472	None	008d7f2c	7224340000	1	008d7f2c
003483ea	None	008d1fb4	ea83340000	1	008d1fb4
0034840e	None	008d1f90	0e84340000	1	008d1f90
00348432	None	008d1f6c	3284340000	1	008d1f6c
00348456	None	008d1f48	5684340000	1	008d1f48
0034847a	None	008d1f24	7a84340000	1	008d1f24
003484b6	None	008d1ee8	b684340000	1	008d1ee8
00349708	None	008d0c68	0897340000	1	008d0c68
00349c40	1	0070c75e	409c340000	1	0070c75e
0034a466	1	0070bf54	66a4340000	1	0070bf54
0034ae02	None	008cf59c	02ae340000	1	008cf59c
0034ae26	None	008cf578	26ae340000	1	008cf578
0034ae4a	None	008cf554	4aae340000	1	008cf554
0034ae9a	None	008cf504	9aae340000	1	008cf504
0034b137	1	0070c75e	37b1340000	1	0070c75e
0034b7b9	1	0070bf54	b9b7340000	1	0070bf54
0034e8ea	None	008cbab4	eae8340000	1	008cbab4
0034e90e	None	008cba90	0ee9340000	1	008cba90
0034e932	None	008cba6c	32e9340000	1	008cba6c
0034e956	None	008cba48	56e9340000	1	008cba48
0034e992	None	008cba0c	92e9340000	1	008cba0c
00351a2e	None	008c8968	2e1a350000	1	008c8968
00351b2e	None	008c8678	2e1b350000	1	008c8678
00351c0a	None	008c8678	0a1c350000	1	008c8678
00351d1e	None	008c8678	1e1d350000	1	008c8678
00351dbc	None	008c85dc	bc1d350000	1	008c85dc
00351e1d	None	006db718	1d1e350000	1	006db718
00352212	None	008c8178	1222350000	1	008c8178
00352312	None	008c8034	1223350000	1	008c8034
003536c4	None	008c6cd4	c436350000	1	008c6cd4
0035386a	None	008c6b34	6a38350000	1	008c6b34
0035388e	None	008c6b10	8e38350000	1	008c6b10
003538b2	None	008c6aec	b238350000	1	008c6aec
003538d6	None	008c6ac8	d638350000	1	008c6ac8
003538fa	None	008c6aa4	fa38350000	1	008c6aa4
0035391e	None	008c6a80	1e39350000	1	008c6a80
0035395a	None	008c6a44	5a39350000	1	008c6a44
00354280	1	00702120	8042350000	1	00702120
0035505f	1	00702120	5f50350000	1	00702120
00356cd4	1	006ff6cc	d46c350000	1	006ff6cc
003574c0	None	008c2ecc	c074350000	1	008c2ecc
003574da	1	006ff3c4	da74350000	1	006ff3c4
00357514	None	006ff328	1475350000	1	006ff328
0035759a	None	006ff2a4	9a75350000	1	006ff2a4
00357702	1	006ff130	0277350000	1	006ff130
00357768	1	006ff0a4	6877350000	1	006ff0a4
0035781b	1	006ff6cc	1b78350000	1	006ff6cc
00357841	1	006ff00c	4178350000	1	006ff00c
00357886	None	008c2b18	8678350000	1	008c2b18
00357c64	1	006ff1cc	647c350000	1	006ff1cc
00357c9b	None	006ff1cc	9b7c350000	1	006ff1cc
00357ed6	None	008c24b4	d67e350000	1	008c24b4
003581e6	None	008c21b8	e681350000	1	008c21b8
00359a5a	None	008c0930	5a9a350000	1	008c0930
00359a9b	None	006fcf92	9b9a350000	1	006fcf92
00359a9f	None	006fcf92	9f9a350000	1	006fcf92
00359aa2	None	006fcf92	a29a350000	1	006fcf92
00359aa3	None	006fcf92	a39a350000	1	006fcf92
00359aa8	None	006fcf92	a89a350000	1	006fcf92
00359aaa	None	006fcf92	aa9a350000	1	006fcf92
00359ab2	None	006fcf92	b29a350000	1	006fcf92
00359ad4	None	006fcf92	d49a350000	1	006fcf92
00359af0	None	006fcf92	f09a350000	1	006fcf92
00359af3	None	006fcf92	f39a350000	1	006fcf92
00359af4	None	006fcf92	f49a350000	1	006fcf92
00359afd	None	006fcf92	fd9a350000	1	006fcf92
00359afe	None	006fcf92	fe9a350000	1	006fcf92
00359b02	None	006fcf92	029b350000	1	006fcf92
00359b04	None	006fcf92	049b350000	1	006fcf92
00359b0a	None	006fcf92	0a9b350000	1	006fcf92
00359b0e	None	006fcf92	0e9b350000	1	006fcf92
00359b16	None	006fcf92	169b350000	1	006fcf92
00359b1c	None	006fcf92	1c9b350000	1	006fcf92
00359b23	None	006fcf92	239b350000	1	006fcf92
00359b28	None	006fcf92	289b350000	1	006fcf92
00359b31	None	006fcf92	319b350000	1	006fcf92
00359b36	None	006fcf92	369b350000	1	006fcf92
00359d62	None	008c063c	629d350000	1	008c063c
00359f9a	None	008c0404	9a9f350000	1	008c0404
0035a690	1	006fbd10	90a6350000	1	006fbd10
0035a70c	None	0059e716	0ca7350000	1	0059e716
0035abf0	1	006fbd10	f0ab350000	1	006fbd10
0035ad4e	None	008bf63c	4ead350000	1	008bf63c
0035b038	1	006fb85c	38b0350000	1	006fb85c
0035b083	None	006fb7f8	83b0350000	1	006fb7f8
0035b0ca	None	006fb774	cab0350000	1	006fb774
0035b186	1	006fb624	86b1350000	1	006fb624
0035b1c9	None	006fb624	c9b1350000	1	006fb624
0035b247	None	006fb624	47b2350000	1	006fb624
0035b2aa	1	006fb588	aab2350000	1	006fb588
0035b2ba	None	008bf0d0	bab2350000	1	008bf0d0
0035b310	1	006fb4fc	10b3350000	1	006fb4fc
0035c51a	None	008bdd64	1ac5350000	1	008bdd64
0035dbe6	None	008bc6a6	e6db350000	1	008bc6a6
0035f694	None	008bacf8	94f6350000	1	008bacf8
0035fdb4	1	006f65de	b4fd350000	1	006f65de
0035fdc0	1	006f65de	c0fd350000	1	006f65de
0036009e	None	008ba300	9e00360000	1	008ba300
00361b8e	None	008b87fc	8e1b360000	1	008b87fc
00362efa	None	008b749c	fa2e360000	1	008b749c
00363290	None	008b710c	9032360000	1	008b710c
003636a8	None	008b6cf4	a836360000	1	008b6cf4
00363796	1	006f2618	9637360000	1	006f2618
003637ac	1	006f2618	ac37360000	1	006f2618
003640a2	None	008b62fc	a240360000	1	008b62fc
00364be6	None	008b57a4	e64b360000	1	008b57a4
003661e6	None	008b400a	e661360000	1	008b400a
003665af	1	006eebd4	af65360000	1	006eebd4
00367fea	None	008b23b4	ea7f360000	1	008b23b4
003681ee	None	008b21b0	ee81360000	1	008b21b0
0036846a	None	008b1f34	6a84360000	1	008b1f34
003687a2	None	008b1ac8	a287360000	1	008b1ac8
00369d7c	None	008b0610	7c9d360000	1	008b0610
0036b2e6	1	006e9904	e6b2360000	1	006e9904
0036b2f7	1	006e9904	f7b2360000	1	006e9904
0036b2fa	1	006e9904	fab2360000	1	006e9904
0036b30b	1	006e9904	0bb3360000	1	006e9904
0036b322	1	006e9904	22b3360000	1	006e9904
0036b730	None	008aeba2	30b7360000	1	008aeba2
0036cb33	1	006e7798	33cb360000	1	006e7798
0036d5ae	None	008acd7c	aed5360000	1	008acd7c
0036d858	None	008acb44	58d8360000	1	008acb44
0036dc16	None	008ac714	16dc360000	1	008ac714
0036ebfe	None	008ab78c	feeb360000	1	008ab78c
0036f1da	None	008ab1b0	daf1360000	1	008ab1b0
00370792	None	008a9bf2	9207370000	1	008a9bf2
003716d8	None	008a8bc0	d816370000	1	008a8bc0
00371892	None	006d487c	9218370000	1	006d487c
00371b64	None	006d487c	641b370000	1	006d487c
00372fae	None	008a73dc	ae2f370000	1	008a73dc
0037325c	None	008a6df0	5c32370000	1	008a6df0
0037481a	None	008a5b70	1a48370000	1	008a5b70
00374a72	None	008a592c	724a370000	1	008a592c
003754ac	None	008a4ef8	ac54370000	1	008a4ef8
003757ac	None	008a4bac	ac57370000	1	008a4bac
00375baa	None	008a47e0	aa5b370000	1	008a47e0
00375be6	None	006db718	e65b370000	1	006db718
00375d5e	None	008a4640	5e5d370000	1	008a4640
00376538	None	008a3e54	3865370000	1	008a3e54
0037665e	None	006db718	5e66370000	1	006db718
00376702	None	006db718	0267370000	1	006db718
00376718	None	006db718	1867370000	1	006db718
0037675e	None	006db718	5e67370000	1	006db718
00376ef5	None	006db718	f56e370000	1	006db718
00376efc	None	006db718	fc6e370000	1	006db718
0037772e	None	008a2c5c	2e77370000	1	008a2c5c
00377a12	None	008a2914	127a370000	1	008a2914
00377be9	None	006cd77c	e97b370000	1	006cd77c
00377fb2	None	008a2322	b27f370000	1	008a2322
00378472	None	008a1f1a	7284370000	1	008a1f1a
0037b324	None	0089f068	24b3370000	1	0089f068
0037bc06	None	0089e784	06bc370000	1	0089e784
0037c0fe	None	0089e2a0	fec0370000	1	0089e2a0
0037ca50	None	0089d954	50ca370000	1	0089d954
0037d09a	None	0089d304	9ad0370000	1	0089d304
0037d3fa	None	0089cfa4	fad3370000	1	0089cfa4
0037dd32	None	0089c658	32dd370000	1	0089c658
0037ea6c	4	0089b918	6cea370000	1	0089b918
00381aca	None	008981ca	ca1a380000	2	008981ca
00382ba2	None	008977b8	a22b380000	1	008977b8
00383852	None	00896b38	5238380000	1	00896b38
00383d88	None	008965ba	883d380000	2	008965ba
00383e9c	None	008964fc	9c3e380000	1	008964fc
00383f98	None	008963fe	983f380000	1	008963fe
003840e0	None	008962b8	e040380000	1	008962b8
0038421a	None	00896184	1a42380000	1	00896184
003844ba	None	00895ee4	ba44380000	1	00895ee4
00384950	None	00895a3c	5049380000	1	00895a3c
00384f72	None	00895418	724f380000	1	00895418
0038525c	None	00895130	5c52380000	1	00895130
003868bc	None	00893ad0	bc68380000	1	00893ad0
003877d2	None	00892b3c	d277380000	1	00892b3c
00387afa	None	0089289c	fa7a380000	1	0089289c
00388382	None	00892008	8283380000	1	00892008
00388674	None	00891d18	7486380000	1	00891d18
00389a42	None	008908e4	429a380000	1	008908e4
0038adae	None	0088f578	aead380000	1	0088f578
0038b2f2	1	0088efaa	f2b2380000	1	0088efaa
0038c0ae	None	0088e2f0	aec0380000	1	0088e2f0
0038e7c8	None	0088bbc4	c8e7380000	1	0088bbc4
0038efd8	None	0088b3a6	d8ef380000	1	0088b3a6
0038fb20	None	0088a86c	20fb380000	1	0088a86c
00390236	None	0088a168	3602390000	1	0088a168
00392e6e	None	00887530	6e2e390000	1	00887530
00393168	None	00887212	6831390000	1	00887212
003936fc	None	00886c96	fc36390000	1	00886c96
00393e4c	None	00886540	4c3e390000	1	00886540
00394696	None	00885d08	9646390000	1	00885d08
003952a6	None	00885070	a652390000	1	00885070
003971f6	None	00883134	f671390000	1	00883134
0039817e	None	008821ec	7e81390000	1	008821ec
00398a1c	None	0088196c	1c8a390000	1	0088196c
00399616	None	00880d88	1696390000	1	00880d88
0039adba	None	0087f5d0	baad390000	1	0087f5d0
0039b7d2	None	0087ebcc	d2b7390000	1	0087ebcc
0039ba5a	None	0087e944	5aba390000	1	0087e944
0039c86a	None	0087db20	6ac8390000	1	0087db20
0039cc5a	None	0087d744	5acc390000	1	0087d744
0039d3e2	None	0087cfbc	e2d3390000	1	0087cfbc
0039db4a	None	0087c840	4adb390000	1	0087c840
0039e160	None	0087c13e	60e1390000	2	0087c13e
0039e320	None	0087c078	20e3390000	1	0087c078
0039e41c	None	0087bf7a	1ce4390000	1	0087bf7a
0039e564	None	0087be34	64e5390000	1	0087be34
0039e70e	None	0087bc90	0ee7390000	1	0087bc90
0039e82a	1	006a3224	2ae8390000	1	006a3224
0039f483	1	006945cc	83f4390000	1	006945cc
0039f5b0	1	006945cc	b0f5390000	1	006945cc
003a13f2	None	00878fac	f2133a0000	1	00878fac
003a171c	None	00878b94	1c173a0000	1	00878b94
003a2086	None	00878318	86203a0000	1	00878318
003a242c	None	00877f22	2c243a0000	1	00877f22
003a3342	None	00876fee	42333a0000	1	00876fee
003a5d6a	None	00874634	6a5d3a0000	1	00874634
003a60d8	None	00874140	d8603a0000	1	00874140
003a6f8a	None	00873400	8a6f3a0000	1	00873400
003a726e	None	00873130	6e723a0000	1	00873130
003a7d2e	None	00872670	2e7d3a0000	1	00872670
003a87f6	None	00871b94	f6873a0000	1	00871b94
003a9bcb	1	006964ae	cb9b3a0000	1	006964ae
003a9be4	1	006964ae	e49b3a0000	1	006964ae
003a9bea	1	006964ae	ea9b3a0000	1	006964ae
003a9bed	1	006964ae	ed9b3a0000	1	006964ae
003a9e86	None	008704a0	869e3a0000	1	008704a0
003a9fc9	1	006964ae	c99f3a0000	1	006964ae
003a9fe2	1	006964ae	e29f3a0000	1	006964ae
003a9feb	1	006964ae	eb9f3a0000	1	006964ae
003a9fec	1	006964ae	ec9f3a0000	1	006964ae
003aa10e	1	006964ae	0ea13a0000	1	006964ae
003aa11f	1	006964ae	1fa13a0000	1	006964ae
003aa16f	1	006964ae	6fa13a0000	1	006964ae
003aa34f	1	006964ae	4fa33a0000	1	006964ae
003aa356	1	006964ae	56a33a0000	1	006964ae
003aa362	1	006964ae	62a33a0000	1	006964ae
003aa374	1	006964ae	74a33a0000	1	006964ae
003aa4f2	1	006964ae	f2a43a0000	1	006964ae
003aa509	1	006964ae	09a53a0000	1	006964ae
003aa589	1	006964ae	89a53a0000	1	006964ae
003aa58c	1	006964ae	8ca53a0000	1	006964ae
003aa591	1	006964ae	91a53a0000	1	006964ae
003aa5a2	1	006964ae	a2a53a0000	1	006964ae
003aa5a8	1	006964ae	a8a53a0000	1	006964ae
003aa5ad	1	006964ae	ada53a0000	1	006964ae
003aa758	None	00695f78	58a73a0000	1	00695f78
003aa936	None	0086f8b8	36a93a0000	1	0086f8b8
003aa9fe	1	006964ae	fea93a0000	1	006964ae
003aabef	1	006964ae	efab3a0000	1	006964ae
003aba0f	1	006945cc	0fba3a0000	1	006945cc
003abba2	None	0086e7e8	a2bb3a0000	1	0086e7e8
003abf06	1	006945cc	06bf3a0000	1	006945cc
003abf24	1	006945cc	24bf3a0000	1	006945cc
003ac1bb	1	006945cc	bbc13a0000	1	006945cc
003ac1cc	1	006945cc	ccc13a0000	1	006945cc
003ac4e6	1	00694042	e6c43a0000	1	00694042
003ac584	1	00694042	84c53a0000	1	00694042
003ac831	1	0068756a	31c83a0000	1	0068756a
003ac84a	1	0068756a	4ac83a0000	1	0068756a
003ac871	1	0068756a	71c83a0000	1	0068756a
003ac898	1	0068756a	98c83a0000	1	0068756a
003ac8bf	1	0068756a	bfc83a0000	1	0068756a
003ac8d8	1	0068756a	d8c83a0000	1	0068756a
003ac8e7	1	0068756a	e7c83a0000	1	0068756a
003ac8f7	1	0068756a	f7c83a0000	1	0068756a
003ac907	1	0068756a	07c93a0000	1	0068756a
003ac911	1	0068756a	11c93a0000	1	0068756a
003ac922	1	0068756a	22c93a0000	1	0068756a
003ac92c	1	0068756a	2cc93a0000	1	0068756a
003ac92d	1	006871d4	2dc93a0000	1	006871d4
003ac940	1	0068756a	40c93a0000	1	0068756a
003ac946	1	006871d4	46c93a0000	1	006871d4
003ac95a	1	0068756a	5ac93a0000	1	0068756a
003ac960	1	006871d4	60c93a0000	1	006871d4
003ac976	1	0068756a	76c93a0000	1	0068756a
003ac979	1	006871d4	79c93a0000	1	006871d4
003ac98c	1	006871d4	8cc93a0000	1	006871d4
003ac98f	1	0068756a	8fc93a0000	1	0068756a
003ac992	1	006871d4	92c93a0000	1	006871d4
003ac998	1	006871d4	98c93a0000	1	006871d4
003ac99b	1	006871d4	9bc93a0000	1	006871d4
003ac9aa	1	006871d4	aac93a0000	2	006871d4	INCONSISTENT
003ac9c2	1	0068756a	c2c93a0000	1	0068756a
003ac9e0	1	0068756a	e0c93a0000	1	0068756a
003ac9fe	1	0068756a	fec93a0000	1	0068756a
003aca16	1	0068756a	16ca3a0000	1	0068756a
003aca2e	1	0068756a	2eca3a0000	1	0068756a
003aca46	1	0068756a	46ca3a0000	1	0068756a
003aca56	1	00693a98	56ca3a0000	1	00693a98
003aca61	1	0068756a	61ca3a0000	1	0068756a
003aca7c	1	0068756a	7cca3a0000	1	0068756a
003aca91	1	0068756a	91ca3a0000	1	0068756a
003acaab	1	0068756a	abca3a0000	1	0068756a
003acac5	1	0068756a	c5ca3a0000	1	0068756a
003acadf	1	0068756a	dfca3a0000	1	0068756a
003acaf6	1	0068756a	f6ca3a0000	2	0068756a	INCONSISTENT
003acb0d	1	0068756a	0dcb3a0000	1	0068756a
003acb24	1	0068756a	24cb3a0000	1	0068756a
003acb35	1	0068756a	35cb3a0000	1	0068756a
003acb40	1	0068756a	40cb3a0000	1	0068756a
003acb51	1	0068756a	51cb3a0000	1	0068756a
003acb63	1	0068756a	63cb3a0000	1	0068756a
003acb75	1	0068756a	75cb3a0000	1	0068756a
003acb87	1	0068756a	87cb3a0000	1	0068756a
003acb9b	1	00693818	9bcb3a0000	1	00693818
003acba1	1	0068756a	a1cb3a0000	1	0068756a
003acbbb	1	00693818	bbcb3a0000	2	00693818	INCONSISTENT
003acbbf	1	0068756a	bfcb3a0000	1	0068756a
003acbdd	1	0068756a	ddcb3a0000	1	0068756a
003acbf1	1	0068756a	f1cb3a0000	1	0068756a
003acc0f	1	0068756a	0fcc3a0000	1	0068756a
003acc2d	1	0068756a	2dcc3a0000	1	0068756a
003acc35	1	00686cb4	35cc3a0000	1	00686cb4
003acc47	1	0068756a	47cc3a0000	1	0068756a
003acc51	1	0068756a	51cc3a0000	1	0068756a
003acc5f	1	0068756a	5fcc3a0000	1	0068756a
003acc6c	1	0068756a	6ccc3a0000	1	0068756a
003acc8f	1	0068756a	8fcc3a0000	1	0068756a
003acc9c	1	0068756a	9ccc3a0000	1	0068756a
003accaf	1	00693700	afcc3a0000	1	00693700
003accb5	1	0068756a	b5cc3a0000	1	0068756a
003accc3	1	0068756a	c3cc3a0000	1	0068756a
003accd2	1	0068756a	d2cc3a0000	1	0068756a
003acce4	1	0068756a	e4cc3a0000	1	0068756a
003accea	None	0086d612	eacc3a0000	1	0086d612
003accf0	1	0068756a	f0cc3a0000	1	0068756a
003accfc	1	0068756a	fccc3a0000	1	0068756a
003acd06	1	0068756a	06cd3a0000	1	0068756a
003acd0c	1	0068756a	0ccd3a0000	1	0068756a
003acd20	1	0068756a	20cd3a0000	1	0068756a
003acd35	1	0068756a	35cd3a0000	1	0068756a
003acd3a	1	0068756a	3acd3a0000	2	0068756a	INCONSISTENT
003acd43	1	0068756a	43cd3a0000	1	0068756a
003acd50	1	0068756a	50cd3a0000	1	0068756a
003acd62	1	0068756a	62cd3a0000	1	0068756a
003acd71	1	0068756a	71cd3a0000	1	0068756a
003acd77	1	0068756a	77cd3a0000	1	0068756a
003acd86	1	0068756a	86cd3a0000	1	0068756a
003acd96	1	0068756a	96cd3a0000	1	0068756a
003acda7	1	0068756a	a7cd3a0000	1	0068756a
003acdb7	1	0068756a	b7cd3a0000	1	0068756a
003acdc7	1	0068756a	c7cd3a0000	1	0068756a
003acde8	1	0068756a	e8cd3a0000	1	0068756a
003acdf7	1	0068756a	f7cd3a0000	1	0068756a
003ace01	1	0068756a	01ce3a0000	1	0068756a
003ace13	1	0068756a	13ce3a0000	1	0068756a
003ace1d	1	0068756a	1dce3a0000	1	0068756a
003ace2c	1	0068756a	2cce3a0000	1	0068756a
003ace3e	1	0068756a	3ece3a0000	1	0068756a
003ace49	1	006932c4	49ce3a0000	1	006932c4
003ace57	1	0068756a	57ce3a0000	1	0068756a
003ace71	1	0068756a	71ce3a0000	1	0068756a
003ace89	1	0068756a	89ce3a0000	1	0068756a
003ace9b	1	0068756a	9bce3a0000	1	0068756a
003aceb7	1	0068756a	b7ce3a0000	1	0068756a
003aced3	1	0068756a	d3ce3a0000	1	0068756a
003aceee	1	0068756a	eece3a0000	1	0068756a
003acef6	1	006932c4	f6ce3a0000	1	006932c4
003acefd	1	00693280	fdce3a0000	1	00693280
003acf00	1	0068756a	00cf3a0000	1	0068756a
003acf13	1	0068756a	13cf3a0000	1	0068756a
003acf16	1	006932c4	16cf3a0000	1	006932c4
003acf2b	1	0068756a	2bcf3a0000	1	0068756a
003acf40	1	0068756a	40cf3a0000	1	0068756a
003acf4f	1	0068756a	4fcf3a0000	1	0068756a
003acf66	1	0068756a	66cf3a0000	1	0068756a
003acf72	1	0068756a	72cf3a0000	1	0068756a
003acf89	1	0068756a	89cf3a0000	1	0068756a
003acf9b	1	0068756a	9bcf3a0000	1	0068756a
003acfa6	1	0068756a	a6cf3a0000	1	0068756a
003acfb4	1	0068756a	b4cf3a0000	1	0068756a
003acfbc	1	0068756a	bccf3a0000	1	0068756a
003acfc4	1	0068756a	c4cf3a0000	1	0068756a
003acfd1	1	0068756a	d1cf3a0000	1	0068756a
003acfde	1	0068756a	decf3a0000	1	0068756a
003acfec	1	0068756a	eccf3a0000	1	0068756a
003ad005	1	0068756a	05d03a0000	1	0068756a
003ad00e	1	0068756a	0ed03a0000	1	0068756a
003ad013	1	0068756a	13d03a0000	1	0068756a
003ad01d	1	0068756a	1dd03a0000	1	0068756a
003ad02a	1	0068756a	2ad03a0000	1	0068756a
003ad03d	1	0068756a	3dd03a0000	1	0068756a
003ad052	1	0068756a	52d03a0000	1	0068756a
003ad064	1	0068756a	64d03a0000	1	0068756a
003ad06c	1	0068756a	6cd03a0000	1	0068756a
003ad082	1	0068756a	82d03a0000	1	0068756a
003ad098	1	0068756a	98d03a0000	1	0068756a
003ad0ad	1	0068756a	add03a0000	1	0068756a
003ad0bf	1	0068756a	bfd03a0000	1	0068756a
003ad0d3	1	0068756a	d3d03a0000	1	0068756a
003ad0e9	1	0068756a	e9d03a0000	1	0068756a
003ad0fe	1	0068756a	fed03a0000	1	0068756a
003ad116	1	0068756a	16d13a0000	1	0068756a
003ad12a	1	0068756a	2ad13a0000	1	0068756a
003ad13e	1	0068756a	3ed13a0000	1	0068756a
003ad15c	1	0068756a	5cd13a0000	1	0068756a
003ad172	1	0068756a	72d13a0000	1	0068756a
003ad190	1	0068756a	90d13a0000	1	0068756a
003ad197	1	0068756a	97d13a0000	1	0068756a
003ad19e	1	0068756a	9ed13a0000	1	0068756a
003ad1a5	1	0068756a	a5d13a0000	1	0068756a
003ad1ac	1	0068756a	acd13a0000	1	0068756a
003ad1b3	1	0068756a	b3d13a0000	1	0068756a
003ad1ba	1	0068756a	bad13a0000	1	0068756a
003ad1bb	1	0068756a	bbd13a0000	1	0068756a
003ad1c2	1	0068756a	c2d13a0000	1	0068756a
003ad1c9	1	0068756a	c9d13a0000	1	0068756a
003ad1da	1	0068756a	dad13a0000	1	0068756a
003ad1ec	1	0068756a	ecd13a0000	1	0068756a
003ad200	1	0068756a	00d23a0000	1	0068756a
003ad20a	1	0068756a	0ad23a0000	1	0068756a
003ad214	1	0068756a	14d23a0000	1	0068756a
003ad220	1	0068756a	20d23a0000	1	0068756a
003ad235	1	0068756a	35d23a0000	1	0068756a
003ad247	1	0068756a	47d23a0000	1	0068756a
003ad256	1	0068756a	56d23a0000	1	0068756a
003ad270	1	0068756a	70d23a0000	1	0068756a
003ad28f	1	0068756a	8fd23a0000	1	0068756a
003ad2a8	1	0068756a	a8d23a0000	1	0068756a
003ad2c4	1	0068756a	c4d23a0000	1	0068756a
003ad2d0	1	0068756a	d0d23a0000	1	0068756a
003ad2e1	1	0068756a	e1d23a0000	1	0068756a
003ad30a	1	0068756a	0ad33a0000	1	0068756a
003ad326	1	0068756a	26d33a0000	1	0068756a
003ad340	1	0068756a	40d33a0000	1	0068756a
003ad35b	1	0068756a	5bd33a0000	1	0068756a
003ad375	1	0068756a	75d33a0000	1	0068756a
003ad38e	1	0068756a	8ed33a0000	1	0068756a
003ad3a2	1	0068756a	a2d33a0000	1	0068756a
003ad3c1	1	0068756a	c1d33a0000	1	0068756a
003ad3dd	1	0068756a	ddd33a0000	1	0068756a
003ad401	1	0068756a	01d43a0000	1	0068756a
003ad417	1	0068756a	17d43a0000	1	0068756a
003ad42c	1	0068756a	2cd43a0000	1	0068756a
003ad442	1	0068756a	42d43a0000	1	0068756a
003ad457	1	0068756a	57d43a0000	1	0068756a
003ad465	1	0068756a	65d43a0000	1	0068756a
003ad77c	1	006927e4	7cd73a0000	1	006927e4
003ae1a8	1	00693818	a8e13a0000	1	00693818
003ae2c8	None	0086c0c4	c8e23a0000	1	0086c0c4
003ae88a	None	0086bb00	8ae83a0000	1	0086bb00
003aea9e	None	0086b900	9eea3a0000	1	0086b900
003aef48	None	0086b444	48ef3a0000	1	0086b444
003af606	None	0086ad24	06f63a0000	1	0086ad24
003af932	None	0086aa58	32f93a0000	1	0086aa58
003afdde	1	0068ffc8	defd3a0000	1	0068ffc8
003affec	1	0068fdc0	ecff3a0000	1	0068fdc0
003b0f02	None	00869420	020f3b0000	1	00869420
003b16a8	1	0068e59c	a8163b0000	1	0068e59c
003b1b50	None	00868854	501b3b0000	1	00868854
003b1f94	None	008683c4	941f3b0000	1	008683c4
003b273e	None	00867c60	3e273b0000	1	00867c60
003b292e	None	00867a70	2e293b0000	1	00867a70
003b2ee8	0	00867484	e82e3b0000	1	00867484
003b36ea	None	00866c3c	ea363b0000	1	00866c3c
003b3cec	4	00866610	ec3c3b0000	1	00866610
003b4748	None	00865b98	48473b0000	1	00865b98
003b6040	None	0086434c	40603b0000	1	0086434c
003b637a	None	00864024	7a633b0000	1	00864024
003b66ae	None	00863cf0	ae663b0000	1	00863cf0
003b741e	None	00862f6c	1e743b0000	1	00862f6c
003b769e	None	00862d00	9e763b0000	1	00862d00
003b8b42	None	00861792	428b3b0000	1	00861792
003baf0a	None	0085f480	0aaf3b0000	1	0085f480
003bb90a	None	0085ea80	0ab93b0000	1	0085ea80
003bc18e	None	0085e210	8ec13b0000	1	0085e210
003bc66e	None	0085dd30	6ec63b0000	1	0085dd30
003bc926	None	0085da78	26c93b0000	1	0085da78
003bcbbe	None	0085d7e0	becb3b0000	1	0085d7e0
003bd488	None	0085cf04	88d43b0000	1	0085cf04
003c03f2	None	00859f98	f2033c0000	1	00859f98
003c078a	None	00859c14	8a073c0000	1	00859c14
003c0b52	None	0085983e	520b3c0000	1	0085983e
003c0fde	None	008593ac	de0f3c0000	1	008593ac
003c1a22	None	00858968	221a3c0000	1	00858968
003c1ddc	None	008585b0	dc1d3c0000	1	008585b0
003c209a	None	00858304	9a203c0000	1	00858304
003c254c	None	00857dfe	4c253c0000	1	00857dfe
003c32d2	None	008570b8	d2323c0000	1	008570b8
003c3886	None	00856b06	86383c0000	1	00856b06
003c3cca	None	008566c0	ca3c3c0000	1	008566c0
003c3f2a	0	008563c0	2a3f3c0000	1	008563c0
003c4334	None	0085604c	34433c0000	1	0085604c
003c46a0	None	00855cec	a0463c0000	1	00855cec
003c48e8	None	00855ab4	e8483c0000	1	00855ab4
003c53ea	None	00854fa0	ea533c0000	1	00854fa0
003c56f2	None	00854cac	f2563c0000	1	00854cac
003c59ae	None	008549f0	ae593c0000	1	008549f0
003c5efa	None	00854492	fa5e3c0000	1	00854492
003c6168	None	00854234	68613c0000	1	00854234
003c6766	None	00853c24	66673c0000	1	00853c24
003c6a16	None	00853988	166a3c0000	1	00853988
003c7b30	None	0085285c	307b3c0000	1	0085285c
003c8102	None	0085229c	02813c0000	1	0085229c
003cab28	None	0084f84c	28ab3c0000	1	0084f84c
003caec2	None	0084f4dc	c2ae3c0000	1	0084f4dc
003cb9f8	None	0084e99c	f8b93c0000	1	0084e99c
003cc2ec	None	0084e0a2	ecc23c0000	1	0084e0a2
003cd4ee	None	0084cb3c	eed43c0000	1	0084cb3c
003ce132	None	0084c26c	32e13c0000	1	0084c26c
003ce4fe	None	0084bea0	fee43c0000	1	0084bea0
003ce756	None	0084bc48	56e73c0000	1	0084bc48
003ceae2	None	0084b8bc	e2ea3c0000	1	0084b8bc
003cec00	None	0084b78c	00ec3c0000	1	0084b78c
003cf66a	None	0084ad34	6af63c0000	1	0084ad34
003cfb6e	None	0084a796	6efb3c0000	1	0084a796
003cfe44	None	0084a54c	44fe3c0000	1	0084a54c
003d0506	None	00849e98	06053d0000	1	00849e98
003d1e5e	None	008484c8	5e1e3d0000	1	008484c8
003d2356	None	00848048	56233d0000	1	00848048
003d28e0	None	00847aac	e0283d0000	1	00847aac
003d2b04	None	00847768	042b3d0000	1	00847768
003d3c08	None	00846780	083c3d0000	1	00846780
003d4a7a	None	00845924	7a4a3d0000	1	00845924
003d509c	None	008452e2	9c503d0000	1	008452e2
003d644e	None	00843f3c	4e643d0000	1	00843f3c
003d681a	None	00843b10	1a683d0000	1	00843b10
003d6c82	None	008436f4	826c3d0000	1	008436f4
003d7120	None	0084327c	20713d0000	1	0084327c
003d75ee	None	00842db0	ee753d0000	1	00842db0
003d7c96	None	00842708	967c3d0000	1	00842708
003d7e28	None	00842564	287e3d0000	1	00842564
003d81a8	None	008421e4	a8813d0000	1	008421e4
003d8e42	None	0084155c	428e3d0000	1	0084155c
003da408	None	0083ff90	08a43d0000	1	0083ff90
003da572	None	0083fe24	72a53d0000	1	0083fe24
003da968	None	0083fa2c	68a93d0000	1	0083fa2c
003daa3e	None	0083f958	3eaa3d0000	1	0083f958
003daae6	None	0083f8b0	e6aa3d0000	1	0083f8b0
003db1c6	None	0083f1d4	c6b13d0000	1	0083f1d4
003ddb56	None	0083c848	56db3d0000	1	0083c848
003ddf84	None	0083c3ec	84df3d0000	1	0083c3ec
003de02e	None	0083c370	2ee03d0000	1	0083c370
003de290	1	0083c010	90e23d0000	1	0083c010
003de50e	1	0083be7a	0ee53d0000	1	0083be7a
003deaaa	None	0083b8f4	aaea3d0000	1	0083b8f4
003df138	None	0083b254	38f13d0000	1	0083b254
003dfdd4	None	0083a5bc	d4fd3d0000	1	0083a5bc
003dfe72	None	0083a52c	72fe3d0000	1	0083a52c
003dffb6	None	0083a3e8	b6ff3d0000	1	0083a3e8
003e0005	1	006871d4	05003e0000	4	006871d4	INCONSISTENT
003e000b	None	0048ff94	0b003e0000	1	0048ff94
003e00e6	None	0083a2b8	e6003e0000	1	0083a2b8
003e0226	None	0083a178	26023e0000	1	0083a178
003e0fa6	None	008393f8	a60f3e0000	1	008393f8
003e157c	None	00838e10	7c153e0000	1	00838e10
003e1712	None	00838c8c	12173e0000	1	00838c8c
003e1f7a	None	00838424	7a1f3e0000	1	00838424
003e2372	None	0083802c	72233e0000	1	0083802c
003e366a	None	00836d34	6a363e0000	1	00836d34
003e37aa	None	00836bf4	aa373e0000	1	00836bf4
003e4e7a	None	00835524	7a4e3e0000	1	00835524
003e4faa	None	008353f4	aa4f3e0000	1	008353f4
003e743e	None	00832f60	3e743e0000	1	00832f60
003e817a	None	00832186	7a813e0000	1	00832186
003e8c0a	None	00831794	0a8c3e0000	1	00831794
003e8e56	None	00831504	568e3e0000	1	00831504
003e97c6	None	00830bd8	c6973e0000	1	00830bd8
003e98f6	None	00830aa8	f6983e0000	1	00830aa8
003e9ad2	None	008308cc	d29a3e0000	1	008308cc
003ea3b4	None	0082ffd8	b4a33e0000	1	0082ffd8
003ea452	None	0082ff4c	52a43e0000	1	0082ff4c
003ec982	None	0082da1c	82c93e0000	1	0082da1c
003ecac6	None	0082d8d8	c6ca3e0000	1	0082d8d8
003ecc0a	None	0082d794	0acc3e0000	1	0082d794
003ecdbe	None	0082d5e0	becd3e0000	1	0082d5e0
003ece66	None	0082d538	66ce3e0000	1	0082d538
003ecfaa	None	0082d3f4	aacf3e0000	1	0082d3f4
003ed0fe	None	0082d2a0	fed03e0000	1	0082d2a0
003edcbe	None	0082c6e0	bedc3e0000	1	0082c6e0
003eeacd	None	0063fe98	cdea3e0000	1	0063fe98
003eead1	None	0063fe98	d1ea3e0000	1	0063fe98
003eedf2	None	0063fe98	f2ed3e0000	1	0063fe98
003eee0b	None	0063fe98	0bee3e0000	1	0063fe98
003efad2	None	0082a8c8	d2fa3e0000	1	0082a8c8
003f2f62	None	0082743c	622f3f0000	1	0082743c
003f5f9a	None	00824404	9a5f3f0000	1	00824404
003f62be	None	008240e0	be623f0000	1	008240e0
003f6732	None	00823c6c	32673f0000	1	00823c6c
003f6a60	None	008238c2	606a3f0000	1	008238c2
003f82aa	None	008220f4	aa823f0000	1	008220f4
003f8666	None	00821d38	66863f0000	1	00821d38
003f8722	None	00821c7c	22873f0000	1	00821c7c
003f8ace	None	008218bc	ce8a3f0000	1	008218bc
003f8fa8	None	008213e4	a88f3f0000	1	008213e4
003f90fe	None	008212a0	fe903f0000	1	008212a0
003f9672	None	00820d2c	72963f0000	1	00820d2c
003f97a2	None	00820bfc	a2973f0000	1	00820bfc
003f992c	None	00820a60	2c993f0000	1	00820a60
003f9aec	None	008208a0	ec9a3f0000	1	008208a0
003f9c5e	None	00820740	5e9c3f0000	1	00820740
003f9d8e	None	00820610	8e9d3f0000	1	00820610
003f9ee2	None	008204bc	e29e3f0000	1	008204bc
003fa84a	None	0081fb54	4aa83f0000	1	0081fb54
003fb0ee	None	0081f2b0	eeb03f0000	1	0081f2b0
003fc226	None	0081e178	26c23f0000	1	0081e178
003ffcaa	None	0081a6f0	aafc3f0000	1	0081a6f0
00401e56	None	00818548	561e400000	1	00818548
004023be	None	00817fe0	be23400000	1	00817fe0
00403fbe	None	008163e0	be3f400000	1	008163e0
004044a0	None	00815eec	a044400000	1	00815eec
00404e26	None	00815578	264e400000	1	00815578
00404f72	None	0081542c	724f400000	1	0081542c
004052fe	None	00815070	fe52400000	1	00815070
004058ca	None	00814ad4	ca58400000	1	00814ad4
00406102	None	0081429c	0261400000	1	0081429c
00406e3a	None	0081355c	3a6e400000	1	0081355c
00407070	None	00813334	7070400000	1	00813334
00407b80	None	008127d0	807b400000	1	008127d0
00407c4a	None	00812754	4a7c400000	1	00812754
00407d8e	None	00812610	8e7d400000	1	00812610
00407eca	None	008124d4	ca7e400000	1	008124d4
00408022	None	00812374	2280400000	1	00812374
00408212	None	0081218c	1282400000	1	0081218c
00408a48	None	00811944	488a400000	1	00811944
00409560	None	00810d88	6095400000	1	00810d88
0040a41e	None	0080ff80	1ea4400000	1	0080ff80
0040a54e	None	0080fe50	4ea5400000	1	0080fe50
0040a884	None	0080fb08	84a8400000	1	0080fb08
0040aae2	None	0080f8bc	e2aa400000	1	0080f8bc
0040c252	None	0080e14c	52c2400000	1	0080e14c
0040c46c	None	0080df18	6cc4400000	1	0080df18
0040c528	None	0080de64	28c5400000	1	0080de64
0040c68a	None	0080dd14	8ac6400000	1	0080dd14
0040c7ba	None	0080dbe4	bac7400000	1	0080dbe4
0040e086	None	0080c304	86e0400000	1	0080c304
0040e2de	None	0080c0c0	dee2400000	1	0080c0c0
0040e778	None	0080b2f4	78e7400000	1	0080b2f4
004106f2	None	00809cac	f206410000	1	00809cac
00410e46	None	00809558	460e410000	1	00809558
00411030	None	0080935c	3010410000	1	0080935c
004111ba	None	008091e4	ba11410000	1	008091e4
004147da	None	00805bc4	da47410000	1	00805bc4
00414d04	None	00805688	044d410000	1	00805688
00414e82	None	0080551c	824e410000	1	0080551c
004164f2	None	00803eac	f264410000	1	00803eac
0041751a	None	00802e84	1a75410000	1	00802e84
004178b6	None	00802ae8	b678410000	1	00802ae8
004180ca	None	008022d4	ca80410000	1	008022d4
0041880e	None	00801b90	0e88410000	1	00801b90
00419b1e	None	0080078c	1e9b410000	1	0080078c
0041acce	None	007ff6d0	ceac410000	1	007ff6d0
0041aebe	None	007ff4e0	beae410000	1	007ff4e0
0041c6ca	None	007fdcd4	cac6410000	1	007fdcd4
0041d1c6	None	007fd1d8	c6d1410000	1	007fd1d8
0041d306	None	007fd098	06d3410000	1	007fd098
0041d432	None	007fcf6c	32d4410000	1	007fcf6c
0041d55e	None	007fce40	5ed5410000	1	007fce40
0041d6d4	None	007fccb8	d4d6410000	1	007fccb8
0041d880	None	007fcb0c	80d8410000	1	007fcb0c
004200ce	None	007fa2d0	ce00420000	1	007fa2d0
004208a6	None	007f9af8	a608420000	1	007f9af8
004209ea	None	007f99b4	ea09420000	1	007f99b4
00420b2a	None	007f9874	2a0b420000	1	007f9874
00420c94	None	007f96e8	940c420000	1	007f96e8
00421002	None	007f939c	0210420000	1	007f939c
004210d2	None	007f92cc	d210420000	1	007f92cc
00421212	None	007f918c	1212420000	1	007f918c
00421536	None	007f8e68	3615420000	1	007f8e68
00421d06	None	007f8698	061d420000	1	007f8698
00421f22	None	007f8468	221f420000	1	007f8468
00422eaa	None	007f74f4	aa2e420000	1	007f74f4
00422ffe	None	007f73a0	fe2f420000	1	007f73a0
00423152	None	007f724c	5231420000	1	007f724c
004232a2	None	007f70fc	a232420000	1	007f70fc
00423846	None	007f6b50	4638420000	1	007f6b50
00423e00	None	007f6584	003e420000	1	007f6584
00424e5c	None	007f553c	5c4e420000	1	007f553c
00424fee	None	007f53b0	ee4f420000	1	007f53b0
00425140	None	007f522c	4051420000	1	007f522c
00425410	None	007f4f14	1054420000	1	007f4f14
00425d06	None	007f4698	065d420000	1	007f4698
00426282	None	007f4108	8262420000	1	007f4108
00426322	None	007f407c	2263420000	1	007f407c
0042648c	None	007f3f00	8c64420000	1	007f3f00
00426606	None	007f3d98	0666420000	1	007f3d98
004267da	None	007f3bc4	da67420000	1	007f3bc4
00426882	None	007f3b1c	8268420000	1	007f3b1c
00426a32	None	007f3910	326a420000	1	007f3910
00426f7a	None	007f3424	7a6f420000	1	007f3424
00427508	None	007f2e84	0875420000	1	007f2e84
00427a0c	None	007f2980	0c7a420000	1	007f2980
00427b62	None	007f283c	627b420000	1	007f283c
00428664	None	007f1d40	6486420000	1	007f1d40
0042a39c	None	007f0008	9ca3420000	1	007f0008
0042b152	None	007ef212	52b1420000	1	007ef212
0042b2aa	None	007ef0f0	aab2420000	1	007ef0f0
0042bbd8	None	007ee7cc	d8bb420000	1	007ee7cc
0042bc2e	None	007ee778	2ebc420000	1	007ee778
0042bed0	None	007ee4cc	d0be420000	1	007ee4cc
0042f840	None	007eab50	40f8420000	1	007eab50
00430b80	None	005fe298	800b430000	1	005fe298
00430b94	None	005fe270	940b430000	1	005fe270
00430bab	None	005fe248	ab0b430000	1	005fe248
00430bbf	None	005fe220	bf0b430000	1	005fe220
00430bd4	None	005fe1f8	d40b430000	1	005fe1f8
00430be9	None	005fe1d0	e90b430000	1	005fe1d0
00430bfa	None	005fe1a8	fa0b430000	1	005fe1a8
00430c14	None	005fe148	140c430000	1	005fe148
00430c30	None	005fe148	300c430000	1	005fe148
00431bec	None	007e87ac	ec1b430000	1	007e87ac
0043227c	None	007e8114	7c22430000	1	007e8114
00432cc4	None	007e75bc	c42c430000	1	007e75bc
004334a4	None	007e6f00	a434430000	1	007e6f00
00435f7e	None	007e4420	7e5f430000	1	007e4420
004360b6	None	007e42e8	b660430000	1	007e42e8
004361e6	None	007e41b8	e661430000	1	007e41b8
00436326	None	007e4078	2663430000	1	007e4078
0043728e	None	007e3110	8e72430000	1	007e3110
004373f6	None	007e2fa8	f673430000	1	007e2fa8
0043771a	None	007e2c50	1a77430000	1	007e2c50
00437862	None	007e2b3c	6278430000	1	007e2b3c
00437a56	None	007e2948	567a430000	1	007e2948
00437b1e	None	007e2880	1e7b430000	1	007e2880
00437c72	None	007e272c	727c430000	1	007e272c
00438d8a	None	007e1614	8a8d430000	1	007e1614
00438eca	None	007e14d4	ca8e430000	1	007e14d4
0043a272	None	007e012c	72a2430000	1	007e012c
0043a762	None	007dfc3c	62a7430000	1	007dfc3c
0043bdd6	None	007de5c8	d6bd430000	1	007de5c8
0043c34e	None	007de050	4ec3430000	1	007de050
0043de92	None	007dc50c	92de430000	1	007dc50c
0043fe04	None	007da538	04fe430000	1	007da538
004401fa	None	007da14e	fa01440000	1	007da14e
0044032a	None	007d9be8	2a03440000	1	007d9be8
004403ee	None	007d9be8	ee03440000	1	007d9be8
004404b2	None	007d9be8	b204440000	1	007d9be8
00440576	None	007d9be8	7605440000	1	007d9be8
0044063a	None	007d9be8	3a06440000	1	007d9be8
004406ee	None	007d9be8	ee06440000	1	007d9be8
004407a2	None	007d9be8	a207440000	1	007d9be8
00440d6e	None	007d9630	6e0d440000	1	007d9630
00441242	None	007d915c	4212440000	1	007d915c
00442648	None	007d7d5c	4826440000	1	007d7d5c
0044274e	None	007d7c50	4e27440000	1	007d7c50
00442892	None	007d7b0c	9228440000	1	007d7b0c
0044484b	0	005d5784	4b48440000	1	005d5784
004480d2	None	007d22cc	d280440000	1	007d22cc
00448695	1	005d552c	9586440000	1	005d552c
00448786	None	007d1c04	8687440000	1	007d1c04
00448961	1	005d52e8	6189440000	1	005d52e8
00449976	None	007d090c	7699440000	2	007d090c
0044a10e	None	007d028c	0ea1440000	1	007d028c
0044a199	None	005d38c8	99a1440000	1	005d38c8
0044a89e	None	007cfb00	9ea8440000	1	007cfb00
0044a9de	None	007cf9c0	dea9440000	1	007cf9c0
0044c4ee	None	007cdeb0	eec4440000	1	007cdeb0
0044c6ae	None	007cdca0	aec6440000	2	007cdca0
0044ce02	None	007cd59c	02ce440000	1	007cd59c
0044d05b	1	005d0840	5bd0440000	1	005d0840
0044d06a	1	005d0840	6ad0440000	1	005d0840
0044d079	1	005d0840	79d0440000	1	005d0840
0044e3d8	1	007cbfc0	d8e3440000	1	007cbfc0
0044f5de	None	007cadc0	def5440000	1	007cadc0
0044f770	None	007cac1c	70f7440000	1	007cac1c
0044f906	None	007caa98	06f9440000	1	007caa98
0044fa84	None	007ca908	84fa440000	1	007ca908
0044fef8	None	007ca494	f8fe440000	1	007ca494
00450012	None	007ca38c	1200450000	1	007ca38c
00450bd0	1	005cc924	d00b450000	1	005cc924
00450c54	1	005cc8a0	540c450000	1	005cc8a0
00451152	None	007c924c	5211450000	1	007c924c
00451296	None	007c9108	9612450000	1	007c9108
004514be	1	005cbdb4	be14450000	1	005cbdb4
0045154a	1	005cbd28	4a15450000	1	005cbd28
004517bb	1	005cbe40	bb17450000	1	005cbe40
004517f6	1	005cba7c	f617450000	1	005cba7c
0045191c	1	005cbca0	1c19450000	1	005cbca0
004519a4	1	005cbc18	a419450000	1	005cbc18
004519fb	1	005cbb90	fb19450000	1	005cbb90
00451a83	1	005cbb08	831a450000	1	005cbb08
00451b5b	1	005cba18	5b1b450000	1	005cba18
00451bb9	1	005cb970	b91b450000	1	005cb970
00451c49	1	005cb8e0	491c450000	1	005cb8e0
00451c9e	1	005cb854	9e1c450000	1	005cb854
00452002	None	007c839c	0220450000	1	007c839c
00452156	None	007c8248	5621450000	1	007c8248
0045219e	1	005cb0d4	9e21450000	1	005cb0d4
00452226	1	005cb028	2622450000	1	005cb028
00452300	1	005caf78	0023450000	1	005caf78
00452382	1	005caec8	8223450000	1	005caec8
00452408	1	005cae40	0824450000	1	005cae40
00452e22	None	007c757c	222e450000	1	007c757c
0045304c	None	007c72f2	4c30450000	1	007c72f2
004542d6	None	007c60c8	d642450000	1	007c60c8
00454a72	None	007c592c	724a450000	1	007c592c
00454bb6	None	007c57e8	b64b450000	1	007c57e8
00454d02	None	007c569c	024d450000	1	007c569c
00454e42	None	007c555c	424e450000	1	007c555c
00455b6a	None	007c4784	6a5b450000	1	007c4784
0045641e	None	007c3b0c	1e64450000	1	007c3b0c
0045b3aa	None	007beff4	aab3450000	1	007beff4
0045b4da	None	007beec4	dab4450000	1	007beec4
0045b61a	None	007bed84	1ab6450000	1	007bed84
0045c538	None	005c06b4	38c5450000	1	005c06b4
0045c562	None	005c0684	62c5450000	1	005c0684
004706b2	None	007a9cec	b206470000	1	007a9cec
004707f2	None	007a9bac	f207470000	1	007a9bac
004724b2	None	007a7eec	b224470000	1	007a7eec
00472602	None	007a7d9c	0226470000	1	007a7d9c
00472dfe	None	007a75a0	fe2d470000	1	007a75a0
004739c0	None	007a68d8	c039470000	1	007a68d8
00475692	None	007a4d0c	9256470000	1	007a4d0c
00475856	None	007a4b48	5658470000	1	007a4b48
004767d4	None	007a3bb8	d467470000	1	007a3bb8
0047696a	None	007a3a34	6a69470000	1	007a3a34
00476f6e	None	007a3430	6e6f470000	1	007a3430
004785c2	None	007a1ddc	c285470000	1	007a1ddc
004786ad	1	0059023c	ad86470000	1	0059023c
004786eb	None	0059023c	eb86470000	1	0059023c
004786f2	None	007a1cac	f286470000	1	007a1cac
004791ca	None	007a11d4	ca91470000	1	007a11d4
00479374	None	007a1018	7493470000	1	007a1018
0047951a	None	007a0e84	1a95470000	1	007a0e84
00479f66	None	007a0438	669f470000	1	007a0438
0047a0a6	None	007a02f8	a6a0470000	1	007a02f8
0047a65a	None	0079fd44	5aa6470000	1	0079fd44
0047a79a	None	0079fc04	9aa7470000	1	0079fc04
0047bada	None	0079e8c4	daba470000	1	0079e8c4
0047bc1a	None	0079e784	1abc470000	1	0079e784
0047bd4a	None	0079e654	4abd470000	1	0079e654
0047be8e	None	0079e510	8ebe470000	1	0079e510
0047ca8e	None	0079d910	8eca470000	1	0079d910
0047cbc6	None	0079d7d8	c6cb470000	1	0079d7d8
0047ccf6	None	0079d6a8	f6cc470000	1	0079d6a8
0047d0fe	None	0079d2a0	fed0470000	1	0079d2a0
0047d260	None	0079d12c	60d2470000	1	0079d12c
0047d3ca	None	0079cfd4	cad3470000	1	0079cfd4
0047e44e	None	0079bf50	4ee4470000	1	0079bf50
0047e57e	None	0079be20	7ee5470000	1	0079be20
0047e6be	None	0079bce0	bee6470000	1	0079bce0
0047e828	None	0079bb64	28e8470000	1	0079bb64
0047eae2	None	0079b8a8	e2ea470000	1	0079b8a8
0047f3aa	None	0079afe4	aaf3470000	1	0079afe4
0047f4fe	None	0079aea0	fef4470000	1	0079aea0
0047f5d2	None	0079ad80	d2f5470000	1	0079ad80
0047f968	None	0079a9ce	68f9470000	1	0079a9ce
0047ffea	None	0079a3b4	eaff470000	1	0079a3b4
0048012e	None	0079a270	2e01480000	1	0079a270
004803aa	None	00799fb4	aa03480000	1	00799fb4
0048105a	None	00799340	5a10480000	1	00799340
00481126	None	00799278	2611480000	1	00799278
0048126a	None	00799134	6a12480000	1	00799134
004813aa	None	00798ff4	aa13480000	1	00798ff4
00482652	None	00797d4c	5226480000	1	00797d4c
00482792	None	00797c0c	9227480000	1	00797c0c
00482b04	None	00797888	042b480000	1	00797888
00482c72	None	0079772c	722c480000	1	0079772c
00482daa	None	007975f4	aa2d480000	1	007975f4
00482eda	None	007974c4	da2e480000	1	007974c4
0048300a	None	00797394	0a30480000	1	00797394
00483da6	None	007965f8	a63d480000	1	007965f8
00484a18	None	00795974	184a480000	1	00795974
00485016	None	00795388	1650480000	1	00795388
004855c2	None	00794ddc	c255480000	1	00794ddc
0048656a	None	00793e34	6a65480000	1	00793e34
00486c66	None	00793738	666c480000	1	00793738
00486d96	None	00793608	966d480000	1	00793608
00486eda	None	007934c4	da6e480000	1	007934c4
004870b2	None	007932ec	b270480000	1	007932ec
004871a0	None	007931ec	a071480000	1	007931ec
00489a7e	1	00590906	7e9a480000	1	00590906
00489d90	1	0059059e	909d480000	1	0059059e
00489ef7	1	005903e4	f79e480000	1	005903e4
0048ae2e	None	0078f570	2eae480000	1	0078f570
0048b09a	None	0078f2f0	9ab0480000	1	0078f2f0
0048e5c8	None	0078bdc4	c8e5480000	1	0078bdc4
0048ed04	None	0078b688	04ed480000	1	0078b688
0048eed6	None	0078b4c0	d6ee480000	1	0078b4c0
0048fa54	None	0078a938	54fa480000	1	0078a938
0048fbda	None	0078a7c4	dafb480000	1	0078a7c4
0048fd42	None	0078a65c	42fd480000	1	0078a65c
0048feae	None	0078a4f0	aefe480000	1	0078a4f0
0048fffe	None	0078a3a0	feff480000	1	0078a3a0
00490142	None	0078a25c	4201490000	1	0078a25c
004902b0	None	0078a0dc	b002490000	1	0078a0dc
00490d64	None	00789620	640d490000	1	00789620
00490e0a	None	00789594	0a0e490000	1	00789594
00490fec	None	0078937c	ec0f490000	1	0078937c
0049143e	None	00788f60	3e14490000	1	00788f60
004921f0	None	00788148	f021490000	1	00788148
0049251c	None	00787e7e	1c25490000	1	00787e7e
00492634	None	00787d58	3426490000	1	00787d58
004927ca	None	00787bd4	ca27490000	1	00787bd4
0049290e	None	00787a90	0e29490000	1	00787a90
00492b40	None	00787858	402b490000	1	00787858
00493d44	None	00786638	443d490000	1	00786638
00493fbe	None	007863e0	be3f490000	1	007863e0
0049408e	None	00786310	8e40490000	1	00786310
00494402	None	00785f9c	0244490000	1	00785f9c
00494542	None	00785e5c	4245490000	1	00785e5c
00494682	None	00785d1c	8246490000	1	00785d1c
0049482e	None	00785b26	2e48490000	1	00785b26
004951c2	None	007851dc	c251490000	1	007851dc
004952f2	None	007850ac	f252490000	1	007850ac
0049543a	None	00784f64	3a54490000	1	00784f64
00495cba	None	007846e4	ba5c490000	1	007846e4
00495e0e	None	00784590	0e5e490000	1	00784590
00495f72	None	0078442c	725f490000	1	0078442c
00497382	None	0078301c	8273490000	1	0078301c
004974ba	None	00782ee4	ba74490000	1	00782ee4
00498722	None	00781c7c	2287490000	1	00781c7c
0049b214	None	0077f178	14b2490000	1	0077f178
0049b366	None	0077f038	66b3490000	1	0077f038
0049b4aa	None	0077eef4	aab4490000	1	0077eef4
0049b5fe	None	0077eda0	feb5490000	1	0077eda0
0049b736	None	0077ec68	36b7490000	1	0077ec68
0049b87a	None	0077eb24	7ab8490000	1	0077eb24
0049c13a	None	0077e264	3ac1490000	1	0077e264
0049c26a	None	0077e134	6ac2490000	1	0077e134
0049c84e	None	0077db50	4ec8490000	1	0077db50
0049c97e	None	0077da20	7ec9490000	1	0077da20
0049cc54	None	0077d738	54cc490000	1	0077d738
0049d45e	None	0077cf40	5ed4490000	1	0077cf40
0049d93a	None	0077ca64	3ad9490000	1	0077ca64
0049dea6	None	0077c4f8	a6de490000	1	0077c4f8
0049efa2	None	0077b3fc	a2ef490000	1	0077b3fc
0049f47a	None	0077af24	7af4490000	1	0077af24
0049f9ea	None	0077a9b4	eaf9490000	1	0077a9b4
0049fcfc	None	0077a690	fcfc490000	1	0077a690
0049fe56	None	0077a548	56fe490000	1	0077a548
0049ff86	None	0077a418	86ff490000	1	0077a418
004a00da	None	0077a2c4	da004a0000	1	0077a2c4
004a1f46	None	00778454	461f4a0000	1	00778454
004a2f22	None	00777378	222f4a0000	1	00777378
004a36d6	None	00776cc8	d6364a0000	1	00776cc8
004a3fb8	None	007763d4	b83f4a0000	1	007763d4
004a4198	None	007761f4	98414a0000	1	007761f4
004a4fe6	None	007753b4	e64f4a0000	1	007753b4
004a510a	None	00775294	0a514a0000	1	00775294
004a5850	None	00774b3c	50584a0000	1	00774b3c
004a7682	None	00772d0c	82764a0000	1	00772d0c
004a76ea	None	00772cac	ea764a0000	1	00772cac
004a7c7a	None	00772724	7a7c4a0000	1	00772724
004a7dd8	None	007725b4	d87d4a0000	1	007725b4
004a8ff6	None	007713a8	f68f4a0000	1	007713a8
004a90b2	None	007712ec	b2904a0000	1	007712ec
004a9c94	None	007706fc	949c4a0000	1	007706fc
004aa21e	None	00770180	1ea24a0000	1	00770180
004aa34e	None	00770050	4ea34a0000	1	00770050
004aab62	None	0076f83c	62ab4a0000	1	0076f83c
004aac92	None	0076f70c	92ac4a0000	1	0076f70c
004aaef8	None	0076f494	f8ae4a0000	1	0076f494
004ab5b2	None	0076edec	b2b54a0000	1	0076edec
004ab6f2	None	0076ecac	f2b64a0000	1	0076ecac
004ab822	None	0076eb7c	22b84a0000	1	0076eb7c
004ab952	None	0076ea4c	52b94a0000	1	0076ea4c
004abd16	None	0076e688	16bd4a0000	1	0076e688
004ac6e6	None	0076dc26	e6c64a0000	1	0076dc26
004acb6c	None	0076d820	6ccb4a0000	1	0076d820
004accd6	None	0076d6c8	d6cc4a0000	1	0076d6c8
004ade58	None	0076c544	58de4a0000	1	0076c544
004af9b6	None	0076a9e8	b6f94a0000	1	0076a9e8
004af9da	None	0076a9c4	daf94a0000	1	0076a9c4
004af9fe	None	0076a9a0	fef94a0000	1	0076a9a0
004afa22	None	0076a97c	22fa4a0000	1	0076a97c
004afa5e	None	0076a940	5efa4a0000	1	0076a940
004b2494	0	00767eec	94244b0000	1	00767eec
004b27d6	None	00767bc8	d6274b0000	1	00767bc8
004b29de	None	007679c0	de294b0000	1	007679c0
004b2aee	None	007678b0	ee2a4b0000	1	007678b0
004b2c16	None	00767788	162c4b0000	1	00767788
004b2d22	None	0076767c	222d4b0000	1	0076767c
004b2ff6	None	007673a8	f62f4b0000	1	007673a8
004b31ce	None	007671d0	ce314b0000	1	007671d0
004b34a2	None	00766efc	a2344b0000	1	00766efc
004b35b6	None	00766de8	b6354b0000	1	00766de8
004b39b6	None	007669e8	b6394b0000	1	007669e8
004b3a36	None	00766968	363a4b0000	1	00766968
004b3f72	None	0076642c	723f4b0000	1	0076642c
004b407e	None	00766320	7e404b0000	1	00766320
004b4bca	None	007657d4	ca4b4b0000	1	007657d4
004b4d06	None	00765698	064d4b0000	1	00765698
004b4e12	None	0076558c	124e4b0000	1	0076558c
004b4f5a	None	00765444	5a4f4b0000	1	00765444
004b5036	None	00765368	36504b0000	1	00765368
004b5266	None	00765138	66524b0000	1	00765138
004b5382	None	0076501c	82534b0000	1	0076501c
004b5606	None	00764d98	06564b0000	1	00764d98
004b574e	None	00764c50	4e574b0000	1	00764c50
004b57f2	None	00764bac	f2574b0000	1	00764bac
004b5c2a	None	00764774	2a5c4b0000	1	00764774
004b5dde	None	007645c0	de5d4b0000	1	007645c0
004b5ec2	None	007644dc	c25e4b0000	1	007644dc
004b65de	None	00763dc0	de654b0000	1	00763dc0
004b666a	None	00763d34	6a664b0000	1	00763d34
004b6882	None	00763b1c	82684b0000	1	00763b1c
004b6b4e	None	00763850	4e6b4b0000	1	00763850
004b6eb6	None	007634e8	b66e4b0000	1	007634e8
004b6f16	None	00763488	166f4b0000	1	00763488
004b6fbe	None	007633e0	be6f4b0000	1	007633e0
004b70f2	None	007632ac	f2704b0000	1	007632ac
004b716a	None	00763234	6a714b0000	1	00763234
004b7c56	None	00762748	567c4b0000	1	00762748
004b7cda	None	007626c4	da7c4b0000	1	007626c4
004b81b2	None	007621ec	b2814b0000	1	007621ec
004b8476	None	00761f28	76844b0000	1	00761f28
004b86a6	None	00761cf8	a6864b0000	1	00761cf8
004b87ba	None	00761be4	ba874b0000	1	00761be4
004b89c2	None	007619dc	c2894b0000	1	007619dc
004b8b2a	None	00761874	2a8b4b0000	1	00761874
004b8efa	None	007614a4	fa8e4b0000	1	007614a4
004b8f7e	None	00761420	7e8f4b0000	1	00761420
004b9b8a	None	00760814	8a9b4b0000	1	00760814
004b9dc2	None	007605dc	c29d4b0000	1	007605dc
004ba266	None	00760138	66a24b0000	1	00760138
004ba96a	None	0075fa34	6aa94b0000	1	0075fa34
004bc00a	None	0075e394	0ac04b0000	1	0075e394
004bc07a	None	0075e324	7ac04b0000	1	0075e324
004bc122	None	0075e27c	22c14b0000	1	0075e27c
004bcbba	None	0075d7e4	bacb4b0000	1	0075d7e4
004bcce2	None	0075d6bc	e2cc4b0000	1	0075d6bc
004bd056	None	0075d348	56d04b0000	1	0075d348
004bdd12	None	0075c68c	12dd4b0000	1	0075c68c
004bddba	None	0075c5e4	badd4b0000	1	0075c5e4
004be102	None	0075c29c	02e14b0000	1	0075c29c
004be256	None	0075c148	56e24b0000	1	0075c148
004bebf6	None	0075b7a8	f6eb4b0000	1	0075b7a8
004becfa	None	0075b6a4	faec4b0000	1	0075b6a4
004bf08a	None	0075b314	8af04b0000	1	0075b314
004bf5ce	None	0075add0	cef54b0000	1	0075add0
004bf876	None	0075ab28	76f84b0000	1	0075ab28
004bfcd2	None	0075a6cc	d2fc4b0000	1	0075a6cc
004c0696	None	00759d08	96064c0000	1	00759d08
004c0a4a	None	00759954	4a0a4c0000	1	00759954
004c0f0a	None	00759494	0a0f4c0000	1	00759494
004c1042	None	0075935c	42104c0000	1	0075935c
004c153e	None	00758e60	3e154c0000	1	00758e60
004c171a	None	00758c84	1a174c0000	1	00758c84
004c18ae	None	00758af0	ae184c0000	1	00758af0
004c1cb6	None	007586e8	b61c4c0000	1	007586e8
004c2136	None	00758268	36214c0000	1	00758268
004c2212	None	0075818c	12224c0000	1	0075818c
004c23a6	None	00757ff8	a6234c0000	1	00757ff8
004c269a	None	00757d04	9a264c0000	1	00757d04
004c287a	None	00757b24	7a284c0000	1	00757b24
004c2ae2	None	007578bc	e22a4c0000	1	007578bc
004c3150	None	00757254	50314c0000	1	00757254
004c331a	None	00757084	1a334c0000	1	00757084
004c3556	None	00756e48	56354c0000	1	00756e48
004c378e	None	00756c10	8e374c0000	1	00756c10
004c3d2a	None	00756674	2a3d4c0000	1	00756674
004c3e12	None	0075658c	123e4c0000	1	0075658c
004c4016	None	00756388	16404c0000	1	00756388
004c439a	None	00756004	9a434c0000	1	00756004
004c462a	None	00755d74	2a464c0000	1	00755d74
004c4c06	None	00755798	064c4c0000	1	00755798
004c59da	None	007549c4	da594c0000	1	007549c4
004c5a5e	None	00754940	5e5a4c0000	1	00754940
004c5dc2	None	007545dc	c25d4c0000	1	007545dc
004c5e92	None	0075450c	925e4c0000	1	0075450c
004c6bf2	None	007537ac	f26b4c0000	1	007537ac
004c6c9a	None	00753704	9a6c4c0000	1	00753704
004c701a	None	00753384	1a704c0000	1	00753384
004c721a	None	00753184	1a724c0000	1	00753184
004c79ae	None	007529f0	ae794c0000	1	007529f0
004c7d56	None	00752648	567d4c0000	1	00752648
004c7dda	None	007525c4	da7d4c0000	1	007525c4
004c8006	None	00752398	06804c0000	1	00752398
004c82ca	None	007520d4	ca824c0000	1	007520d4
004c8f26	None	00751478	268f4c0000	1	00751478
004c927e	None	00751120	7e924c0000	1	00751120
004c95ea	None	00750db4	ea954c0000	1	00750db4
004c9f2a	None	00750474	2a9f4c0000	1	00750474
004ca4a2	None	0074fefc	a2a44c0000	1	0074fefc
004ca61a	None	0074fd84	1aa64c0000	1	0074fd84
004ca6d6	None	0074fcc8	d6a64c0000	1	0074fcc8
004ca84a	None	0074fb54	4aa84c0000	1	0074fb54
004cad26	None	0074f678	26ad4c0000	1	0074f678
004cae56	None	0074f548	56ae4c0000	1	0074f548
004cb0be	None	0074f2e0	beb04c0000	1	0074f2e0
004cb70e	None	0074ec90	0eb74c0000	1	0074ec90
004cbaaa	None	0074e8f4	aaba4c0000	1	0074e8f4
004cbcee	None	0074e6b0	eebc4c0000	1	0074e6b0
004cbe72	None	0074e52c	72be4c0000	1	0074e52c
004cc0e6	None	0074e2b8	e6c04c0000	1	0074e2b8
004cc44e	None	0074df50	4ec44c0000	1	0074df50
004cc55a	None	0074de44	5ac54c0000	1	0074de44
004ccbb2	None	0074d7ec	b2cb4c0000	1	0074d7ec
004ccc3e	None	0074d760	3ecc4c0000	1	0074d760
004cecaa	None	0074b6f4	aaec4c0000	1	0074b6f4
004d05fa	None	00749da4	fa054d0000	1	00749da4
004d098e	None	00749a10	8e094d0000	1	00749a10
004d0cd2	None	007496cc	d20c4d0000	1	007496cc
004d0f0a	None	00749494	0a0f4d0000	1	00749494
004d18b2	None	00748aec	b2184d0000	1	00748aec
004d238e	None	00747fbe	8e234d0000	1	00747fbe
004d262b	1	00428978	2b264d0000	1	00428978
004d2649	None	00428978	49264d0000	1	00428978
004d2742	None	00747c5c	42274d0000	1	00747c5c
004d27a2	None	00747bfc	a2274d0000	1	00747bfc
004d2bb2	1	00428210	b22b4d0000	1	00428210
004d2bd5	1	00428210	d52b4d0000	1	00428210
004d2ef2	None	007474ac	f22e4d0000	1	007474ac
004d564e	None	00744d50	4e564d0000	1	00744d50
004d5bf6	None	007447a8	f65b4d0000	1	007447a8
004d5d0a	None	00744694	0a5d4d0000	1	00744694
004d5fb1	1	004246c4	b15f4d0000	1	004246c4
004d5fc8	1	004246c4	c85f4d0000	1	004246c4
004d6072	1	004246c4	72604d0000	1	004246c4
004d680e	None	00743b90	0e684d0000	1	00743b90
004d6e7e	None	00743520	7e6e4d0000	1	00743520
004d74c2	None	00742edc	c2744d0000	1	00742edc
004d7642	None	00742d5c	42764d0000	1	00742d5c
004d7c1e	None	00742780	1e7c4d0000	1	00742780
004d7f3e	None	00742460	3e7f4d0000	1	00742460
004d808a	None	00742314	8a804d0000	1	00742314
004d8446	None	00741f58	46844d0000	1	00741f58
004d84ae	None	00741ef0	ae844d0000	1	00741ef0
004d880e	None	00741b90	0e884d0000	1	00741b90
004d8968	4	004218e0	68894d0000	1	004218e0
004d8bba	None	007417e4	ba8b4d0000	1	007417e4
004d91a2	None	007411fc	a2914d0000	1	007411fc
004d9a62	None	0074093c	629a4d0000	1	0074093c
004d9e42	None	0074055c	429e4d0000	1	0074055c
004da302	None	0074009c	02a34d0000	1	0074009c
004da786	None	0073fc18	86a74d0000	1	0073fc18
004da7e6	None	0073fbb8	e6a74d0000	1	0073fbb8
004da8a2	None	0073fafc	a2a84d0000	1	0073fafc
004da942	None	0073fa5c	42a94d0000	1	0073fa5c
004daabe	None	0073f8e0	beaa4d0000	1	0073f8e0
004dac66	None	0073f738	66ac4d0000	1	0073f738
004dada2	None	0073f5fc	a2ad4d0000	1	0073f5fc
004db21a	None	0073f184	1ab24d0000	1	0073f184
004dc2c6	None	0073e0d8	c6c24d0000	1	0073e0d8
004df326	None	0073b078	26f34d0000	1	0073b078
004df87e	None	0073ab20	7ef84d0000	1	0073ab20
004df8de	None	0073aac0	def84d0000	1	0073aac0
004e051a	None	00739e84	1a054e0000	1	00739e84
004e059e	None	00739e00	9e054e0000	1	00739e00
004e0a12	None	0073998c	120a4e0000	1	0073998c
004e0ab8	1	00418f98	b80a4e0000	1	00418f98
004e0da2	None	007395fc	a20d4e0000	1	007395fc
004e1b46	None	00738858	461b4e0000	1	00738858
004e2816	None	00737b88	16284e0000	1	00737b88
004e2af2	None	007378ac	f22a4e0000	1	007378ac
004e2b72	None	0073782c	722b4e0000	1	0073782c
004e2c62	None	0073773c	622c4e0000	1	0073773c
004e3966	None	00736a38	66394e0000	1	00736a38
004e3c86	None	00736718	863c4e0000	1	00736718
004e3e1e	None	00736580	1e3e4e0000	1	00736580
004e3ff2	None	007363ac	f23f4e0000	1	007363ac
004e462a	None	00735d74	2a464e0000	1	00735d74
004e48a6	None	00735af8	a6484e0000	1	00735af8
004e7a42	None	0073295c	427a4e0000	1	0073295c
004e7a8a	None	00732914	8a7a4e0000	1	00732914
004e7d7a	None	00732624	7a7d4e0000	1	00732624
004e8dae	None	007315f0	ae8d4e0000	1	007315f0
004e8ee6	None	007314b8	e68e4e0000	1	007314b8
004e9096	None	00731308	96904e0000	1	00731308
004e9742	None	00730c5c	42974e0000	1	00730c5c
004e9836	None	00730b68	36984e0000	1	00730b68
004e9a52	None	0073094c	529a4e0000	1	0073094c
004e9b4e	None	00730850	4e9b4e0000	1	00730850
004e9cd2	None	007306cc	d29c4e0000	1	007306cc
004ea05e	None	00730340	5ea04e0000	1	00730340
004ea23a	None	00730164	3aa24e0000	1	00730164
004ea5b2	None	0072fdec	b2a54e0000	1	0072fdec
004eb132	None	0072f26c	32b14e0000	1	0072f26c
004ebcba	None	0072e6e4	babc4e0000	1	0072e6e4
004ec25a	None	0072e144	5ac24e0000	1	0072e144
004ec4b2	None	0072deec	b2c44e0000	1	0072deec
004ec7de	None	0072dbc0	dec74e0000	1	0072dbc0
004ecc06	None	0072d798	06cc4e0000	1	0072d798
004eda12	None	0072c98c	12da4e0000	1	0072c98c
004edfa6	None	0072c3f8	a6df4e0000	1	0072c3f8
004ee706	None	0072bc98	06e74e0000	1	0072bc98
004ee786	None	0072bc18	86e74e0000	1	0072bc18
004eed66	None	0072b638	66ed4e0000	1	0072b638
004ef226	None	0072b178	26f24e0000	1	0072b178
004ef412	None	0072af8c	12f44e0000	1	0072af8c
004ef72e	None	0072ac70	2ef74e0000	1	0072ac70
004ef8e6	None	0072aab8	e6f84e0000	1	0072aab8
004efb96	None	0072a808	96fb4e0000	1	0072a808
004f01ee	None	0072a1b0	ee014f0000	1	0072a1b0
004f07f6	None	00729ba8	f6074f0000	1	00729ba8
004f0932	None	00729a6c	32094f0000	1	00729a6c
004f0a5a	None	00729944	5a0a4f0000	1	00729944
004f0ca2	None	007296fc	a20c4f0000	1	007296fc
004f10b2	None	007292ec	b2104f0000	1	007292ec
004f1206	1	00729180	06124f0000	1	00729180
004f12ea	1	0072909c	ea124f0000	1	0072909c
004f15a2	None	00728dfc	a2154f0000	1	00728dfc
004f19e2	None	007289bc	e2194f0000	1	007289bc
004f1e1e	None	00728580	1e1e4f0000	1	00728580
004f2396	None	00728008	96234f0000	1	00728008
004f2522	None	00727e7c	22254f0000	1	00727e7c
004f25e2	None	00727dbc	e2254f0000	1	00727dbc
004f277e	None	00727c20	7e274f0000	1	00727c20
004f2ac6	None	007278d8	c62a4f0000	1	007278d8
004f2cd4	None	007276c0	d42c4f0000	1	007276c0
004f3056	None	00727348	56304f0000	1	00727348
004f3236	None	00727168	36324f0000	1	00727168
004f3352	None	0072704c	52334f0000	1	0072704c
004f35aa	None	00726df4	aa354f0000	1	00726df4
004f382a	None	00726b74	2a384f0000	1	00726b74
004f3b62	None	0072683c	623b4f0000	1	0072683c
004f3c6e	None	00726730	6e3c4f0000	1	00726730
004f3f0a	None	00726494	0a3f4f0000	1	00726494
004f42f6	None	007260a8	f6424f0000	1	007260a8
004f4676	None	00725d28	76464f0000	1	00725d28
004f4822	None	00725b7c	22484f0000	1	00725b7c
004f4a72	None	0072592c	724a4f0000	1	0072592c
004f4efe	None	007254a0	fe4e4f0000	1	007254a0
004f5c66	None	00724738	665c4f0000	1	00724738
004f5eca	None	007244d4	ca5e4f0000	1	007244d4
004f613a	None	00724264	3a614f0000	1	00724264
004f6326	None	00724078	26634f0000	1	00724078
004f6736	None	00723c68	36674f0000	1	00723c68
004f6bb6	None	007237e8	b66b4f0000	1	007237e8
004f6c9a	None	00723704	9a6c4f0000	1	00723704
004f6d2e	None	00723670	2e6d4f0000	1	00723670
004f6f8e	None	00723410	8e6f4f0000	1	00723410
004f72a6	None	007230f8	a6724f0000	1	007230f8
004f795e	None	00722a40	5e794f0000	1	00722a40
004f7b62	None	0072283c	627b4f0000	1	0072283c
004f7e16	None	00722588	167e4f0000	1	00722588
004f7fb6	None	007223e8	b67f4f0000	1	007223e8
004f805e	None	00722340	5e804f0000	1	00722340
004f820e	None	00722190	0e824f0000	1	00722190
004f83b6	None	00721fe8	b6834f0000	1	00721fe8
004f85a2	None	00721dfc	a2854f0000	1	00721dfc
004f8b92	None	0072180c	928b4f0000	1	0072180c
004f8c5e	None	00721740	5e8c4f0000	1	00721740
004f8ef2	None	007214ac	f28e4f0000	1	007214ac
004f953e	None	00720e60	3e954f0000	1	00720e60
004f9d82	None	0072061c	829d4f0000	1	0072061c
004f9f7e	None	00720420	7e9f4f0000	1	00720420
004fa072	None	0072032c	72a04f0000	1	0072032c
004fa3f2	None	0071ffac	f2a34f0000	1	0071ffac
004faa06	None	0071f998	06aa4f0000	1	0071f998
004faeb6	None	0071f4e8	b6ae4f0000	1	0071f4e8
004fb392	None	0071f00c	92b34f0000	1	0071f00c
004fb3f2	None	0071efac	f2b34f0000	1	0071efac
004fb5b2	None	0071edec	b2b54f0000	1	0071edec
004fc1ee	None	0071e1b0	eec14f0000	1	0071e1b0
004fc272	None	0071e12c	72c24f0000	1	0071e12c
004fc4c6	None	0071ded8	c6c44f0000	1	0071ded8
004fc7a6	None	0071dbf8	a6c74f0000	1	0071dbf8
004fcb4a	None	0071d854	4acb4f0000	1	0071d854
004fce12	None	0071d58c	12ce4f0000	1	0071d58c
004fd19a	None	0071d204	9ad14f0000	1	0071d204
004fd362	None	0071d03c	62d34f0000	1	0071d03c
004fd3de	None	0071cfc0	ded34f0000	1	0071cfc0
004fd576	None	0071ce28	76d54f0000	1	0071ce28
004fd65a	None	0071cd44	5ad64f0000	1	0071cd44
004fd7ae	None	0071cbf0	aed74f0000	1	0071cbf0
004fd84e	None	0071cb50	4ed84f0000	1	0071cb50
004fe56e	None	0071be30	6ee54f0000	1	0071be30
004fe7b2	None	0071bbec	b2e74f0000	1	0071bbec
004fea56	None	0071b948	56ea4f0000	1	0071b948
004fed26	None	0071b678	26ed4f0000	1	0071b678
004feee2	None	0071b4bc	e2ee4f0000	1	0071b4bc
004ff342	None	0071b05c	42f34f0000	1	0071b05c
004ff3e2	None	0071afbc	e2f34f0000	1	0071afbc
004ff6aa	None	0071acf4	aaf64f0000	1	0071acf4
004ff9f6	None	0071a9a8	f6f94f0000	1	0071a9a8
004ffd02	None	0071a69c	02fd4f0000	1	0071a69c
004ffdf6	None	0071a5a8	f6fd4f0000	1	0071a5a8
004ffec6	None	0071a4d8	c6fe4f0000	1	0071a4d8
00500001	20	00434c90	0100500000	1	00434c90
00500126	None	0071a278	2601500000	1	0071a278
00500506	None	00719e98	0605500000	1	00719e98
00500672	None	00719d2c	7206500000	1	00719d2c
005009ee	None	007199b0	ee09500000	1	007199b0
00500cca	None	007196d4	ca0c500000	1	007196d4
00500e42	None	0071955c	420e500000	1	0071955c
0050104e	None	00719350	4e10500000	1	00719350
0050136a	None	00719034	6a13500000	1	00719034
0050172e	None	00718c70	2e17500000	1	00718c70
005018ca	None	00718ad4	ca18500000	1	00718ad4
00501d32	None	0071866c	321d500000	1	0071866c
00501e7a	None	00718524	7a1e500000	1	00718524
00502032	None	0071836c	3220500000	1	0071836c
00502992	None	00717a0c	9229500000	1	00717a0c
00502a1e	None	00717980	1e2a500000	1	00717980
00502dea	None	007175b4	ea2d500000	1	007175b4
0050325a	None	00717144	5a32500000	1	00717144
005034ea	None	00716eb4	ea34500000	1	00716eb4
00504102	None	0071629c	0241500000	1	0071629c
00504186	None	00716218	8641500000	1	00716218
0050479a	None	00715c04	9a47500000	1	00715c04
0050481e	None	00715b80	1e48500000	1	00715b80
00504cd2	None	007156cc	d24c500000	1	007156cc
00504d6a	None	00715634	6a4d500000	1	00715634
00505b12	None	0071488c	125b500000	1	0071488c
00505ea2	None	007144fc	a25e500000	1	007144fc
00506012	None	0071438c	1260500000	1	0071438c
0050658a	None	00713e14	8a65500000	1	00713e14
005065ea	None	00713db4	ea65500000	1	00713db4
005069ee	None	007139b0	ee69500000	1	007139b0
00506e3a	None	00713564	3a6e500000	1	00713564
005075ea	None	00712db4	ea75500000	1	00712db4
00507d7a	None	00712624	7a7d500000	1	00712624
005084a2	None	00711efc	a284500000	1	00711efc
0050864a	None	00711d54	4a86500000	1	00711d54
00508aa2	None	007118fc	a28a500000	1	007118fc
005099fe	None	007109a0	fe99500000	1	007109a0
00509c6e	None	00710730	6e9c500000	1	00710730
0050a046	None	00710358	46a0500000	1	00710358
0050a1a2	None	007101fc	a2a1500000	1	007101fc
0050a4b6	None	0070fee8	b6a4500000	1	0070fee8
0050ad16	None	0070f688	16ad500000	1	0070f688
0050b096	None	0070f308	96b0500000	1	0070f308
0050b516	None	0070ee88	16b5500000	1	0070ee88
0050b576	None	0070ee28	76b5500000	1	0070ee28
0050c60e	None	0070dd90	0ec6500000	1	0070dd90
0050c786	None	0070dc18	86c7500000	1	0070dc18
0050d076	None	0070d328	76d0500000	1	0070d328
0050d86e	None	0070cb30	6ed8500000	1	0070cb30
0050ddde	None	0070c5c0	dedd500000	1	0070c5c0
0050df4a	None	0070c454	4adf500000	1	0070c454
0050e1c2	None	0070c1dc	c2e1500000	1	0070c1dc
0050e68e	None	0070bd10	8ee6500000	1	0070bd10
0050f492	None	0070af0c	92f4500000	1	0070af0c
0050f5ae	None	0070adf0	aef5500000	1	0070adf0
0050f756	None	0070ac48	56f7500000	1	0070ac48
0050fb22	None	0070a87c	22fb500000	1	0070a87c
00510001	20	0024bea4	0100510000	3	0024bea4	INCONSISTENT
00510622	None	00709d7c	2206510000	1	00709d7c
00510ac6	None	007098d8	c60a510000	1	007098d8
00513356	None	00707048	5633510000	1	00707048
005135e6	None	00706db8	e635510000	1	00706db8
00513752	None	00706c4c	5237510000	1	00706c4c
00513ad2	None	007068cc	d23a510000	1	007068cc
00514896	None	00705b08	9648510000	1	00705b08
0051555a	None	00704e44	5a55510000	1	00704e44
005157d2	None	00704bcc	d257510000	1	00704bcc
0051595e	None	00704a40	5e59510000	1	00704a40
00515f9e	None	00704400	9e5f510000	1	00704400
005161ce	None	007041d0	ce61510000	1	007041d0
0051669a	None	00703d04	9a66510000	1	00703d04
00516a52	None	0070394c	526a510000	1	0070394c
00516ab2	None	007038ec	b26a510000	1	007038ec
00516ce2	None	007036bc	e26c510000	1	007036bc
00516dfa	None	007035a4	fa6d510000	1	007035a4
00517f0e	None	00702490	0e7f510000	1	00702490
00518086	None	00702318	8680510000	1	00702318
00518462	None	00701f3c	6284510000	1	00701f3c
00518a3e	None	00701960	3e8a510000	1	00701960
00518ac2	None	007018dc	c28a510000	1	007018dc
00518e5e	None	00701540	5e8e510000	1	00701540
0051903a	None	00701364	3a90510000	1	00701364
00519342	None	0070105c	4293510000	1	0070105c
005193f6	None	00700fa8	f693510000	1	00700fa8
005194ea	None	00700eb4	ea94510000	1	00700eb4
005196d6	None	00700cc8	d696510000	1	00700cc8
00519a0a	None	00700994	0a9a510000	1	00700994
00519c7a	None	00700724	7a9c510000	1	00700724
0051aad2	None	006ff8cc	d2aa510000	1	006ff8cc
0051ae7a	None	006ff524	7aae510000	1	006ff524
0051b3b6	None	006fefe8	b6b3510000	1	006fefe8
0051b982	None	006fea1c	82b9510000	1	006fea1c
0051c5ca	None	006fddd4	cac5510000	1	006fddd4
0051c7de	None	006fdbc0	dec7510000	1	006fdbc0
0051c95e	None	006fda40	5ec9510000	1	006fda40
0051cbea	None	006fd7b4	eacb510000	1	006fd7b4
0051cd5e	None	006fd640	5ecd510000	1	006fd640
0051cde2	None	006fd5bc	e2cd510000	1	006fd5bc
0051d052	None	006fd34c	52d0510000	1	006fd34c
0051e05e	None	006fc340	5ee0510000	1	006fc340
0051e312	None	006fc08c	12e3510000	1	006fc08c
0051e9ce	None	006fb9d0	cee9510000	1	006fb9d0
0051eec6	None	006fb4d8	c6ee510000	1	006fb4d8
0051fd36	None	006fa668	36fd510000	1	006fa668
0052090e	None	006f9a90	0e09520000	1	006f9a90
00520992	None	006f9a0c	9209520000	1	006f9a0c
00520c2e	None	006f9770	2e0c520000	1	006f9770
00520f12	None	006f948c	120f520000	1	006f948c
00520fac	None	00885070	ac0f520000	1	00885070
00521442	None	006f8f5c	4214520000	1	006f8f5c
00521a2a	None	006f8974	2a1a520000	1	006f8974
00521c1a	None	006f8784	1a1c520000	1	006f8784
00521fce	None	006f83d0	ce1f520000	1	006f83d0
005228fe	None	006f7aa0	fe28520000	1	006f7aa0
00522d72	None	006f762c	722d520000	1	006f762c
005239ba	None	006f69e4	ba39520000	1	006f69e4
00523bbe	None	006f67e0	be3b520000	1	006f67e0
00523f6e	None	006f6430	6e3f520000	1	006f6430
0052405a	None	006f6344	5a40520000	1	006f6344
00524276	None	006f6128	7642520000	1	006f6128
00524522	None	006f5e7c	2245520000	1	006f5e7c
005246ea	None	006f5cb4	ea46520000	1	006f5cb4
00524a3a	None	006f5964	3a4a520000	1	006f5964
00524a9a	None	006f5904	9a4a520000	1	006f5904
00524c26	None	006f5778	264c520000	1	006f5778
00525062	None	006f533c	6250520000	1	006f533c
0052520a	None	006f5194	0a52520000	1	006f5194
005254da	None	006f4ec4	da54520000	1	006f4ec4
005259d2	None	006f49cc	d259520000	1	006f49cc
00525a32	None	006f496c	325a520000	1	006f496c
00525aae	None	006f48f0	ae5a520000	1	006f48f0
00525bfa	None	006f47a4	fa5b520000	1	006f47a4
00526256	None	006f4148	5662520000	1	006f4148
005266d2	None	006f3ccc	d266520000	1	006f3ccc
00526c12	None	006f378c	126c520000	1	006f378c
00526cc6	None	006f36d8	c66c520000	1	006f36d8
00526f0e	None	006f3490	0e6f520000	1	006f3490
00527292	None	006f310c	9272520000	1	006f310c
0052773e	None	006f2c60	3e77520000	1	006f2c60
00527bd2	None	006f27cc	d27b520000	1	006f27cc
00527e2a	None	006f2574	2a7e520000	1	006f2574
005284ca	None	006f1ed4	ca84520000	1	006f1ed4
00528a3e	None	006f1960	3e8a520000	1	006f1960
00528dfe	None	006f15a0	fe8d520000	1	006f15a0
00529366	None	006f1038	6693520000	1	006f1038
00529622	None	006f0d7c	2296520000	1	006f0d7c
0052a26a	None	006f0134	6aa2520000	1	006f0134
0052a6ea	None	006efcb4	eaa6520000	1	006efcb4
0052a856	None	006efb48	56a8520000	1	006efb48
0052acc2	None	006ef6dc	c2ac520000	1	006ef6dc
0052af56	None	006ef448	56af520000	1	006ef448
0052b232	None	006ef16c	32b2520000	1	006ef16c
0052b39a	None	006ef004	9ab3520000	1	006ef004
0052b4e2	None	006eeebc	e2b4520000	1	006eeebc
0052b842	None	006eeb5c	42b8520000	1	006eeb5c
0052c13a	None	006ee264	3ac1520000	1	006ee264
0052d05a	None	006ed344	5ad0520000	1	006ed344
0052d57e	None	006ece20	7ed5520000	1	006ece20
0052e026	None	006ec378	26e0520000	1	006ec378
0052e75e	None	006ebc40	5ee7520000	1	006ebc40
0052ec66	None	006eb738	66ec520000	1	006eb738
0052eeb2	None	006eb4ec	b2ee520000	1	006eb4ec
0052f162	None	006eb23c	62f1520000	1	006eb23c
0052f25e	None	006eb140	5ef2520000	1	006eb140
0052f2f6	None	006eb0a8	f6f2520000	1	006eb0a8
0052f64a	None	006ead54	4af6520000	1	006ead54
0052f9fe	None	006ea9a0	fef9520000	1	006ea9a0
0052fba6	None	006ea7f8	a6fb520000	1	006ea7f8
0052fe5a	None	006ea544	5afe520000	1	006ea544
005300ee	None	006ea2b0	ee00530000	1	006ea2b0
005302d6	None	006ea0c8	d602530000	1	006ea0c8
00530456	None	006e9f48	5604530000	1	006e9f48
0053088e	None	006e9b10	8e08530000	1	006e9b10
00530b3e	None	006e9860	3e0b530000	1	006e9860
00530c82	None	006e971c	820c530000	1	006e971c
0053116e	None	006e9230	6e11530000	1	006e9230
0053123a	None	006e9164	3a12530000	1	006e9164
0053146e	None	006e8f30	6e14530000	1	006e8f30
00531972	None	006e8a2c	7219530000	1	006e8a2c
00531af2	None	006e88ac	f21a530000	1	006e88ac
00531c4e	None	006e8750	4e1c530000	1	006e8750
00532016	None	006e8388	1620530000	1	006e8388
00532436	None	006e7f68	3624530000	1	006e7f68
0053265e	None	006e7d40	5e26530000	1	006e7d40
0053296a	None	006e7a34	6a29530000	1	006e7a34
0053325e	None	006e7140	5e32530000	1	006e7140
0053358e	None	006e6e10	8e35530000	1	006e6e10
005336d2	None	006e6ccc	d236530000	1	006e6ccc
005337c2	None	006e6bdc	c237530000	1	006e6bdc
00533a32	None	006e696c	323a530000	1	006e696c
00533d02	None	006e669c	023d530000	1	006e669c
0053413e	None	006e6260	3e41530000	1	006e6260
0053444a	None	006e5f54	4a44530000	1	006e5f54
00534702	None	006e5c9c	0247530000	1	006e5c9c
00534b8e	None	006e5810	8e4b530000	1	006e5810
00539812	None	006e0b8c	1298530000	1	006e0b8c
00539c6a	None	006e0734	6a9c530000	1	006e0734
0053a11a	None	006e0284	1aa1530000	1	006e0284
0053a336	None	006e0068	36a3530000	1	006e0068
0053a81a	None	006dfb84	1aa8530000	1	006dfb84
0053ac36	None	006df768	36ac530000	1	006df768
0053bb26	None	006de878	26bb530000	1	006de878
0053bd5c	9	006de638	5cbd530000	2	006de638	INCONSISTENT
0053bf1e	None	006de480	1ebf530000	1	006de480
0054707c	None	006d331c	7c70540000	1	006d331c
00548a2a	None	006d1974	2a8a540000	1	006d1974
0054d4ac	None	006cceec	acd4540000	1	006cceec
0054d74a	None	006ccc54	4ad7540000	1	006ccc54
00550c12	None	006c9550	120c550000	1	006c9550
00550d1e	None	006c9550	1e0d550000	1	006c9550
00551bc8	None	006c87d4	c81b550000	1	006c87d4
005523d6	None	006c7fc8	d623550000	1	006c7fc8
0055255a	None	006c7e44	5a25550000	1	006c7e44
00552be6	None	006c77b8	e62b550000	1	006c77b8
00553132	None	006c726c	3231550000	1	006c726c
00554864	None	006c5ae4	6448550000	1	006c5ae4
00554986	None	006c59f8	8649550000	1	006c59f8
00555f92	None	006c4408	925f550000	1	006c4408
0056c1b8	None	006ae1e4	b8c1560000	1	006ae1e4
0056c546	None	006ade58	46c5560000	1	006ade58
0056c96a	None	006ada34	6ac9560000	1	006ada34
0056c9f2	None	006ad9ac	f2c9560000	1	006ad9ac
0057241a	None	006a7f84	1a24570000	1	006a7f84
00577996	None	006a2a08	9679570000	1	006a2a08
00578946	None	006a1a58	4689570000	1	006a1a58
0058634c	None	00694042	4c63580000	1	00694042
00586ac4	1	00693818	c46a580000	1	00693818
00586b7c	None	00693818	7c6b580000	2	00693818
0058706c	1	006932c4	6c70580000	2	006932c4	INCONSISTENT
0058a1de	None	006901bc	dea1580000	1	006901bc
0058a91e	20	0068f69c	1ea9580000	1	0068f69c
0058aaf4	None	0068f69c	f4aa580000	1	0068f69c
0058ac64	20	0068f69c	64ac580000	1	0068f69c
0058ace4	20	0068f69c	e4ac580000	1	0068f69c
0058ad7a	None	0048e7f0	7aad580000	1	0048e7f0
0058ae32	None	0048e738	32ae580000	1	0048e738
0058bde8	1	0068e59c	e8bd580000	1	0068e59c
0059372a	1	00686c10	2a37590000	1	00686c10
005940de	None	006862c0	de40590000	1	006862c0
0059540a	None	00684f94	0a54590000	1	00684f94
00598903	1	0047fb18	0389590000	1	0047fb18
0059899c	1	0047fb18	9c89590000	1	0047fb18
0059c06a	None	0067e334	6ac0590000	1	0067e334
0059c206	None	0067e198	06c2590000	1	0067e198
0059ccba	None	0067d6e4	bacc590000	1	0067d6e4
0059cf6a	None	0067d434	6acf590000	1	0067d434
0059d23a	None	0067d164	3ad2590000	1	0067d164
0059d6e6	None	0067ccb8	e6d6590000	1	0067ccb8
0059dbb2	None	0067c7ec	b2db590000	1	0067c7ec
0059df16	None	0067c488	16df590000	1	0067c488
0059e1ca	None	0067c1d4	cae1590000	1	0067c1d4
0059e412	None	0067bf8c	12e4590000	1	0067bf8c
0059e6f2	None	0067bcac	f2e6590000	1	0067bcac
0059ea0e	None	0067b990	0eea590000	1	0067b990
0059edae	None	0067b5f0	aeed590000	1	0067b5f0
0059edd6	None	0067b5c8	d6ed590000	1	0067b5c8
0059f2d2	None	0067b0cc	d2f2590000	1	0067b0cc
0059f626	None	0067ad78	26f6590000	1	0067ad78
0059f93a	None	0067aa64	3af9590000	1	0067aa64
0059fdee	None	0067a5b0	eefd590000	1	0067a5b0
005a03c6	None	00679fd8	c6035a0000	1	00679fd8
005a03ee	None	00679fb0	ee035a0000	1	00679fb0
005a0a52	None	0067994c	520a5a0000	1	0067994c
005a102a	None	00679374	2a105a0000	1	00679374
005a13ee	None	00678fb0	ee135a0000	1	00678fb0
005a17d2	None	00678bcc	d2175a0000	1	00678bcc
005a1b9e	None	00678800	9e1b5a0000	1	00678800
005a1bc6	None	006787d8	c61b5a0000	1	006787d8
005a2086	None	00678318	86205a0000	1	00678318
005a20ae	None	006782f0	ae205a0000	1	006782f0
005a2552	None	00677e4c	52255a0000	1	00677e4c
005a285a	None	00677b44	5a285a0000	1	00677b44
005a2b62	None	0067783c	622b5a0000	1	0067783c
005a2ec2	None	006774dc	c22e5a0000	1	006774dc
005a333a	None	00677064	3a335a0000	1	00677064
005a3362	None	0067703c	62335a0000	1	0067703c
005a338e	None	00677010	8e335a0000	1	00677010
005a3802	None	00676b9c	02385a0000	1	00676b9c
005a382a	None	00676b74	2a385a0000	1	00676b74
005a3a9a	None	00676904	9a3a5a0000	1	00676904
005a3d5a	None	00676644	5a3d5a0000	1	00676644
005a4042	None	0067635c	42405a0000	1	0067635c
005a45fe	None	00675da0	fe455a0000	1	00675da0
005a4626	None	00675d78	26465a0000	1	00675d78
005a4dbe	None	006755e0	be4d5a0000	1	006755e0
005a4de6	None	006755b8	e64d5a0000	1	006755b8
005a51fa	None	006751a4	fa515a0000	1	006751a4
005a5222	None	0067517c	22525a0000	1	0067517c
005a524a	None	00675154	4a525a0000	1	00675154
005a577e	None	00674c20	7e575a0000	1	00674c20
005a5ab2	None	006748ec	b25a5a0000	1	006748ec
005a5d1a	None	00674684	1a5d5a0000	1	00674684
005a5f9e	None	00674400	9e5f5a0000	1	00674400
005a61e2	None	006741bc	e2615a0000	1	006741bc
005a6446	None	00673f58	46645a0000	1	00673f58
005a6692	None	00673d0c	92665a0000	1	00673d0c
005a6956	None	00673a48	56695a0000	1	00673a48
005a697e	None	00673a20	7e695a0000	1	00673a20
005a69aa	None	006739f4	aa695a0000	1	006739f4
005a73c6	None	00672fd8	c6735a0000	1	00672fd8
005a73ee	None	00672fb0	ee735a0000	1	00672fb0
005a7eb2	None	006724ec	b27e5a0000	1	006724ec
005a82d2	None	006720cc	d2825a0000	1	006720cc
005a82fa	None	006720a4	fa825a0000	1	006720a4
005a8322	None	0067207c	22835a0000	1	0067207c
005a834a	None	00672054	4a835a0000	1	00672054
005a887e	None	00671b20	7e885a0000	1	00671b20
005a8b76	None	00671828	768b5a0000	1	00671828
005a8e4e	None	00671550	4e8e5a0000	1	00671550
005a9166	None	00671238	66915a0000	1	00671238
005a95c2	None	00670ddc	c2955a0000	1	00670ddc
005a971a	None	00670c84	1a975a0000	1	00670c84
005aa43e	None	0066ff60	3ea45a0000	1	0066ff60
005ac0c6	None	0066e2d8	c6c05a0000	1	0066e2d8
005ac0ee	None	0066e2b0	eec05a0000	1	0066e2b0
005aca82	1	00468fae	82ca5a0000	1	00468fae
005acaec	None	00468fae	ecca5a0000	1	00468fae
005acb21	1	00468fae	21cb5a0000	1	00468fae
005acb3e	None	0066d860	3ecb5a0000	1	0066d860
005acf06	None	0066d498	06cf5a0000	1	0066d498
005acf2e	None	0066d470	2ecf5a0000	1	0066d470
005ad05f	1	00468a74	5fd05a0000	1	00468a74
005ad3d6	None	0066cfc8	d6d35a0000	1	0066cfc8
005ad952	None	0066ca4c	52d95a0000	1	0066ca4c
005adb92	None	0066c80c	92db5a0000	1	0066c80c
005ade9a	None	0066c504	9ade5a0000	1	0066c504
005ae106	None	0066c298	06e15a0000	1	0066c298
005ae38e	None	0066c010	8ee35a0000	1	0066c010
005ae3b6	None	0066bfe8	b6e35a0000	1	0066bfe8
005ae5a1	None	00467400	a1e55a0000	1	00467400
005ae60d	None	00467400	0de65a0000	1	00467400
005ae626	None	0066bd78	26e65a0000	1	0066bd78
005ae812	None	0066bb8c	12e85a0000	1	0066bb8c
005aea12	None	0066b98c	12ea5a0000	1	0066b98c
005aec1a	None	0066b784	1aec5a0000	1	0066b784
005aee3a	None	0066b564	3aee5a0000	1	0066b564
005aef47	None	00466818	47ef5a0000	1	00466818
005af143	None	0046661c	43f15a0000	1	0046661c
005af3a6	None	0066aff8	a6f35a0000	1	0066aff8
005b01ae	None	0066a1f0	ae015b0000	1	0066a1f0
005b0e7e	None	00669520	7e0e5b0000	1	00669520
005b1a3e	None	00328840	3e1a5b0000	1	00328840
005b1ad2	None	003287ac	d21a5b0000	1	003287ac
005b1b66	None	00328718	661b5b0000	1	00328718
005b1bfa	None	00328684	fa1b5b0000	1	00328684
005b1c8c	None	003285f8	8c1c5b0000	1	003285f8
005b1d02	None	00328584	021d5b0000	1	00328584
005b1d76	None	00328510	761d5b0000	1	00328510
005b1dea	None	0032849c	ea1d5b0000	1	0032849c
005b63ea	None	00323e9c	ea635b0000	1	00323e9c
005b82ba	None	00321fc4	ba825b0000	1	00321fc4
005b834e	None	00321f30	4e835b0000	1	00321f30
005b83f2	None	00321e70	f2835b0000	1	00321e70
005b84ca	None	00321d74	ca845b0000	1	00321d74
005b859e	None	00321cd0	9e855b0000	1	00321cd0
005b8680	None	0045cdd2	80865b0000	1	0045cdd2
005b8690	None	0045cdd2	90865b0000	1	0045cdd2
005b8694	None	0045cdd2	94865b0000	1	0045cdd2
005b869b	None	0045cdd2	9b865b0000	1	0045cdd2
005b869d	None	0045cdd2	9d865b0000	1	0045cdd2
005b86a3	None	0045cdd2	a3865b0000	1	0045cdd2
005b86a4	None	0045cdd2	a4865b0000	1	0045cdd2
005bee7e	None	0065b520	7eee5b0000	1	0065b520
005beea6	None	0065b4f8	a6ee5b0000	1	0065b4f8
005c5cd4	None	0033314e	d45c5c0000	1	0033314e
005c6412	1	0044eda8	12645c0000	1	0044eda8
005c641c	1	0044eda8	1c645c0000	1	0044eda8
005c6422	1	0044eda8	22645c0000	1	0044eda8
005c6430	1	0044eda8	30645c0000	1	0044eda8
005c6433	1	0044eda8	33645c0000	1	0044eda8
005c79f6	1	003313bc	f6795c0000	1	003313bc
005c7e90	1	0033124c	907e5c0000	1	0033124c
005ca2d1	1	0044aea4	d1a25c0000	1	0044aea4
005ca54b	None	0032ecc2	4ba55c0000	1	0032ecc2
005cce40	1	00447edc	40ce5c0000	1	00447edc
005cce79	1	00447edc	79ce5c0000	1	00447edc
005d1710	None	00327714	10175d0000	1	00327714
005d224e	None	00648150	4e225d0000	1	00648150
005d27cc	None	0043668a	cc275d0000	1	0043668a
005d27ce	None	0043668a	ce275d0000	1	0043668a
005d27cf	None	0043668a	cf275d0000	1	0043668a
005d27d0	None	0043668a	d0275d0000	1	0043668a
005d27d2	None	0043668a	d2275d0000	1	0043668a
005d27ec	None	0043668a	ec275d0000	1	0043668a
005d27ef	None	0043668a	ef275d0000	1	0043668a
005d280c	None	0043668a	0c285d0000	1	0043668a
005d280f	None	0043668a	0f285d0000	1	0043668a
005d2d01	None	003260ac	012d5d0000	1	003260ac
005d6000	1	00432cd4	00605d0000	1	00432cd4
005d8872	None	00641b2c	72885d0000	1	00641b2c
005d8e7a	None	00641524	7a8e5d0000	1	00641524
005d90bb	1	0042f85c	bb905d0000	1	0042f85c
005d9ac2	None	006408dc	c29a5d0000	1	006408dc
005d9afe	None	006408a0	fe9a5d0000	1	006408a0
005d9b26	None	00640878	269b5d0000	1	00640878
005d9b4e	None	00640850	4e9b5d0000	1	00640850
005da352	None	0063fe98	52a35d0000	1	0063fe98
005de1b2	4	005bafcc	b2e15d0000	1	005bafcc
005de270	2	005bafcc	70e25d0000	1	005bafcc
005e0002	None	0063a39c	02005e0000	1	0063a39c
005e0026	None	0063a378	26005e0000	1	0063a378
005e004a	None	0063a354	4a005e0000	1	0063a354
005e006e	None	0063a330	6e005e0000	1	0063a330
005e0092	None	0063a30c	92005e0000	1	0063a30c
005e00b6	None	0063a2e8	b6005e0000	1	0063a2e8
005e00da	None	0063a2c4	da005e0000	1	0063a2c4
005e00fe	None	0063a2a0	fe005e0000	1	0063a2a0
005e0122	None	0063a27c	22015e0000	1	0063a27c
005e0146	None	0063a258	46015e0000	1	0063a258
005e016a	None	0063a234	6a015e0000	1	0063a234
005e018e	None	0063a210	8e015e0000	1	0063a210
005e01b2	None	0063a1ec	b2015e0000	1	0063a1ec
005e01d6	None	0063a1c8	d6015e0000	1	0063a1c8
005e01fa	None	0063a1a4	fa015e0000	1	0063a1a4
005e021e	None	0063a180	1e025e0000	1	0063a180
005e0242	None	0063a15c	42025e0000	1	0063a15c
005e0266	None	0063a138	66025e0000	1	0063a138
005e028a	None	0063a114	8a025e0000	1	0063a114
005e02ae	None	0063a0f0	ae025e0000	1	0063a0f0
005e02d2	None	0063a0cc	d2025e0000	1	0063a0cc
005e02f6	None	0063a0a8	f6025e0000	1	0063a0a8
005e031a	None	0063a084	1a035e0000	1	0063a084
005e033e	None	0063a060	3e035e0000	1	0063a060
005e0362	None	0063a03c	62035e0000	1	0063a03c
005e0386	None	0063a018	86035e0000	1	0063a018
005e03aa	None	00639ff4	aa035e0000	1	00639ff4
005e03ce	None	00639fd0	ce035e0000	1	00639fd0
005e03f2	None	00639fac	f2035e0000	1	00639fac
005e0416	None	00639f88	16045e0000	1	00639f88
005e043a	None	00639f64	3a045e0000	1	00639f64
005e045e	None	00639f40	5e045e0000	1	00639f40
005e0482	None	00639f1c	82045e0000	1	00639f1c
005e04a6	None	00639ef8	a6045e0000	1	00639ef8
005e04ca	None	00639ed4	ca045e0000	1	00639ed4
005e04ee	None	00639eb0	ee045e0000	1	00639eb0
005e0512	None	00639e8c	12055e0000	1	00639e8c
005e0536	None	00639e68	36055e0000	1	00639e68
005e055a	None	00639e44	5a055e0000	1	00639e44
005e057e	None	00639e20	7e055e0000	1	00639e20
005e05a2	None	00639dfc	a2055e0000	1	00639dfc
005e05c6	None	00639dd8	c6055e0000	1	00639dd8
005e05ea	None	00639db4	ea055e0000	1	00639db4
005e060e	None	00639d90	0e065e0000	1	00639d90
005e0632	None	00639d6c	32065e0000	1	00639d6c
005e0656	None	00639d48	56065e0000	1	00639d48
005e067a	None	00639d24	7a065e0000	1	00639d24
005e069e	None	00639d00	9e065e0000	1	00639d00
005e06c2	None	00639cdc	c2065e0000	1	00639cdc
005e06e6	None	00639cb8	e6065e0000	1	00639cb8
005e070a	None	00639c94	0a075e0000	1	00639c94
005e072e	None	00639c70	2e075e0000	1	00639c70
005e0752	None	00639c4c	52075e0000	1	00639c4c
005e0776	None	00639c28	76075e0000	1	00639c28
005e079a	None	00639c04	9a075e0000	1	00639c04
005e07be	None	00639be0	be075e0000	1	00639be0
005e07e2	None	00639bbc	e2075e0000	1	00639bbc
005e0806	None	00639b98	06085e0000	1	00639b98
005e082a	None	00639b74	2a085e0000	1	00639b74
005e084e	None	00639b50	4e085e0000	1	00639b50
005e0872	None	00639b2c	72085e0000	1	00639b2c
005e0896	None	00639b08	96085e0000	1	00639b08
005e08ba	None	00639ae4	ba085e0000	1	00639ae4
005e08de	None	00639ac0	de085e0000	1	00639ac0
005e0902	None	00639a9c	02095e0000	1	00639a9c
005e0926	None	00639a78	26095e0000	1	00639a78
005e094a	None	00639a54	4a095e0000	1	00639a54
005e096e	None	00639a30	6e095e0000	1	00639a30
005e0992	None	00639a0c	92095e0000	1	00639a0c
005e09b6	None	006399e8	b6095e0000	1	006399e8
005e09da	None	006399c4	da095e0000	1	006399c4
005e09fe	None	006399a0	fe095e0000	1	006399a0
005e0a22	None	0063997c	220a5e0000	1	0063997c
005e0a46	None	00639958	460a5e0000	1	00639958
005e0a6a	None	00639934	6a0a5e0000	1	00639934
005e0a8e	None	00639910	8e0a5e0000	1	00639910
005e0ab2	None	006398ec	b20a5e0000	1	006398ec
005e0ad6	None	006398c8	d60a5e0000	1	006398c8
005e0afa	None	006398a4	fa0a5e0000	1	006398a4
005e0b1e	None	00639880	1e0b5e0000	1	00639880
005e0b42	None	0063985c	420b5e0000	1	0063985c
005e0b66	None	00639838	660b5e0000	1	00639838
005e0b8a	None	00639814	8a0b5e0000	1	00639814
005e0bae	None	006397f0	ae0b5e0000	1	006397f0
005e0bd2	None	006397cc	d20b5e0000	1	006397cc
005e0bf6	None	006397a8	f60b5e0000	1	006397a8
005e0c1a	None	00639784	1a0c5e0000	1	00639784
005e0c3e	None	00639760	3e0c5e0000	1	00639760
005e0c62	None	0063973c	620c5e0000	1	0063973c
005e0c86	None	00639718	860c5e0000	1	00639718
005e0caa	None	006396f4	aa0c5e0000	1	006396f4
005e0cce	None	006396d0	ce0c5e0000	1	006396d0
005e0cf2	None	006396ac	f20c5e0000	1	006396ac
005e0d16	None	00639688	160d5e0000	1	00639688
005e0d3a	None	00639664	3a0d5e0000	1	00639664
005e0d5e	None	00639640	5e0d5e0000	1	00639640
005e0d82	None	0063961c	820d5e0000	1	0063961c
005e0da6	None	006395f8	a60d5e0000	1	006395f8
005e0dca	None	006395d4	ca0d5e0000	1	006395d4
005e0dee	None	006395b0	ee0d5e0000	1	006395b0
005e0e12	None	0063958c	120e5e0000	1	0063958c
005e0e36	None	00639568	360e5e0000	1	00639568
005e0e5a	None	00639544	5a0e5e0000	1	00639544
005e0e7e	None	00639520	7e0e5e0000	1	00639520
005e0ea2	None	006394fc	a20e5e0000	1	006394fc
005e0ec6	None	006394d8	c60e5e0000	1	006394d8
005e0eea	None	006394b4	ea0e5e0000	1	006394b4
005e0f0e	None	00639490	0e0f5e0000	1	00639490
005e0f32	None	0063946c	320f5e0000	1	0063946c
005e0f56	None	00639448	560f5e0000	1	00639448
005e0f7a	None	00639424	7a0f5e0000	1	00639424
005e0f9e	None	00639400	9e0f5e0000	1	00639400
005e0fc2	None	006393dc	c20f5e0000	1	006393dc
005e0fe6	None	006393b8	e60f5e0000	1	006393b8
005e100a	None	00639394	0a105e0000	1	00639394
005e102e	None	00639370	2e105e0000	1	00639370
005e1052	None	0063934c	52105e0000	1	0063934c
005e1076	None	00639328	76105e0000	1	00639328
005e109a	None	00639304	9a105e0000	1	00639304
005e10be	None	006392e0	be105e0000	1	006392e0
005e10e2	None	006392bc	e2105e0000	1	006392bc
005e1106	None	00639298	06115e0000	1	00639298
005e112a	None	00639274	2a115e0000	1	00639274
005e114e	None	00639250	4e115e0000	1	00639250
005e1172	None	0063922c	72115e0000	1	0063922c
005e1196	None	00639208	96115e0000	1	00639208
005e11ba	None	006391e4	ba115e0000	1	006391e4
005e11de	None	006391c0	de115e0000	1	006391c0
005e1422	None	00638f7c	22145e0000	1	00638f7c
005e1446	None	00638f58	46145e0000	1	00638f58
005e146a	None	00638f34	6a145e0000	1	00638f34
005e148e	None	00638f10	8e145e0000	1	00638f10
005e14b2	None	00638eec	b2145e0000	1	00638eec
005e14d6	None	00638ec8	d6145e0000	1	00638ec8
005e14fa	None	00638ea4	fa145e0000	1	00638ea4
005e151e	None	00638e80	1e155e0000	1	00638e80
005e1542	None	00638e5c	42155e0000	1	00638e5c
005e1566	None	00638e38	66155e0000	1	00638e38
005e158a	None	00638e14	8a155e0000	1	00638e14
005e15ae	None	00638df0	ae155e0000	1	00638df0
005e15d2	None	00638dcc	d2155e0000	1	00638dcc
005e15f6	None	00638da8	f6155e0000	1	00638da8
005e161a	None	00638d84	1a165e0000	1	00638d84
005e163e	None	00638d60	3e165e0000	1	00638d60
005e1662	None	00638d3c	62165e0000	1	00638d3c
005e17f6	None	00638ba8	f6175e0000	1	00638ba8
005e181a	None	00638b84	1a185e0000	1	00638b84
005e183e	None	00638b60	3e185e0000	1	00638b60
005e1862	None	00638b3c	62185e0000	1	00638b3c
005e1886	None	00638b18	86185e0000	1	00638b18
005e18aa	None	00638af4	aa185e0000	1	00638af4
005e18ce	None	00638ad0	ce185e0000	1	00638ad0
005e18f2	None	00638aac	f2185e0000	1	00638aac
005e1916	None	00638a88	16195e0000	1	00638a88
005e193a	None	00638a64	3a195e0000	1	00638a64
005e195e	None	00638a40	5e195e0000	1	00638a40
005e20a2	None	006382fc	a2205e0000	1	006382fc
005e20c6	None	006382d8	c6205e0000	1	006382d8
005e20ea	None	006382b4	ea205e0000	1	006382b4
005e210e	None	00638290	0e215e0000	1	00638290
005e2132	None	0063826c	32215e0000	1	0063826c
005e2156	None	00638248	56215e0000	1	00638248
005e217a	None	00638224	7a215e0000	1	00638224
005e219e	None	00638200	9e215e0000	1	00638200
005e21c2	None	006381dc	c2215e0000	1	006381dc
005e21e6	None	006381b8	e6215e0000	1	006381b8
005e220a	None	00638194	0a225e0000	1	00638194
005e222e	None	00638170	2e225e0000	1	00638170
005e2252	None	0063814c	52225e0000	1	0063814c
005e2276	None	00638128	76225e0000	1	00638128
005e229a	None	00638104	9a225e0000	1	00638104
005e22be	None	006380e0	be225e0000	1	006380e0
005e22e2	None	006380bc	e2225e0000	1	006380bc
005e2306	None	00638098	06235e0000	1	00638098
005e232a	None	00638074	2a235e0000	1	00638074
005e234e	None	00638050	4e235e0000	1	00638050
005e2372	None	0063802c	72235e0000	1	0063802c
005e2396	None	00638008	96235e0000	1	00638008
005e23ba	None	00637fe4	ba235e0000	1	00637fe4
005e23de	None	00637fc0	de235e0000	1	00637fc0
005e2402	None	00637f9c	02245e0000	1	00637f9c
005e2426	None	00637f78	26245e0000	1	00637f78
005e244a	None	00637f54	4a245e0000	1	00637f54
005e246e	None	00637f30	6e245e0000	1	00637f30
005e2492	None	00637f0c	92245e0000	1	00637f0c
005e24b6	None	00637ee8	b6245e0000	1	00637ee8
005e24da	None	00637ec4	da245e0000	1	00637ec4
005e24fe	None	00637ea0	fe245e0000	1	00637ea0
005e2522	None	00637e7c	22255e0000	1	00637e7c
005e2546	None	00637e58	46255e0000	1	00637e58
005e256a	None	00637e34	6a255e0000	1	00637e34
005e258e	None	00637e10	8e255e0000	1	00637e10
005e25b2	None	00637dec	b2255e0000	1	00637dec
005e25d6	None	00637dc8	d6255e0000	1	00637dc8
005e25fa	None	00637da4	fa255e0000	1	00637da4
005e261e	None	00637d80	1e265e0000	1	00637d80
005e2642	None	00637d5c	42265e0000	1	00637d5c
005e2666	None	00637d38	66265e0000	1	00637d38
005e268a	None	00637d14	8a265e0000	1	00637d14
005e26ae	None	00637cf0	ae265e0000	1	00637cf0
005e26d2	None	00637ccc	d2265e0000	1	00637ccc
005e26f6	None	00637ca8	f6265e0000	1	00637ca8
005e271a	None	00637c84	1a275e0000	1	00637c84
005e273e	None	00637c60	3e275e0000	1	00637c60
005e2762	None	00637c3c	62275e0000	1	00637c3c
005e2786	None	00637c18	86275e0000	1	00637c18
005e27aa	None	00637bf4	aa275e0000	1	00637bf4
005e27ce	None	00637bd0	ce275e0000	1	00637bd0
005e27f2	None	00637bac	f2275e0000	1	00637bac
005e2816	None	00637b88	16285e0000	1	00637b88
005e283a	None	00637b64	3a285e0000	1	00637b64
005e5156	None	00635248	56515e0000	1	00635248
005e517a	None	00635224	7a515e0000	1	00635224
005e519e	None	00635200	9e515e0000	1	00635200
005e51c2	None	006351dc	c2515e0000	1	006351dc
005e51e6	None	006351b8	e6515e0000	1	006351b8
005e520a	None	00635194	0a525e0000	1	00635194
005e522e	None	00635170	2e525e0000	1	00635170
005e5252	None	0063514c	52525e0000	1	0063514c
005e5276	None	00635128	76525e0000	1	00635128
005e529a	None	00635104	9a525e0000	1	00635104
005e52be	None	006350e0	be525e0000	1	006350e0
005e52e2	None	006350bc	e2525e0000	1	006350bc
005e5306	None	00635098	06535e0000	1	00635098
005e532a	None	00635074	2a535e0000	1	00635074
005e534e	None	00635050	4e535e0000	1	00635050
005e5372	None	0063502c	72535e0000	1	0063502c
005e5396	None	00635008	96535e0000	1	00635008
005e53ba	None	00634fe4	ba535e0000	1	00634fe4
005e53de	None	00634fc0	de535e0000	1	00634fc0
005e5402	None	00634f9c	02545e0000	1	00634f9c
005e5426	None	00634f78	26545e0000	1	00634f78
005e544a	None	00634f54	4a545e0000	1	00634f54
005e546e	None	00634f30	6e545e0000	1	00634f30
005e5492	None	00634f0c	92545e0000	1	00634f0c
005e54b6	None	00634ee8	b6545e0000	1	00634ee8
005e54da	None	00634ec4	da545e0000	1	00634ec4
005e54fe	None	00634ea0	fe545e0000	1	00634ea0
005e5522	None	00634e7c	22555e0000	1	00634e7c
005e5546	None	00634e58	46555e0000	1	00634e58
005e556a	None	00634e34	6a555e0000	1	00634e34
005e558e	None	00634e10	8e555e0000	1	00634e10
005e55b2	None	00634dec	b2555e0000	1	00634dec
005e55d6	None	00634dc8	d6555e0000	1	00634dc8
005e55fa	None	00634da4	fa555e0000	1	00634da4
005e561e	None	00634d80	1e565e0000	1	00634d80
005e5642	None	00634d5c	42565e0000	1	00634d5c
005e5666	None	00634d38	66565e0000	1	00634d38
005e568a	None	00634d14	8a565e0000	1	00634d14
005e56ae	None	00634cf0	ae565e0000	1	00634cf0
005e56d2	None	00634ccc	d2565e0000	1	00634ccc
005e56f6	None	00634ca8	f6565e0000	1	00634ca8
005e571a	None	00634c84	1a575e0000	1	00634c84
005e573e	None	00634c60	3e575e0000	1	00634c60
005e5762	None	00634c3c	62575e0000	1	00634c3c
005e5786	None	00634c18	86575e0000	1	00634c18
005e57aa	None	00634bf4	aa575e0000	1	00634bf4
005e57ce	None	00634bd0	ce575e0000	1	00634bd0
005e57f2	None	00634bac	f2575e0000	1	00634bac
005e5816	None	00634b88	16585e0000	1	00634b88
005e583a	None	00634b64	3a585e0000	1	00634b64
005e585e	None	00634b40	5e585e0000	1	00634b40
005e5882	None	00634b1c	82585e0000	1	00634b1c
005e58a6	None	00634af8	a6585e0000	1	00634af8
005e58ca	None	00634ad4	ca585e0000	1	00634ad4
005e58ee	None	00634ab0	ee585e0000	1	00634ab0
005e5912	None	00634a8c	12595e0000	1	00634a8c
005e5936	None	00634a68	36595e0000	1	00634a68
005e595a	None	00634a44	5a595e0000	1	00634a44
005e597e	None	00634a20	7e595e0000	1	00634a20
005e59a2	None	006349fc	a2595e0000	1	006349fc
005e59c6	None	006349d8	c6595e0000	1	006349d8
005e59ea	None	006349b4	ea595e0000	1	006349b4
005e5a0e	None	00634990	0e5a5e0000	1	00634990
005e5a32	None	0063496c	325a5e0000	1	0063496c
005e5a56	None	00634948	565a5e0000	1	00634948
005e5a7a	None	00634924	7a5a5e0000	1	00634924
005e5a9e	None	00634900	9e5a5e0000	1	00634900
005e5ac2	None	006348dc	c25a5e0000	1	006348dc
005e5ae6	None	006348b8	e65a5e0000	1	006348b8
005e5b0a	None	00634894	0a5b5e0000	1	00634894
005e5b2e	None	00634870	2e5b5e0000	1	00634870
005e5b52	None	0063484c	525b5e0000	1	0063484c
005e5b76	None	00634828	765b5e0000	1	00634828
005e5b9a	None	00634804	9a5b5e0000	1	00634804
005e5bbe	None	006347e0	be5b5e0000	1	006347e0
005e5be2	None	006347bc	e25b5e0000	1	006347bc
005e5c06	None	00634798	065c5e0000	1	00634798
005e5c2a	None	00634774	2a5c5e0000	1	00634774
005e5c4e	None	00634750	4e5c5e0000	1	00634750
005e5c72	None	0063472c	725c5e0000	1	0063472c
005e5c96	None	00634708	965c5e0000	1	00634708
005e5cba	None	006346e4	ba5c5e0000	1	006346e4
005e5cde	None	006346c0	de5c5e0000	1	006346c0
005e5d02	None	0063469c	025d5e0000	1	0063469c
005e5d26	None	00634678	265d5e0000	1	00634678
005e5d4a	None	00634654	4a5d5e0000	1	00634654
005e5d6e	None	00634630	6e5d5e0000	1	00634630
005e5d92	None	0063460c	925d5e0000	1	0063460c
005e5db6	None	006345e8	b65d5e0000	1	006345e8
005e5dda	None	006345c4	da5d5e0000	1	006345c4
005e5dfe	None	006345a0	fe5d5e0000	1	006345a0
005e5e22	None	0063457c	225e5e0000	1	0063457c
005e5e46	None	00634558	465e5e0000	1	00634558
005e5e6a	None	00634534	6a5e5e0000	1	00634534
005e5e8e	None	00634510	8e5e5e0000	1	00634510
005e5eb2	None	006344ec	b25e5e0000	1	006344ec
005e5ed6	None	006344c8	d65e5e0000	1	006344c8
005e5efa	None	006344a4	fa5e5e0000	1	006344a4
005e5f1e	None	00634480	1e5f5e0000	1	00634480
005e5f42	None	0063445c	425f5e0000	1	0063445c
005e5f66	None	00634438	665f5e0000	1	00634438
005e5f8a	None	00634414	8a5f5e0000	1	00634414
005e5fae	None	006343f0	ae5f5e0000	1	006343f0
005e5fd2	None	006343cc	d25f5e0000	1	006343cc
005e5ff6	None	006343a8	f65f5e0000	1	006343a8
005e601a	None	00634384	1a605e0000	1	00634384
005e603e	None	00634360	3e605e0000	1	00634360
005e6062	None	0063433c	62605e0000	1	0063433c
005e6086	None	00634318	86605e0000	1	00634318
005e60aa	None	006342f4	aa605e0000	1	006342f4
005e60ce	None	006342d0	ce605e0000	1	006342d0
005e60f2	None	006342ac	f2605e0000	1	006342ac
005e6116	None	00634288	16615e0000	1	00634288
005e613a	None	00634264	3a615e0000	1	00634264
005e615e	None	00634240	5e615e0000	1	00634240
005e6182	None	0063421c	82615e0000	1	0063421c
005e61a6	None	006341f8	a6615e0000	1	006341f8
005e61ca	None	006341d4	ca615e0000	1	006341d4
005e61ee	None	006341b0	ee615e0000	1	006341b0
005e6212	None	0063418c	12625e0000	1	0063418c
005e6236	None	00634168	36625e0000	1	00634168
005e625a	None	00634144	5a625e0000	1	00634144
005e627e	None	00634120	7e625e0000	1	00634120
005e62a2	None	006340fc	a2625e0000	1	006340fc
005e62c6	None	006340d8	c6625e0000	1	006340d8
005e62ea	None	006340b4	ea625e0000	1	006340b4
005e630e	None	00634090	0e635e0000	1	00634090
005e6332	None	0063406c	32635e0000	1	0063406c
005e6356	None	00634048	56635e0000	1	00634048
005e637a	None	00634024	7a635e0000	1	00634024
005e639e	None	00634000	9e635e0000	1	00634000
005e63c2	None	00633fdc	c2635e0000	1	00633fdc
005e63e6	None	00633fb8	e6635e0000	1	00633fb8
005e640a	None	00633f94	0a645e0000	1	00633f94
005e642e	None	00633f70	2e645e0000	1	00633f70
005e6452	None	00633f4c	52645e0000	1	00633f4c
005e6476	None	00633f28	76645e0000	1	00633f28
005e649a	None	00633f04	9a645e0000	1	00633f04
005e64be	None	00633ee0	be645e0000	1	00633ee0
005e64e2	None	00633ebc	e2645e0000	1	00633ebc
005e6506	None	00633e98	06655e0000	1	00633e98
005e652a	None	00633e74	2a655e0000	1	00633e74
005e654e	None	00633e50	4e655e0000	1	00633e50
005e6572	None	00633e2c	72655e0000	1	00633e2c
005e6596	None	00633e08	96655e0000	1	00633e08
005e65ba	None	00633de4	ba655e0000	1	00633de4
005e65de	None	00633dc0	de655e0000	1	00633dc0
005e6602	None	00633d9c	02665e0000	1	00633d9c
005e6626	None	00633d78	26665e0000	1	00633d78
005e664a	None	00633d54	4a665e0000	1	00633d54
005e666e	None	00633d30	6e665e0000	1	00633d30
005e6692	None	00633d0c	92665e0000	1	00633d0c
005e66b6	None	00633ce8	b6665e0000	1	00633ce8
005e66da	None	00633cc4	da665e0000	1	00633cc4
005e66fe	None	00633ca0	fe665e0000	1	00633ca0
005e6722	None	00633c7c	22675e0000	1	00633c7c
005e6746	None	00633c58	46675e0000	1	00633c58
005e676a	None	00633c34	6a675e0000	1	00633c34
005e678e	None	00633c10	8e675e0000	1	00633c10
005e67b2	None	00633bec	b2675e0000	1	00633bec
005e67d6	None	00633bc8	d6675e0000	1	00633bc8
005e67fa	None	00633ba4	fa675e0000	1	00633ba4
005e681e	None	00633b80	1e685e0000	1	00633b80
005e6842	None	00633b5c	42685e0000	1	00633b5c
005e6866	None	00633b38	66685e0000	1	00633b38
005e688a	None	00633b14	8a685e0000	1	00633b14
005e68ae	None	00633af0	ae685e0000	1	00633af0
005e68d2	None	00633acc	d2685e0000	1	00633acc
005e68f6	None	00633aa8	f6685e0000	1	00633aa8
005e691a	None	00633a84	1a695e0000	1	00633a84
005e693e	None	00633a60	3e695e0000	1	00633a60
005e6962	None	00633a3c	62695e0000	1	00633a3c
005e6986	None	00633a18	86695e0000	1	00633a18
005e69aa	None	006339f4	aa695e0000	1	006339f4
005e69ce	None	006339d0	ce695e0000	1	006339d0
005e69f2	None	006339ac	f2695e0000	1	006339ac
005e6a16	None	00633988	166a5e0000	1	00633988
005e6a3a	None	00633964	3a6a5e0000	1	00633964
005e6a5e	None	00633940	5e6a5e0000	1	00633940
005e6a82	None	0063391c	826a5e0000	1	0063391c
005e6aa6	None	006338f8	a66a5e0000	1	006338f8
005e6aca	None	006338d4	ca6a5e0000	1	006338d4
005e6aee	None	006338b0	ee6a5e0000	1	006338b0
005e6b12	None	0063388c	126b5e0000	1	0063388c
005e6b36	None	00633868	366b5e0000	1	00633868
005e6b5a	None	00633844	5a6b5e0000	1	00633844
005e6b7e	None	00633820	7e6b5e0000	1	00633820
005e6ba2	None	006337fc	a26b5e0000	1	006337fc
005e6bc6	None	006337d8	c66b5e0000	1	006337d8
005e6bea	None	006337b4	ea6b5e0000	1	006337b4
005e6c0e	None	00633790	0e6c5e0000	1	00633790
005e6c32	None	0063376c	326c5e0000	1	0063376c
005e6c56	None	00633748	566c5e0000	1	00633748
005e6c7a	None	00633724	7a6c5e0000	1	00633724
005e6c9e	None	00633700	9e6c5e0000	1	00633700
005e6cc2	None	006336dc	c26c5e0000	1	006336dc
005e6ce6	None	006336b8	e66c5e0000	1	006336b8
005e6d0a	None	00633694	0a6d5e0000	1	00633694
005e6d2e	None	00633670	2e6d5e0000	1	00633670
005e6d52	None	0063364c	526d5e0000	1	0063364c
005e6d76	None	00633628	766d5e0000	1	00633628
005e6d9a	None	00633604	9a6d5e0000	1	00633604
005e6dbe	None	006335e0	be6d5e0000	1	006335e0
005e6de2	None	006335bc	e26d5e0000	1	006335bc
005e6e06	None	00633598	066e5e0000	1	00633598
005e6e2a	None	00633574	2a6e5e0000	1	00633574
005e6e4e	None	00633550	4e6e5e0000	1	00633550
005e6e72	None	0063352c	726e5e0000	1	0063352c
005e6e96	None	00633508	966e5e0000	1	00633508
005e6eba	None	006334e4	ba6e5e0000	1	006334e4
005e6ede	None	006334c0	de6e5e0000	1	006334c0
005e6f02	None	0063349c	026f5e0000	1	0063349c
005e6f26	None	00633478	266f5e0000	1	00633478
005e6f4a	None	00633454	4a6f5e0000	1	00633454
005e6f6e	None	00633430	6e6f5e0000	1	00633430
005e6f92	None	0063340c	926f5e0000	1	0063340c
005e6fb6	None	006333e8	b66f5e0000	1	006333e8
005e6fda	None	006333c4	da6f5e0000	1	006333c4
005e6ffe	None	006333a0	fe6f5e0000	1	006333a0
005e7022	None	0063337c	22705e0000	1	0063337c
005e7046	None	00633358	46705e0000	1	00633358
005e706a	None	00633334	6a705e0000	1	00633334
005e708e	None	00633310	8e705e0000	1	00633310
005e70b2	None	006332ec	b2705e0000	1	006332ec
005e70d6	None	006332c8	d6705e0000	1	006332c8
005e70fa	None	006332a4	fa705e0000	1	006332a4
005e711e	None	00633280	1e715e0000	1	00633280
005e7142	None	0063325c	42715e0000	1	0063325c
005e7166	None	00633238	66715e0000	1	00633238
005e718a	None	00633214	8a715e0000	1	00633214
005e71ae	None	006331f0	ae715e0000	1	006331f0
005e71d2	None	006331cc	d2715e0000	1	006331cc
005e71f6	None	006331a8	f6715e0000	1	006331a8
005e721a	None	00633184	1a725e0000	1	00633184
005e723e	None	00633160	3e725e0000	1	00633160
005e7262	None	0063313c	62725e0000	1	0063313c
005e7286	None	00633118	86725e0000	1	00633118
005e72aa	None	006330f4	aa725e0000	1	006330f4
005e72ce	None	006330d0	ce725e0000	1	006330d0
005e72f2	None	006330ac	f2725e0000	1	006330ac
005e7316	None	00633088	16735e0000	1	00633088
005e733a	None	00633064	3a735e0000	1	00633064
005e735e	None	00633040	5e735e0000	1	00633040
005e7382	None	0063301c	82735e0000	1	0063301c
005e73a6	None	00632ff8	a6735e0000	1	00632ff8
005e73ca	None	00632fd4	ca735e0000	1	00632fd4
005e73ee	None	00632fb0	ee735e0000	1	00632fb0
005e7412	None	00632f8c	12745e0000	1	00632f8c
005e7436	None	00632f68	36745e0000	1	00632f68
005e745a	None	00632f44	5a745e0000	1	00632f44
005e747e	None	00632f20	7e745e0000	1	00632f20
005e74a2	None	00632efc	a2745e0000	1	00632efc
005e74c6	None	00632ed8	c6745e0000	1	00632ed8
005e74ea	None	00632eb4	ea745e0000	1	00632eb4
005e750e	None	00632e90	0e755e0000	1	00632e90
005e7532	None	00632e6c	32755e0000	1	00632e6c
005e7556	None	00632e48	56755e0000	1	00632e48
005e757a	None	00632e24	7a755e0000	1	00632e24
005e759e	None	00632e00	9e755e0000	1	00632e00
005e75c2	None	00632ddc	c2755e0000	1	00632ddc
005e75e6	None	00632db8	e6755e0000	1	00632db8
005e760a	None	00632d94	0a765e0000	1	00632d94
005e762e	None	00632d70	2e765e0000	1	00632d70
005e7652	None	00632d4c	52765e0000	1	00632d4c
005e7676	None	00632d28	76765e0000	1	00632d28
005e769a	None	00632d04	9a765e0000	1	00632d04
005e76be	None	00632ce0	be765e0000	1	00632ce0
005e76e2	None	00632cbc	e2765e0000	1	00632cbc
005e7706	None	00632c98	06775e0000	1	00632c98
005e772a	None	00632c74	2a775e0000	1	00632c74
005e774e	None	00632c50	4e775e0000	1	00632c50
005e7772	None	00632c2c	72775e0000	1	00632c2c
005e7796	None	00632c08	96775e0000	1	00632c08
005e77ba	None	00632be4	ba775e0000	1	00632be4
005e77de	None	00632bc0	de775e0000	1	00632bc0
005e7802	None	00632b9c	02785e0000	1	00632b9c
005e7826	None	00632b78	26785e0000	1	00632b78
005e784a	None	00632b54	4a785e0000	1	00632b54
005e786e	None	00632b30	6e785e0000	1	00632b30
005e7892	None	00632b0c	92785e0000	1	00632b0c
005e78b6	None	00632ae8	b6785e0000	1	00632ae8
005e78da	None	00632ac4	da785e0000	1	00632ac4
005e78fe	None	00632aa0	fe785e0000	1	00632aa0
005e7922	None	00632a7c	22795e0000	1	00632a7c
005e7946	None	00632a58	46795e0000	1	00632a58
005e796a	None	00632a34	6a795e0000	1	00632a34
005e798e	None	00632a10	8e795e0000	1	00632a10
005e79b2	None	006329ec	b2795e0000	1	006329ec
005e79d6	None	006329c8	d6795e0000	1	006329c8
005e79fa	None	006329a4	fa795e0000	1	006329a4
005e7a1e	None	00632980	1e7a5e0000	1	00632980
005e7a42	None	0063295c	427a5e0000	1	0063295c
005e7a66	None	00632938	667a5e0000	1	00632938
005e7a8a	None	00632914	8a7a5e0000	1	00632914
005e7aae	None	006328f0	ae7a5e0000	1	006328f0
005e7ad2	None	006328cc	d27a5e0000	1	006328cc
005e82be	None	006320e0	be825e0000	1	006320e0
005e82e2	None	006320bc	e2825e0000	1	006320bc
005e8306	None	00632098	06835e0000	1	00632098
005e832a	None	00632074	2a835e0000	1	00632074
005e834e	None	00632050	4e835e0000	1	00632050
005e8372	None	0063202c	72835e0000	1	0063202c
005e8396	None	00632008	96835e0000	1	00632008
005e83ba	None	00631fe4	ba835e0000	1	00631fe4
005e83de	None	00631fc0	de835e0000	1	00631fc0
005e8402	None	00631f9c	02845e0000	1	00631f9c
005e8426	None	00631f78	26845e0000	1	00631f78
005e844a	None	00631f54	4a845e0000	1	00631f54
005e846e	None	00631f30	6e845e0000	1	00631f30
005e8492	None	00631f0c	92845e0000	1	00631f0c
005e84b6	None	00631ee8	b6845e0000	1	00631ee8
005e84da	None	00631ec4	da845e0000	1	00631ec4
005e84fe	None	00631ea0	fe845e0000	1	00631ea0
005e8522	None	00631e7c	22855e0000	1	00631e7c
005e8546	None	00631e58	46855e0000	1	00631e58
005e856a	None	00631e34	6a855e0000	1	00631e34
005e858e	None	00631e10	8e855e0000	1	00631e10
005e85b2	None	00631dec	b2855e0000	1	00631dec
005e85d6	None	00631dc8	d6855e0000	1	00631dc8
005e85fa	None	00631da4	fa855e0000	1	00631da4
005e861e	None	00631d80	1e865e0000	1	00631d80
005e8642	None	00631d5c	42865e0000	1	00631d5c
005e8666	None	00631d38	66865e0000	1	00631d38
005e868a	None	00631d14	8a865e0000	1	00631d14
005e86ae	None	00631cf0	ae865e0000	1	00631cf0
005e86d2	None	00631ccc	d2865e0000	1	00631ccc
005e86f6	None	00631ca8	f6865e0000	1	00631ca8
005e871a	None	00631c84	1a875e0000	1	00631c84
005e873e	None	00631c60	3e875e0000	1	00631c60
005e8762	None	00631c3c	62875e0000	1	00631c3c
005e8786	None	00631c18	86875e0000	1	00631c18
005e87aa	None	00631bf4	aa875e0000	1	00631bf4
005e87ce	None	00631bd0	ce875e0000	1	00631bd0
005e87f2	None	00631bac	f2875e0000	1	00631bac
005e8816	None	00631b88	16885e0000	1	00631b88
005e883a	None	00631b64	3a885e0000	1	00631b64
005e885e	None	00631b40	5e885e0000	1	00631b40
005e8882	None	00631b1c	82885e0000	1	00631b1c
005e88a6	None	00631af8	a6885e0000	1	00631af8
005e88ca	None	00631ad4	ca885e0000	1	00631ad4
005e88ee	None	00631ab0	ee885e0000	1	00631ab0
005e8912	None	00631a8c	12895e0000	1	00631a8c
005e8936	None	00631a68	36895e0000	1	00631a68
005e895a	None	00631a44	5a895e0000	1	00631a44
005e897e	None	00631a20	7e895e0000	1	00631a20
005e89a2	None	006319fc	a2895e0000	1	006319fc
005e89c6	None	006319d8	c6895e0000	1	006319d8
005e89ea	None	006319b4	ea895e0000	1	006319b4
005e8a0e	None	00631990	0e8a5e0000	1	00631990
005e8a32	None	0063196c	328a5e0000	1	0063196c
005e8a56	None	00631948	568a5e0000	1	00631948
005e8a7a	None	00631924	7a8a5e0000	1	00631924
005e8a9e	None	00631900	9e8a5e0000	1	00631900
005e8ac2	None	006318dc	c28a5e0000	1	006318dc
005e8ae6	None	006318b8	e68a5e0000	1	006318b8
005e8b0a	None	00631894	0a8b5e0000	1	00631894
005e928e	None	00631110	8e925e0000	1	00631110
005e92c8	20	006310d8	c8925e0000	1	006310d8
005e9306	None	00631098	06935e0000	1	00631098
005e9340	20	00631060	40935e0000	1	00631060
005e937e	None	00631020	7e935e0000	1	00631020
005e93b8	20	00630fe8	b8935e0000	1	00630fe8
005e93f6	None	00630fa8	f6935e0000	1	00630fa8
005e9430	20	00630f70	30945e0000	1	00630f70
005e946e	None	00630f30	6e945e0000	1	00630f30
005e94a8	20	00630ef8	a8945e0000	1	00630ef8
005e94e6	None	00630eb8	e6945e0000	1	00630eb8
005e9520	20	00630e80	20955e0000	1	00630e80
005e955e	None	00630e40	5e955e0000	1	00630e40
005e9598	20	00630e08	98955e0000	1	00630e08
005e95d6	None	00630dc8	d6955e0000	1	00630dc8
005e9610	20	00630d90	10965e0000	1	00630d90
005e964e	None	00630d50	4e965e0000	1	00630d50
005e9688	20	00630d18	88965e0000	1	00630d18
005e96c6	None	00630cd8	c6965e0000	1	00630cd8
005e9700	20	00630ca0	00975e0000	1	00630ca0
005e973e	None	00630c60	3e975e0000	1	00630c60
005e9778	20	00630c28	78975e0000	1	00630c28
005e97b6	None	00630be8	b6975e0000	1	00630be8
005e97f0	20	00630bb0	f0975e0000	1	00630bb0
005e982e	None	00630b70	2e985e0000	1	00630b70
005e9868	20	00630b38	68985e0000	1	00630b38
005e98a6	None	00630af8	a6985e0000	1	00630af8
005e98e0	20	00630ac0	e0985e0000	1	00630ac0
005e991e	None	00630a80	1e995e0000	1	00630a80
005e9958	20	00630a48	58995e0000	1	00630a48
005e9996	None	00630a08	96995e0000	1	00630a08
005e99d0	20	006309d0	d0995e0000	1	006309d0
005e9a0e	None	00630990	0e9a5e0000	1	00630990
005e9a48	20	00630958	489a5e0000	1	00630958
005e9a86	None	00630918	869a5e0000	1	00630918
005e9ac0	20	006308e0	c09a5e0000	1	006308e0
005e9afe	None	006308a0	fe9a5e0000	1	006308a0
005e9b38	20	00630868	389b5e0000	1	00630868
005e9b76	None	00630828	769b5e0000	1	00630828
005e9bb0	20	006307f0	b09b5e0000	1	006307f0
005e9bee	None	006307b0	ee9b5e0000	1	006307b0
005e9c28	20	00630778	289c5e0000	1	00630778
005e9c66	None	00630738	669c5e0000	1	00630738
005e9ca0	20	00630700	a09c5e0000	1	00630700
005e9cde	None	006306c0	de9c5e0000	1	006306c0
005e9d18	20	00630688	189d5e0000	1	00630688
005e9d56	None	00630648	569d5e0000	1	00630648
005e9d90	20	00630610	909d5e0000	1	00630610
005e9dce	None	006305d0	ce9d5e0000	1	006305d0
005e9e08	20	00630598	089e5e0000	1	00630598
005e9e46	None	00630558	469e5e0000	1	00630558
005e9e80	20	00630520	809e5e0000	1	00630520
005e9ebe	None	006304e0	be9e5e0000	1	006304e0
005e9ef8	20	006304a8	f89e5e0000	1	006304a8
005e9f36	None	00630468	369f5e0000	1	00630468
005e9f70	20	00630430	709f5e0000	1	00630430
005e9fae	None	006303f0	ae9f5e0000	1	006303f0
005e9fe8	20	006303b8	e89f5e0000	1	006303b8
005ea026	None	00630378	26a05e0000	1	00630378
005ea060	20	00630340	60a05e0000	1	00630340
005ea09e	None	00630300	9ea05e0000	1	00630300
005ea0d8	20	006302c8	d8a05e0000	1	006302c8
005ea116	None	00630288	16a15e0000	1	00630288
005ea150	20	00630250	50a15e0000	1	00630250
005ea18e	None	00630210	8ea15e0000	1	00630210
005ea1c8	20	006301d8	c8a15e0000	1	006301d8
005ea206	None	00630198	06a25e0000	1	00630198
005ea240	20	00630160	40a25e0000	1	00630160
005ea27e	None	00630120	7ea25e0000	1	00630120
005ea2b8	20	006300e8	b8a25e0000	1	006300e8
005ea2f6	None	006300a8	f6a25e0000	1	006300a8
005ea330	20	00630070	30a35e0000	1	00630070
005ea36e	None	00630030	6ea35e0000	1	00630030
005ea3a8	20	0062fff8	a8a35e0000	1	0062fff8
005ea3e6	None	0062ffb8	e6a35e0000	1	0062ffb8
005ea420	20	0062ff80	20a45e0000	1	0062ff80
005ea45e	None	0062ff40	5ea45e0000	1	0062ff40
005ea498	20	0062ff08	98a45e0000	1	0062ff08
005ea4d6	None	0062fec8	d6a45e0000	1	0062fec8
005ea510	20	0062fe90	10a55e0000	1	0062fe90
005ea54e	None	0062fe50	4ea55e0000	1	0062fe50
005ea588	20	0062fe18	88a55e0000	1	0062fe18
005ea5c6	None	0062fdd8	c6a55e0000	1	0062fdd8
005ea600	20	0062fda0	00a65e0000	1	0062fda0
005ea63e	None	0062fd60	3ea65e0000	1	0062fd60
005ea678	20	0062fd28	78a65e0000	1	0062fd28
005ea6b6	None	0062fce8	b6a65e0000	1	0062fce8
005ea6f0	20	0062fcb0	f0a65e0000	1	0062fcb0
005ea72e	None	0062fc70	2ea75e0000	1	0062fc70
005ea768	20	0062fc38	68a75e0000	1	0062fc38
005ea7a6	None	0062fbf8	a6a75e0000	1	0062fbf8
005ea7e0	20	0062fbc0	e0a75e0000	1	0062fbc0
005ea81e	None	0062fb80	1ea85e0000	1	0062fb80
005ea858	20	0062fb48	58a85e0000	1	0062fb48
005ea896	None	0062fb08	96a85e0000	1	0062fb08
005ea8d0	20	0062fad0	d0a85e0000	1	0062fad0
005ea90e	None	0062fa90	0ea95e0000	1	0062fa90
005ea948	20	0062fa58	48a95e0000	1	0062fa58
005ea986	None	0062fa18	86a95e0000	1	0062fa18
005ea9c0	20	0062f9e0	c0a95e0000	1	0062f9e0
005ea9fe	None	0062f9a0	fea95e0000	1	0062f9a0
005eaa38	20	0062f968	38aa5e0000	1	0062f968
005eaa76	None	0062f928	76aa5e0000	1	0062f928
005eaab0	20	0062f8f0	b0aa5e0000	1	0062f8f0
005eaaee	None	0062f8b0	eeaa5e0000	1	0062f8b0
005eab28	20	0062f878	28ab5e0000	1	0062f878
005eab66	None	0062f838	66ab5e0000	1	0062f838
005eaba0	20	0062f800	a0ab5e0000	1	0062f800
005eabde	None	0062f7c0	deab5e0000	1	0062f7c0
005eac18	20	0062f788	18ac5e0000	1	0062f788
005eac56	None	0062f748	56ac5e0000	1	0062f748
005eac90	20	0062f710	90ac5e0000	1	0062f710
005eacce	None	0062f6d0	ceac5e0000	1	0062f6d0
005ead08	20	0062f698	08ad5e0000	1	0062f698
005ead46	None	0062f658	46ad5e0000	1	0062f658
005ead80	20	0062f620	80ad5e0000	1	0062f620
005eadbe	None	0062f5e0	bead5e0000	1	0062f5e0
005eadf8	20	0062f5a8	f8ad5e0000	1	0062f5a8
005eae36	None	0062f568	36ae5e0000	1	0062f568
005eae70	20	0062f530	70ae5e0000	1	0062f530
005eaeae	None	0062f4f0	aeae5e0000	1	0062f4f0
005eaee8	20	0062f4b8	e8ae5e0000	1	0062f4b8
005eaf26	None	0062f478	26af5e0000	1	0062f478
005eaf60	20	0062f440	60af5e0000	1	0062f440
005eaf9e	None	0062f400	9eaf5e0000	1	0062f400
005eafd8	20	0062f3c8	d8af5e0000	1	0062f3c8
005eb016	None	0062f388	16b05e0000	1	0062f388
005eb050	20	0062f350	50b05e0000	1	0062f350
005eb08e	None	0062f310	8eb05e0000	1	0062f310
005eb0c8	20	0062f2d8	c8b05e0000	1	0062f2d8
005eb106	None	0062f298	06b15e0000	1	0062f298
005eb140	20	0062f260	40b15e0000	1	0062f260
005eb17e	None	0062f220	7eb15e0000	1	0062f220
005eb1b8	20	0062f1e8	b8b15e0000	1	0062f1e8
005eb1f6	None	0062f1a8	f6b15e0000	1	0062f1a8
005eb230	20	0062f170	30b25e0000	1	0062f170
005eb26e	None	0062f130	6eb25e0000	1	0062f130
005eb2a8	20	0062f0f8	a8b25e0000	1	0062f0f8
005eb2e6	None	0062f0b8	e6b25e0000	1	0062f0b8
005eb320	20	0062f080	20b35e0000	1	0062f080
005eb35e	None	0062f040	5eb35e0000	1	0062f040
005eb398	20	0062f008	98b35e0000	1	0062f008
005eb3d6	None	0062efc8	d6b35e0000	1	0062efc8
005eb410	20	0062ef90	10b45e0000	1	0062ef90
005eb44e	None	0062ef50	4eb45e0000	1	0062ef50
005eb488	20	0062ef18	88b45e0000	1	0062ef18
005eb4c6	None	0062eed8	c6b45e0000	1	0062eed8
005eb500	20	0062eea0	00b55e0000	1	0062eea0
005eb53e	None	0062ee60	3eb55e0000	1	0062ee60
005eb578	20	0062ee28	78b55e0000	1	0062ee28
005eb5b6	None	0062ede8	b6b55e0000	1	0062ede8
005eb5f0	20	0062edb0	f0b55e0000	1	0062edb0
005eb62e	None	0062ed70	2eb65e0000	1	0062ed70
005eb668	20	0062ed38	68b65e0000	1	0062ed38
005eb6a6	None	0062ecf8	a6b65e0000	1	0062ecf8
005eb6e0	20	0062ecc0	e0b65e0000	1	0062ecc0
005eb71e	None	0062ec80	1eb75e0000	1	0062ec80
005eb758	20	0062ec48	58b75e0000	1	0062ec48
005eb796	None	0062ec08	96b75e0000	1	0062ec08
005eb7d0	20	0062ebd0	d0b75e0000	1	0062ebd0
005eb80e	None	0062eb90	0eb85e0000	1	0062eb90
005eb848	20	0062eb58	48b85e0000	1	0062eb58
005eb886	None	0062eb18	86b85e0000	1	0062eb18
005eb8c0	20	0062eae0	c0b85e0000	1	0062eae0
005eb8fe	None	0062eaa0	feb85e0000	1	0062eaa0
005eb938	20	0062ea68	38b95e0000	1	0062ea68
005eb976	None	0062ea28	76b95e0000	1	0062ea28
005eb9b0	20	0062e9f0	b0b95e0000	1	0062e9f0
005eb9ee	None	0062e9b0	eeb95e0000	1	0062e9b0
005eba28	20	0062e978	28ba5e0000	1	0062e978
005eba66	None	0062e938	66ba5e0000	1	0062e938
005eba76	None	002ee7f8	76ba5e0000	1	002ee7f8
005ebaa0	20	0062e900	a0ba5e0000	1	0062e900
005ebade	None	0062e8c0	deba5e0000	1	0062e8c0
005ebb18	20	0062e888	18bb5e0000	1	0062e888
005ebb22	None	002ee740	22bb5e0000	1	002ee740
005ebb56	None	0062e848	56bb5e0000	1	0062e848
005ebb90	20	0062e810	90bb5e0000	1	0062e810
005ebbce	None	0062e7d0	cebb5e0000	1	0062e7d0
005ebbd0	None	002ee6a4	d0bb5e0000	1	002ee6a4
005ebc08	20	0062e798	08bc5e0000	1	0062e798
005ebc46	None	0062e758	46bc5e0000	1	0062e758
005ebc6c	None	002ee608	6cbc5e0000	1	002ee608
005ebc80	20	0062e720	80bc5e0000	1	0062e720
005ebcbe	None	0062e6e0	bebc5e0000	1	0062e6e0
005ebcf8	20	0062e6a8	f8bc5e0000	1	0062e6a8
005ebd22	None	002ee538	22bd5e0000	1	002ee538
005ebd36	None	0062e668	36bd5e0000	1	0062e668
005ebd51	None	00302f2c	51bd5e0000	1	00302f2c
005ebd70	20	0062e630	70bd5e0000	1	0062e630
005ebdae	None	0062e5f0	aebd5e0000	1	0062e5f0
005ebdd8	None	002ee49c	d8bd5e0000	1	002ee49c
005ebdd9	None	00302f2c	d9bd5e0000	1	00302f2c
005ebde8	20	0062e5b8	e8bd5e0000	1	0062e5b8
005ebe26	None	0062e578	26be5e0000	1	0062e578
005ebe60	20	0062e540	60be5e0000	1	0062e540
005ebe66	None	002ee420	66be5e0000	1	002ee420
005ebe9e	None	0062e500	9ebe5e0000	1	0062e500
005ebed8	20	0062e4c8	d8be5e0000	1	0062e4c8
005ebee2	None	002ee3a4	e2be5e0000	1	002ee3a4
005ebf16	None	0062e488	16bf5e0000	1	0062e488
005ebf50	20	0062e450	50bf5e0000	1	0062e450
005ebf5e	None	002ee328	5ebf5e0000	1	002ee328
005ebf8e	None	0062e410	8ebf5e0000	1	0062e410
005ebfc8	20	0062e3d8	c8bf5e0000	1	0062e3d8
005ebfea	None	002ee294	eabf5e0000	1	002ee294
005ec006	None	0062e398	06c05e0000	1	0062e398
005ec040	20	0062e360	40c05e0000	1	0062e360
005ec076	None	002ee204	76c05e0000	1	002ee204
005ec07e	None	0062e320	7ec05e0000	1	0062e320
005ec0b8	20	0062e2e8	b8c05e0000	1	0062e2e8
005ec0f6	None	0062e2a8	f6c05e0000	1	0062e2a8
005ec0fc	None	002ee18c	fcc05e0000	1	002ee18c
005ec130	20	0062e270	30c15e0000	1	0062e270
005ec16e	None	0062e230	6ec15e0000	1	0062e230
005ec174	None	002ee114	74c15e0000	1	002ee114
005ec1a8	20	0062e1f8	a8c15e0000	1	0062e1f8
005ec1e6	None	0062e1b8	e6c15e0000	1	0062e1b8
005ec1f6	None	002ee084	f6c15e0000	1	002ee084
005ec220	20	0062e180	20c25e0000	1	0062e180
005ec25e	None	0062e140	5ec25e0000	1	0062e140
005ec27e	None	002ee008	7ec25e0000	1	002ee008
005ec298	20	0062e108	98c25e0000	1	0062e108
005ec2d6	None	0062e0c8	d6c25e0000	1	0062e0c8
005ec308	None	002edf6c	08c35e0000	1	002edf6c
005ec310	20	0062e090	10c35e0000	1	0062e090
005ec34e	None	0062e050	4ec35e0000	1	0062e050
005ec388	20	0062e018	88c35e0000	1	0062e018
005ec3a4	None	002eded0	a4c35e0000	1	002eded0
005ec3c6	None	0062dfd8	c6c35e0000	1	0062dfd8
005ec400	20	0062dfa0	00c45e0000	1	0062dfa0
005ec43e	None	0062df60	3ec45e0000	1	0062df60
005ec440	None	002ede34	40c45e0000	1	002ede34
005ec478	20	0062df28	78c45e0000	1	0062df28
005ec4b6	None	0062dee8	b6c45e0000	1	0062dee8
005ec4f0	20	0062deb0	f0c45e0000	1	0062deb0
005ec52e	None	0062de70	2ec55e0000	1	0062de70
005ec568	20	0062de38	68c55e0000	1	0062de38
005ec5a6	None	0062ddf8	a6c55e0000	1	0062ddf8
005ec5e0	20	0062ddc0	e0c55e0000	1	0062ddc0
005ec61e	None	0062dd80	1ec65e0000	1	0062dd80
005ec658	20	0062dd48	58c65e0000	1	0062dd48
005ec696	None	0062dd08	96c65e0000	1	0062dd08
005ec6d0	20	0062dcd0	d0c65e0000	1	0062dcd0
005ec70e	None	0062dc90	0ec75e0000	1	0062dc90
005ec748	20	0062dc58	48c75e0000	1	0062dc58
005ec786	None	0062dc18	86c75e0000	1	0062dc18
005ec7c0	20	0062dbe0	c0c75e0000	1	0062dbe0
005ec7fe	None	0062dba0	fec75e0000	1	0062dba0
005ec838	20	0062db68	38c85e0000	1	0062db68
005ec876	None	0062db28	76c85e0000	1	0062db28
005ec8b0	20	0062daf0	b0c85e0000	1	0062daf0
005ec8ee	None	0062dab0	eec85e0000	1	0062dab0
005ec928	20	0062da78	28c95e0000	1	0062da78
005ec966	None	0062da38	66c95e0000	1	0062da38
005ec9a0	20	0062da00	a0c95e0000	1	0062da00
005ec9de	None	0062d9c0	dec95e0000	1	0062d9c0
005eca18	20	0062d988	18ca5e0000	1	0062d988
005eca56	None	0062d948	56ca5e0000	1	0062d948
005eca90	20	0062d910	90ca5e0000	1	0062d910
005ecace	None	0062d8d0	ceca5e0000	1	0062d8d0
005ecb08	20	0062d898	08cb5e0000	1	0062d898
005ecb46	None	0062d858	46cb5e0000	1	0062d858
005ecb80	20	0062d820	80cb5e0000	1	0062d820
005ecbbe	None	0062d7e0	becb5e0000	1	0062d7e0
005ecbf8	20	0062d7a8	f8cb5e0000	1	0062d7a8
005ecc36	None	0062d768	36cc5e0000	1	0062d768
005ecc70	20	0062d730	70cc5e0000	1	0062d730
005eccae	None	0062d6f0	aecc5e0000	1	0062d6f0
005ecce8	20	0062d6b8	e8cc5e0000	1	0062d6b8
005ecd26	None	0062d678	26cd5e0000	1	0062d678
005ecd60	20	0062d640	60cd5e0000	1	0062d640
005ecd9e	None	0062d600	9ecd5e0000	1	0062d600
005ecdd8	20	0062d5c8	d8cd5e0000	1	0062d5c8
005ece16	None	0062d588	16ce5e0000	1	0062d588
005ece50	20	0062d550	50ce5e0000	1	0062d550
005ece8e	None	0062d510	8ece5e0000	1	0062d510
005ecec8	20	0062d4d8	c8ce5e0000	1	0062d4d8
005ecf06	None	0062d498	06cf5e0000	1	0062d498
005ecf40	20	0062d460	40cf5e0000	1	0062d460
005ecf7e	None	0062d420	7ecf5e0000	1	0062d420
005ecfb8	20	0062d3e8	b8cf5e0000	1	0062d3e8
005ecff6	None	0062d3a8	f6cf5e0000	1	0062d3a8
005ed030	20	0062d370	30d05e0000	1	0062d370
005ed06e	None	0062d330	6ed05e0000	1	0062d330
005ed0a8	20	0062d2f8	a8d05e0000	1	0062d2f8
005ed0e6	None	0062d2b8	e6d05e0000	1	0062d2b8
005ed120	20	0062d280	20d15e0000	1	0062d280
005ed15e	None	0062d240	5ed15e0000	1	0062d240
005ed198	20	0062d208	98d15e0000	1	0062d208
005ed1d6	None	0062d1c8	d6d15e0000	1	0062d1c8
005ed210	20	0062d190	10d25e0000	1	0062d190
005ed24e	None	0062d150	4ed25e0000	1	0062d150
005ed288	20	0062d118	88d25e0000	1	0062d118
005ed2c6	None	0062d0d8	c6d25e0000	1	0062d0d8
005ed300	20	0062d0a0	00d35e0000	1	0062d0a0
005ed33e	None	0062d060	3ed35e0000	1	0062d060
005ed378	20	0062d028	78d35e0000	1	0062d028
005ed3b6	None	0062cfe8	b6d35e0000	1	0062cfe8
005ed3f0	20	0062cfb0	f0d35e0000	1	0062cfb0
005ed42e	None	0062cf70	2ed45e0000	1	0062cf70
005ed468	20	0062cf38	68d45e0000	1	0062cf38
005ed4a6	None	0062cef8	a6d45e0000	1	0062cef8
005ed4e0	20	0062cec0	e0d45e0000	1	0062cec0
005ed51e	None	0062ce80	1ed55e0000	1	0062ce80
005ed558	20	0062ce48	58d55e0000	1	0062ce48
005ed596	None	0062ce08	96d55e0000	1	0062ce08
005ed5d0	20	0062cdd0	d0d55e0000	1	0062cdd0
005ed60e	None	0062cd90	0ed65e0000	1	0062cd90
005ed648	20	0062cd58	48d65e0000	1	0062cd58
005ed686	None	0062cd18	86d65e0000	1	0062cd18
005ed6c0	20	0062cce0	c0d65e0000	1	0062cce0
005ed6fe	None	0062cca0	fed65e0000	1	0062cca0
005ed738	20	0062cc68	38d75e0000	1	0062cc68
005ed776	None	0062cc28	76d75e0000	1	0062cc28
005ed7b0	20	0062cbf0	b0d75e0000	1	0062cbf0
005ed7ee	None	0062cbb0	eed75e0000	1	0062cbb0
005ed828	20	0062cb78	28d85e0000	1	0062cb78
005ed866	None	0062cb38	66d85e0000	1	0062cb38
005ed8a0	20	0062cb00	a0d85e0000	1	0062cb00
005ed8de	None	0062cac0	ded85e0000	1	0062cac0
005ed918	20	0062ca88	18d95e0000	1	0062ca88
005ed956	None	0062ca48	56d95e0000	1	0062ca48
005ed990	20	0062ca10	90d95e0000	1	0062ca10
005ed9ce	None	0062c9d0	ced95e0000	1	0062c9d0
005eda08	20	0062c998	08da5e0000	1	0062c998
005eda46	None	0062c958	46da5e0000	1	0062c958
005eda80	20	0062c920	80da5e0000	1	0062c920
005edabe	None	0062c8e0	beda5e0000	1	0062c8e0
005edaf8	20	0062c8a8	f8da5e0000	1	0062c8a8
005edb36	None	0062c868	36db5e0000	1	0062c868
005edb70	20	0062c830	70db5e0000	1	0062c830
005edbae	None	0062c7f0	aedb5e0000	1	0062c7f0
005edbe8	20	0062c7b8	e8db5e0000	1	0062c7b8
005edc26	None	0062c778	26dc5e0000	1	0062c778
005edc60	20	0062c740	60dc5e0000	1	0062c740
005edc9e	None	0062c700	9edc5e0000	1	0062c700
005edcd8	20	0062c6c8	d8dc5e0000	1	0062c6c8
005edd16	None	0062c688	16dd5e0000	1	0062c688
005edd50	20	0062c650	50dd5e0000	1	0062c650
005edd8e	None	0062c610	8edd5e0000	1	0062c610
005eddc8	20	0062c5d8	c8dd5e0000	1	0062c5d8
005ede06	None	0062c598	06de5e0000	1	0062c598
005ede40	20	0062c560	40de5e0000	1	0062c560
005ede7e	None	0062c520	7ede5e0000	1	0062c520
005edeb8	20	0062c4e8	b8de5e0000	1	0062c4e8
005edef6	None	0062c4a8	f6de5e0000	1	0062c4a8
005edf30	20	0062c470	30df5e0000	1	0062c470
005edf6e	None	0062c430	6edf5e0000	1	0062c430
005edfa8	20	0062c3f8	a8df5e0000	1	0062c3f8
005edfe6	None	0062c3b8	e6df5e0000	1	0062c3b8
005ee020	20	0062c380	20e05e0000	1	0062c380
005ee05e	None	0062c340	5ee05e0000	1	0062c340
005ee098	20	0062c308	98e05e0000	1	0062c308
005ee0d6	None	0062c2c8	d6e05e0000	1	0062c2c8
005ee110	20	0062c290	10e15e0000	1	0062c290
005ee14e	None	0062c250	4ee15e0000	1	0062c250
005ee188	20	0062c218	88e15e0000	1	0062c218
005ee1c6	None	0062c1d8	c6e15e0000	1	0062c1d8
005ee200	20	0062c1a0	00e25e0000	1	0062c1a0
005ee23e	None	0062c160	3ee25e0000	1	0062c160
005ee278	20	0062c128	78e25e0000	1	0062c128
005ee2b6	None	0062c0e8	b6e25e0000	1	0062c0e8
005ee2f0	20	0062c0b0	f0e25e0000	1	0062c0b0
005ee32e	None	0062c070	2ee35e0000	1	0062c070
005ee368	20	0062c038	68e35e0000	1	0062c038
005ee3a6	None	0062bff8	a6e35e0000	1	0062bff8
005ee3e0	20	0062bfc0	e0e35e0000	1	0062bfc0
005ee41e	None	0062bf80	1ee45e0000	1	0062bf80
005ee458	20	0062bf48	58e45e0000	1	0062bf48
005ee496	None	0062bf08	96e45e0000	1	0062bf08
005ee4d0	20	0062bed0	d0e45e0000	1	0062bed0
005ee50e	None	0062be90	0ee55e0000	1	0062be90
005ee548	20	0062be58	48e55e0000	1	0062be58
005ee586	None	0062be18	86e55e0000	1	0062be18
005ee5c0	20	0062bde0	c0e55e0000	1	0062bde0
005ee5fe	None	0062bda0	fee55e0000	1	0062bda0
005ee638	20	0062bd68	38e65e0000	1	0062bd68
005ee676	None	0062bd28	76e65e0000	1	0062bd28
005ee6b0	20	0062bcf0	b0e65e0000	1	0062bcf0
005ee6ee	None	0062bcb0	eee65e0000	1	0062bcb0
005ee728	20	0062bc78	28e75e0000	1	0062bc78
005ee766	None	0062bc38	66e75e0000	1	0062bc38
005ee7a0	20	0062bc00	a0e75e0000	1	0062bc00
005ee7de	None	0062bbc0	dee75e0000	1	0062bbc0
005ee818	20	0062bb88	18e85e0000	1	0062bb88
005ee856	None	0062bb48	56e85e0000	1	0062bb48
005ee890	20	0062bb10	90e85e0000	1	0062bb10
005ee8ce	None	0062bad0	cee85e0000	1	0062bad0
005ee908	20	0062ba98	08e95e0000	1	0062ba98
005ee946	None	0062ba58	46e95e0000	1	0062ba58
005ee980	20	0062ba20	80e95e0000	1	0062ba20
005ee9be	None	0062b9e0	bee95e0000	1	0062b9e0
005ee9f8	20	0062b9a8	f8e95e0000	1	0062b9a8
005eea36	None	0062b968	36ea5e0000	1	0062b968
005eea70	20	0062b930	70ea5e0000	1	0062b930
005eeaae	None	0062b8f0	aeea5e0000	1	0062b8f0
005eeae8	20	0062b8b8	e8ea5e0000	1	0062b8b8
005eeb26	None	0062b878	26eb5e0000	1	0062b878
005eeb60	20	0062b840	60eb5e0000	1	0062b840
005eeb9e	None	0062b800	9eeb5e0000	1	0062b800
005eebd8	20	0062b7c8	d8eb5e0000	1	0062b7c8
005eec16	None	0062b788	16ec5e0000	1	0062b788
005eec50	20	0062b750	50ec5e0000	1	0062b750
005eec8e	None	0062b710	8eec5e0000	1	0062b710
005eecc8	20	0062b6d8	c8ec5e0000	1	0062b6d8
005eed06	None	0062b698	06ed5e0000	1	0062b698
005eed40	20	0062b660	40ed5e0000	1	0062b660
005eed7e	None	0062b620	7eed5e0000	1	0062b620
005eedb8	20	0062b5e8	b8ed5e0000	1	0062b5e8
005eedf6	None	0062b5a8	f6ed5e0000	1	0062b5a8
005eee30	20	0062b570	30ee5e0000	1	0062b570
005eee6e	None	0062b530	6eee5e0000	1	0062b530
005eeea8	20	0062b4f8	a8ee5e0000	1	0062b4f8
005eeee6	None	0062b4b8	e6ee5e0000	1	0062b4b8
005eef20	20	0062b480	20ef5e0000	1	0062b480
005eef5e	None	0062b440	5eef5e0000	1	0062b440
005eef98	20	0062b408	98ef5e0000	1	0062b408
005eefd6	None	0062b3c8	d6ef5e0000	1	0062b3c8
005ef010	20	0062b390	10f05e0000	1	0062b390
005ef04e	None	0062b350	4ef05e0000	1	0062b350
005ef088	20	0062b318	88f05e0000	1	0062b318
005ef0c6	None	0062b2d8	c6f05e0000	1	0062b2d8
005ef100	20	0062b2a0	00f15e0000	1	0062b2a0
005ef13e	None	0062b260	3ef15e0000	1	0062b260
005ef178	20	0062b228	78f15e0000	1	0062b228
005ef1b6	None	0062b1e8	b6f15e0000	1	0062b1e8
005ef1f0	20	0062b1b0	f0f15e0000	1	0062b1b0
005ef22e	None	0062b170	2ef25e0000	1	0062b170
005ef268	20	0062b138	68f25e0000	1	0062b138
005ef2a6	None	0062b0f8	a6f25e0000	1	0062b0f8
005ef2e0	20	0062b0c0	e0f25e0000	1	0062b0c0
005ef31e	None	0062b080	1ef35e0000	1	0062b080
005ef358	20	0062b048	58f35e0000	1	0062b048
005ef396	None	0062b008	96f35e0000	1	0062b008
005ef3d0	20	0062afd0	d0f35e0000	1	0062afd0
005ef40e	None	0062af90	0ef45e0000	1	0062af90
005ef448	20	0062af58	48f45e0000	1	0062af58
005ef486	None	0062af18	86f45e0000	1	0062af18
005ef4c0	20	0062aee0	c0f45e0000	1	0062aee0
005ef4fe	None	0062aea0	fef45e0000	1	0062aea0
005ef538	20	0062ae68	38f55e0000	1	0062ae68
005ef576	None	0062ae28	76f55e0000	1	0062ae28
005ef5b0	20	0062adf0	b0f55e0000	1	0062adf0
005ef5ee	None	0062adb0	eef55e0000	1	0062adb0
005ef628	20	0062ad78	28f65e0000	1	0062ad78
005ef666	None	0062ad38	66f65e0000	1	0062ad38
005ef6a0	20	0062ad00	a0f65e0000	1	0062ad00
005ef6de	None	0062acc0	def65e0000	1	0062acc0
005ef718	20	0062ac88	18f75e0000	1	0062ac88
005ef756	None	0062ac48	56f75e0000	1	0062ac48
005ef790	20	0062ac10	90f75e0000	1	0062ac10
005ef7ce	None	0062abd0	cef75e0000	1	0062abd0
005ef808	20	0062ab98	08f85e0000	1	0062ab98
005ef846	None	0062ab58	46f85e0000	1	0062ab58
005ef880	20	0062ab20	80f85e0000	1	0062ab20
005ef8be	None	0062aae0	bef85e0000	1	0062aae0
005ef8f8	20	0062aaa8	f8f85e0000	1	0062aaa8
005ef936	None	0062aa68	36f95e0000	1	0062aa68
005ef970	20	0062aa30	70f95e0000	1	0062aa30
005ef9ae	None	0062a9f0	aef95e0000	1	0062a9f0
005ef9e8	20	0062a9b8	e8f95e0000	1	0062a9b8
005efa26	None	0062a978	26fa5e0000	1	0062a978
005efa60	20	0062a940	60fa5e0000	1	0062a940
005efa9e	None	0062a900	9efa5e0000	1	0062a900
005efad8	20	0062a8c8	d8fa5e0000	1	0062a8c8
005efb16	None	0062a888	16fb5e0000	1	0062a888
005efb50	20	0062a850	50fb5e0000	1	0062a850
005efb8e	None	0062a810	8efb5e0000	1	0062a810
005efbc8	20	0062a7d8	c8fb5e0000	1	0062a7d8
005efc06	None	0062a798	06fc5e0000	1	0062a798
005efc40	20	0062a760	40fc5e0000	1	0062a760
005efc7e	None	0062a720	7efc5e0000	1	0062a720
005efcb8	20	0062a6e8	b8fc5e0000	1	0062a6e8
005efcf6	None	0062a6a8	f6fc5e0000	1	0062a6a8
005efd30	20	0062a670	30fd5e0000	1	0062a670
005efd6e	None	0062a630	6efd5e0000	1	0062a630
005efda8	20	0062a5f8	a8fd5e0000	1	0062a5f8
005efde0	None	002ff228	e0fd5e0000	1	002ff228
005efde6	None	0062a5b8	e6fd5e0000	1	0062a5b8
005efe20	20	0062a580	20fe5e0000	1	0062a580
005efe5e	None	0062a540	5efe5e0000	1	0062a540
005efe98	20	0062a508	98fe5e0000	1	0062a508
005efed6	None	0062a4c8	d6fe5e0000	1	0062a4c8
005eff10	20	0062a490	10ff5e0000	1	0062a490
005eff4e	None	0062a450	4eff5e0000	1	0062a450
005eff88	20	0062a418	88ff5e0000	1	0062a418
005effc6	None	0062a3d8	c6ff5e0000	1	0062a3d8
005f0000	20	0062a3a0	00005f0000	1	0062a3a0
005f003e	None	0062a360	3e005f0000	1	0062a360
005f0078	20	0062a328	78005f0000	1	0062a328
005f00b6	None	0062a2e8	b6005f0000	1	0062a2e8
005f00f0	20	0062a2b0	f0005f0000	1	0062a2b0
005f012e	None	0062a270	2e015f0000	1	0062a270
005f0168	20	0062a238	68015f0000	1	0062a238
005f01a6	None	0062a1f8	a6015f0000	1	0062a1f8
005f01e0	20	0062a1c0	e0015f0000	1	0062a1c0
005f021e	None	0062a180	1e025f0000	1	0062a180
005f0258	20	0062a148	58025f0000	1	0062a148
005f0296	None	0062a108	96025f0000	1	0062a108
005f02d0	20	0062a0d0	d0025f0000	1	0062a0d0
005f030e	None	0062a090	0e035f0000	1	0062a090
005f0348	20	0062a058	48035f0000	1	0062a058
005f0386	None	0062a018	86035f0000	1	0062a018
005f03c0	20	00629fe0	c0035f0000	1	00629fe0
005f03fe	None	00629fa0	fe035f0000	1	00629fa0
005f0438	20	00629f68	38045f0000	1	00629f68
005f0476	None	00629f28	76045f0000	1	00629f28
005f04b0	20	00629ef0	b0045f0000	1	00629ef0
005f04ee	None	00629eb0	ee045f0000	1	00629eb0
005f0528	20	00629e78	28055f0000	1	00629e78
005f0566	None	00629e38	66055f0000	1	00629e38
005f05a0	20	00629e00	a0055f0000	1	00629e00
005f05de	None	00629dc0	de055f0000	1	00629dc0
005f0618	20	00629d88	18065f0000	1	00629d88
005f0656	None	00629d48	56065f0000	1	00629d48
005f0690	20	00629d10	90065f0000	1	00629d10
005f06ce	None	00629cd0	ce065f0000	1	00629cd0
005f0708	20	00629c98	08075f0000	1	00629c98
005f0746	None	00629c58	46075f0000	1	00629c58
005f0780	20	00629c20	80075f0000	1	00629c20
005f07be	None	00629be0	be075f0000	1	00629be0
005f07f8	20	00629ba8	f8075f0000	1	00629ba8
005f0836	None	00629b68	36085f0000	1	00629b68
005f0870	20	00629b30	70085f0000	1	00629b30
005f08ae	None	00629af0	ae085f0000	1	00629af0
005f08e8	20	00629ab8	e8085f0000	1	00629ab8
005f0926	None	00629a78	26095f0000	1	00629a78
005f0960	20	00629a40	60095f0000	1	00629a40
005f099e	None	00629a00	9e095f0000	1	00629a00
005f09d8	20	006299c8	d8095f0000	1	006299c8
005f0a16	None	00629988	160a5f0000	1	00629988
005f0a50	20	00629950	500a5f0000	1	00629950
005f0a8e	None	00629910	8e0a5f0000	1	00629910
005f0ac8	20	006298d8	c80a5f0000	1	006298d8
005f0b06	None	00629898	060b5f0000	1	00629898
005f0b40	20	00629860	400b5f0000	1	00629860
005f0b7e	None	00629820	7e0b5f0000	1	00629820
005f0bb8	20	006297e8	b80b5f0000	1	006297e8
005f0bf6	None	006297a8	f60b5f0000	1	006297a8
005f0c30	20	00629770	300c5f0000	1	00629770
005f0c6e	None	00629730	6e0c5f0000	1	00629730
005f0ca8	20	006296f8	a80c5f0000	1	006296f8
005f0ce6	None	006296b8	e60c5f0000	1	006296b8
005f0d20	20	00629680	200d5f0000	1	00629680
005f0d5e	None	00629640	5e0d5f0000	1	00629640
005f0d98	20	00629608	980d5f0000	1	00629608
005f0dd6	None	006295c8	d60d5f0000	1	006295c8
005f0e10	20	00629590	100e5f0000	1	00629590
005f0e4e	None	00629550	4e0e5f0000	1	00629550
005f0e88	20	00629518	880e5f0000	1	00629518
005f0ec6	None	006294d8	c60e5f0000	1	006294d8
005f0f00	20	006294a0	000f5f0000	1	006294a0
005f0f3e	None	00629460	3e0f5f0000	1	00629460
005f0f78	20	00629428	780f5f0000	1	00629428
005f0fb6	None	006293e8	b60f5f0000	1	006293e8
005f0ff0	20	006293b0	f00f5f0000	1	006293b0
005f102e	None	00629370	2e105f0000	1	00629370
005f1068	20	00629338	68105f0000	1	00629338
005f10a6	None	006292f8	a6105f0000	1	006292f8
005f10e0	20	006292c0	e0105f0000	1	006292c0
005f111e	None	00629280	1e115f0000	1	00629280
005f1158	20	00629248	58115f0000	1	00629248
005f1196	None	00629208	96115f0000	1	00629208
005f11d0	20	006291d0	d0115f0000	1	006291d0
005f120e	None	00629190	0e125f0000	1	00629190
005f1248	20	00629158	48125f0000	1	00629158
005f1286	None	00629118	86125f0000	1	00629118
005f12c0	20	006290e0	c0125f0000	1	006290e0
005f12fe	None	006290a0	fe125f0000	1	006290a0
005f1338	20	00629068	38135f0000	1	00629068
005f1376	None	00629028	76135f0000	1	00629028
005f13b0	20	00628ff0	b0135f0000	1	00628ff0
005f13ee	None	00628fb0	ee135f0000	1	00628fb0
005f1428	20	00628f78	28145f0000	1	00628f78
005f1466	None	00628f38	66145f0000	1	00628f38
005f14a0	20	00628f00	a0145f0000	1	00628f00
005f14de	None	00628ec0	de145f0000	1	00628ec0
005f1518	20	00628e88	18155f0000	1	00628e88
005f1556	None	00628e48	56155f0000	1	00628e48
005f1590	20	00628e10	90155f0000	1	00628e10
005f15ce	None	00628dd0	ce155f0000	1	00628dd0
005f1608	20	00628d98	08165f0000	1	00628d98
005f1646	None	00628d58	46165f0000	1	00628d58
005f1680	20	00628d20	80165f0000	1	00628d20
005f16be	None	00628ce0	be165f0000	1	00628ce0
005f16f8	20	00628ca8	f8165f0000	1	00628ca8
005f1736	None	00628c68	36175f0000	1	00628c68
005f1770	20	00628c30	70175f0000	1	00628c30
005f17ae	None	00628bf0	ae175f0000	1	00628bf0
005f17e8	20	00628bb8	e8175f0000	1	00628bb8
005f1826	None	00628b78	26185f0000	1	00628b78
005f1860	20	00628b40	60185f0000	1	00628b40
005f189e	None	00628b00	9e185f0000	1	00628b00
005f18d8	20	00628ac8	d8185f0000	1	00628ac8
005f1916	None	00628a88	16195f0000	1	00628a88
005f1950	20	00628a50	50195f0000	1	00628a50
005f198e	None	00628a10	8e195f0000	1	00628a10
005f19c8	20	006289d8	c8195f0000	1	006289d8
005f1a06	None	00628998	061a5f0000	1	00628998
005f1a40	20	00628960	401a5f0000	1	00628960
005f1a7e	None	00628920	7e1a5f0000	1	00628920
005f1ab8	20	006288e8	b81a5f0000	1	006288e8
005f1af6	None	006288a8	f61a5f0000	1	006288a8
005f1b30	20	00628870	301b5f0000	1	00628870
005f1b6e	None	00628830	6e1b5f0000	1	00628830
005f1ba8	20	006287f8	a81b5f0000	1	006287f8
005f1be6	None	006287b8	e61b5f0000	1	006287b8
005f1c20	20	00628780	201c5f0000	1	00628780
005f1c5e	None	00628740	5e1c5f0000	1	00628740
005f1c98	20	00628708	981c5f0000	1	00628708
005f1cd6	None	006286c8	d61c5f0000	1	006286c8
005f1d10	20	00628690	101d5f0000	1	00628690
005f1d4e	None	00628650	4e1d5f0000	1	00628650
005f1d88	20	00628618	881d5f0000	1	00628618
005f1dc6	None	006285d8	c61d5f0000	1	006285d8
005f1e00	20	006285a0	001e5f0000	1	006285a0
005f1e3e	None	00628560	3e1e5f0000	1	00628560
005f1e78	20	00628528	781e5f0000	1	00628528
005f1eb6	None	006284e8	b61e5f0000	1	006284e8
005f1ef0	20	006284b0	f01e5f0000	1	006284b0
005f1f2e	None	00628470	2e1f5f0000	1	00628470
005f1f68	20	00628438	681f5f0000	1	00628438
005f1fa6	None	006283f8	a61f5f0000	1	006283f8
005f1fe0	20	006283c0	e01f5f0000	1	006283c0
005f201e	None	00628380	1e205f0000	1	00628380
005f2058	20	00628348	58205f0000	1	00628348
005f2096	None	00628308	96205f0000	1	00628308
005f20d0	20	006282d0	d0205f0000	1	006282d0
005f210e	None	00628290	0e215f0000	1	00628290
005f2148	20	00628258	48215f0000	1	00628258
005f2186	None	00628218	86215f0000	1	00628218
005f21c0	20	006281e0	c0215f0000	1	006281e0
005f21fe	None	006281a0	fe215f0000	1	006281a0
005f2238	20	00628168	38225f0000	1	00628168
005f2276	None	00628128	76225f0000	1	00628128
005f22b0	20	006280f0	b0225f0000	1	006280f0
005f22ee	None	006280b0	ee225f0000	1	006280b0
005f2328	20	00628078	28235f0000	1	00628078
005f2366	None	00628038	66235f0000	1	00628038
005f23a0	20	00628000	a0235f0000	1	00628000
005f23de	None	00627fc0	de235f0000	1	00627fc0
005f2418	20	00627f88	18245f0000	1	00627f88
005f2456	None	00627f48	56245f0000	1	00627f48
005f2490	20	00627f10	90245f0000	1	00627f10
005f24ce	None	00627ed0	ce245f0000	1	00627ed0
005f2508	20	00627e98	08255f0000	1	00627e98
005f2546	None	00627e58	46255f0000	1	00627e58
005f2580	20	00627e20	80255f0000	1	00627e20
005f25be	None	00627de0	be255f0000	1	00627de0
005f25f8	20	00627da8	f8255f0000	1	00627da8
005f2636	None	00627d68	36265f0000	1	00627d68
005f2670	20	00627d30	70265f0000	1	00627d30
005f26ae	None	00627cf0	ae265f0000	1	00627cf0
005f26e8	20	00627cb8	e8265f0000	1	00627cb8
005f2726	None	00627c78	26275f0000	1	00627c78
005f2760	20	00627c40	60275f0000	1	00627c40
005f279e	None	00627c00	9e275f0000	1	00627c00
005f27d8	20	00627bc8	d8275f0000	1	00627bc8
005f2816	None	00627b88	16285f0000	1	00627b88
005f2850	20	00627b50	50285f0000	1	00627b50
005f288e	None	00627b10	8e285f0000	1	00627b10
005f28c8	20	00627ad8	c8285f0000	1	00627ad8
005f2906	None	00627a98	06295f0000	1	00627a98
005f2940	20	00627a60	40295f0000	1	00627a60
005f297e	None	00627a20	7e295f0000	1	00627a20
005f29b8	20	006279e8	b8295f0000	1	006279e8
005f29f6	None	006279a8	f6295f0000	1	006279a8
005f2a30	20	00627970	302a5f0000	1	00627970
005f2a6e	None	00627930	6e2a5f0000	1	00627930
005f2aa8	20	006278f8	a82a5f0000	1	006278f8
005f2ae6	None	006278b8	e62a5f0000	1	006278b8
005f2b20	20	00627880	202b5f0000	1	00627880
005f2b5e	None	00627840	5e2b5f0000	1	00627840
005f2b98	20	00627808	982b5f0000	1	00627808
005f2bd6	None	006277c8	d62b5f0000	1	006277c8
005f2c10	20	00627790	102c5f0000	1	00627790
005f2c4e	None	00627750	4e2c5f0000	1	00627750
005f2c88	20	00627718	882c5f0000	1	00627718
005f2cc6	None	006276d8	c62c5f0000	1	006276d8
005f2d00	20	006276a0	002d5f0000	1	006276a0
005f2d3e	None	00627660	3e2d5f0000	1	00627660
005f2d78	20	00627628	782d5f0000	1	00627628
005f2db6	None	006275e8	b62d5f0000	1	006275e8
005f2df0	20	006275b0	f02d5f0000	1	006275b0
005f2e2e	None	00627570	2e2e5f0000	1	00627570
005f2e68	20	00627538	682e5f0000	1	00627538
005f2ea6	None	006274f8	a62e5f0000	1	006274f8
005f2ee0	20	006274c0	e02e5f0000	1	006274c0
005f2f1e	None	00627480	1e2f5f0000	1	00627480
005f2f58	20	00627448	582f5f0000	1	00627448
005f2f96	None	00627408	962f5f0000	1	00627408
005f2fd0	20	006273d0	d02f5f0000	1	006273d0
005f300e	None	00627390	0e305f0000	1	00627390
005f3048	20	00627358	48305f0000	1	00627358
005f3086	None	00627318	86305f0000	1	00627318
005f30c0	20	006272e0	c0305f0000	1	006272e0
005f30fe	None	006272a0	fe305f0000	1	006272a0
005f3138	20	00627268	38315f0000	1	00627268
005f3176	None	00627228	76315f0000	1	00627228
005f31b0	20	006271f0	b0315f0000	1	006271f0
005f31ee	None	006271b0	ee315f0000	1	006271b0
005f3228	20	00627178	28325f0000	1	00627178
005f3266	None	00627138	66325f0000	1	00627138
005f32a0	20	00627100	a0325f0000	1	00627100
005f32de	None	006270c0	de325f0000	1	006270c0
005f3318	20	00627088	18335f0000	1	00627088
005f3356	None	00627048	56335f0000	1	00627048
005f3390	20	00627010	90335f0000	1	00627010
005f33ce	None	00626fd0	ce335f0000	1	00626fd0
005f3408	20	00626f98	08345f0000	1	00626f98
005f3446	None	00626f58	46345f0000	1	00626f58
005f3480	20	00626f20	80345f0000	1	00626f20
005f34be	None	00626ee0	be345f0000	1	00626ee0
005f34f8	20	00626ea8	f8345f0000	1	00626ea8
005f3536	None	00626e68	36355f0000	1	00626e68
005f3570	20	00626e30	70355f0000	1	00626e30
005f35ae	None	00626df0	ae355f0000	1	00626df0
005f35e8	20	00626db8	e8355f0000	1	00626db8
005f3626	None	00626d78	26365f0000	1	00626d78
005f3660	20	00626d40	60365f0000	1	00626d40
005f369e	None	00626d00	9e365f0000	1	00626d00
005f36d8	20	00626cc8	d8365f0000	1	00626cc8
005f3716	None	00626c88	16375f0000	1	00626c88
005f3750	20	00626c50	50375f0000	1	00626c50
005f378e	None	00626c10	8e375f0000	1	00626c10
005f37c8	20	00626bd8	c8375f0000	1	00626bd8
005f3806	None	00626b98	06385f0000	1	00626b98
005f3840	20	00626b60	40385f0000	1	00626b60
005f387e	None	00626b20	7e385f0000	1	00626b20
005f38b8	20	00626ae8	b8385f0000	1	00626ae8
005f38f6	None	00626aa8	f6385f0000	1	00626aa8
005f3930	20	00626a70	30395f0000	1	00626a70
005f396e	None	00626a30	6e395f0000	1	00626a30
005f39a8	20	006269f8	a8395f0000	1	006269f8
005f39e6	None	006269b8	e6395f0000	1	006269b8
005f3a20	20	00626980	203a5f0000	1	00626980
005f3a5e	None	00626940	5e3a5f0000	1	00626940
005f3a98	20	00626908	983a5f0000	1	00626908
005f3ad6	None	006268c8	d63a5f0000	1	006268c8
005f3b10	20	00626890	103b5f0000	1	00626890
005f3b4e	None	00626850	4e3b5f0000	1	00626850
005f3b88	20	00626818	883b5f0000	1	00626818
005f3bc6	None	006267d8	c63b5f0000	1	006267d8
005f3c00	20	006267a0	003c5f0000	1	006267a0
005f3c3e	None	00626760	3e3c5f0000	1	00626760
005f3c78	20	00626728	783c5f0000	1	00626728
005f3cb6	None	006266e8	b63c5f0000	1	006266e8
005f3cf0	20	006266b0	f03c5f0000	1	006266b0
005f3d2e	None	00626670	2e3d5f0000	1	00626670
005f3d68	20	00626638	683d5f0000	1	00626638
005f3da6	None	006265f8	a63d5f0000	1	006265f8
005f3de0	20	006265c0	e03d5f0000	1	006265c0
005f3e1e	None	00626580	1e3e5f0000	1	00626580
005f3e58	20	00626548	583e5f0000	1	00626548
005f3e96	None	00626508	963e5f0000	1	00626508
005f3ed0	20	006264d0	d03e5f0000	1	006264d0
005f3f0e	None	00626490	0e3f5f0000	1	00626490
005f3f48	20	00626458	483f5f0000	1	00626458
005f3f86	None	00626418	863f5f0000	1	00626418
005f3fc0	20	006263e0	c03f5f0000	1	006263e0
005f3ffe	None	006263a0	fe3f5f0000	1	006263a0
005f4038	20	00626368	38405f0000	1	00626368
005f4076	None	00626328	76405f0000	1	00626328
005f40b0	20	006262f0	b0405f0000	1	006262f0
005f40ee	None	006262b0	ee405f0000	1	006262b0
005f4128	20	00626278	28415f0000	1	00626278
005f4166	None	00626238	66415f0000	1	00626238
005f41a0	20	00626200	a0415f0000	1	00626200
005f41de	None	006261c0	de415f0000	1	006261c0
005f4218	20	00626188	18425f0000	1	00626188
005f4256	None	00626148	56425f0000	1	00626148
005f4290	20	00626110	90425f0000	1	00626110
005f42ce	None	006260d0	ce425f0000	1	006260d0
005f4308	20	00626098	08435f0000	1	00626098
005f4346	None	00626058	46435f0000	1	00626058
005f4380	20	00626020	80435f0000	1	00626020
005f43be	None	00625fe0	be435f0000	1	00625fe0
005f43f8	20	00625fa8	f8435f0000	1	00625fa8
005f4436	None	00625f68	36445f0000	1	00625f68
005f4470	20	00625f30	70445f0000	1	00625f30
005f44ae	None	00625ef0	ae445f0000	1	00625ef0
005f44e8	20	00625eb8	e8445f0000	1	00625eb8
005f4526	None	00625e78	26455f0000	1	00625e78
005f4560	20	00625e40	60455f0000	1	00625e40
005f459e	None	00625e00	9e455f0000	1	00625e00
005f45d8	20	00625dc8	d8455f0000	1	00625dc8
005f4616	None	00625d88	16465f0000	1	00625d88
005f4650	20	00625d50	50465f0000	1	00625d50
005f468e	None	00625d10	8e465f0000	1	00625d10
005f46c8	20	00625cd8	c8465f0000	1	00625cd8
005f4706	None	00625c98	06475f0000	1	00625c98
005f4740	20	00625c60	40475f0000	1	00625c60
005f477e	None	00625c20	7e475f0000	1	00625c20
005f47b8	20	00625be8	b8475f0000	1	00625be8
005f47f6	None	00625ba8	f6475f0000	1	00625ba8
005f4830	20	00625b70	30485f0000	1	00625b70
005f486e	None	00625b30	6e485f0000	1	00625b30
005f48a8	20	00625af8	a8485f0000	1	00625af8
005f48e6	None	00625ab8	e6485f0000	1	00625ab8
005f4920	20	00625a80	20495f0000	1	00625a80
005f495e	None	00625a40	5e495f0000	1	00625a40
005f4998	20	00625a08	98495f0000	1	00625a08
005f49d6	None	006259c8	d6495f0000	1	006259c8
005f4a10	20	00625990	104a5f0000	1	00625990
005f4a4e	None	00625950	4e4a5f0000	1	00625950
005f4a88	20	00625918	884a5f0000	1	00625918
005f4ac6	None	006258d8	c64a5f0000	2	006258d8
005f4b00	20	006258a0	004b5f0000	1	006258a0
005f4b3e	None	00625860	3e4b5f0000	1	00625860
005f4b78	20	00625828	784b5f0000	1	00625828
005f4bb6	None	006257e8	b64b5f0000	1	006257e8
005f4bf0	20	006257b0	f04b5f0000	1	006257b0
005f4c2e	None	00625770	2e4c5f0000	1	00625770
005f4c68	20	00625738	684c5f0000	1	00625738
005f4ca6	None	006256f8	a64c5f0000	1	006256f8
005f4ce0	20	006256c0	e04c5f0000	1	006256c0
005f4d1e	None	00625680	1e4d5f0000	1	00625680
005f4d58	20	00625648	584d5f0000	1	00625648
005f4d96	None	00625608	964d5f0000	1	00625608
005f4dd0	20	006255d0	d04d5f0000	1	006255d0
005f4e0e	None	00625590	0e4e5f0000	1	00625590
005f4e48	20	00625558	484e5f0000	1	00625558
005f4e86	None	00625518	864e5f0000	1	00625518
005f4ec0	20	006254e0	c04e5f0000	1	006254e0
005f4efe	None	006254a0	fe4e5f0000	1	006254a0
005f4f38	20	00625468	384f5f0000	1	00625468
005f4f76	None	00625428	764f5f0000	1	00625428
005f4fb0	20	006253f0	b04f5f0000	1	006253f0
005f4fee	None	006253b0	ee4f5f0000	1	006253b0
005f5028	20	00625378	28505f0000	1	00625378
005f5066	None	00625338	66505f0000	1	00625338
005f50a0	20	00625300	a0505f0000	1	00625300
005f50de	None	006252c0	de505f0000	1	006252c0
005f5118	20	00625288	18515f0000	1	00625288
005f5156	None	00625248	56515f0000	1	00625248
005f5190	20	00625210	90515f0000	1	00625210
005f51ce	None	006251d0	ce515f0000	1	006251d0
005f5208	20	00625198	08525f0000	1	00625198
005f5246	None	00625158	46525f0000	1	00625158
005f5280	20	00625120	80525f0000	1	00625120
005f52be	None	006250e0	be525f0000	1	006250e0
005f52f8	20	006250a8	f8525f0000	1	006250a8
005f5336	None	00625068	36535f0000	1	00625068
005f5370	20	00625030	70535f0000	1	00625030
005f53ae	None	00624ff0	ae535f0000	1	00624ff0
005f53e8	20	00624fb8	e8535f0000	1	00624fb8
005f5426	None	00624f78	26545f0000	1	00624f78
005f5460	20	00624f40	60545f0000	1	00624f40
005f549e	None	00624f00	9e545f0000	1	00624f00
005f54d8	20	00624ec8	d8545f0000	1	00624ec8
005f5516	None	00624e88	16555f0000	1	00624e88
005f5550	20	00624e50	50555f0000	1	00624e50
005f558e	None	00624e10	8e555f0000	1	00624e10
005f55c8	20	00624dd8	c8555f0000	1	00624dd8
005f5606	None	00624d98	06565f0000	1	00624d98
005f5640	20	00624d60	40565f0000	1	00624d60
005f567e	None	00624d20	7e565f0000	1	00624d20
005f56b8	20	00624ce8	b8565f0000	1	00624ce8
005f56f6	None	00624ca8	f6565f0000	1	00624ca8
005f5730	20	00624c70	30575f0000	1	00624c70
005f576e	None	00624c30	6e575f0000	1	00624c30
005f57a8	20	00624bf8	a8575f0000	1	00624bf8
005f57e6	None	00624bb8	e6575f0000	1	00624bb8
005f5820	20	00624b80	20585f0000	1	00624b80
005f585e	None	00624b40	5e585f0000	1	00624b40
005f5898	20	00624b08	98585f0000	1	00624b08
005f58d6	None	00624ac8	d6585f0000	1	00624ac8
005f5910	20	00624a90	10595f0000	1	00624a90
005f594e	None	00624a50	4e595f0000	1	00624a50
005f5988	20	00624a18	88595f0000	1	00624a18
005f59c6	None	006249d8	c6595f0000	1	006249d8
005f5a00	20	006249a0	005a5f0000	1	006249a0
005f5a3e	None	00624960	3e5a5f0000	1	00624960
005f5a78	20	00624928	785a5f0000	1	00624928
005f5ab6	None	006248e8	b65a5f0000	1	006248e8
005f5af0	20	006248b0	f05a5f0000	1	006248b0
005f5b2e	None	00624870	2e5b5f0000	1	00624870
005f5b68	20	00624838	685b5f0000	1	00624838
005f5ba6	None	006247f8	a65b5f0000	1	006247f8
005f5be0	20	006247c0	e05b5f0000	1	006247c0
005f5c1e	None	00624780	1e5c5f0000	1	00624780
005f5c58	20	00624748	585c5f0000	1	00624748
005f5c96	None	00624708	965c5f0000	1	00624708
005f5cd0	20	006246d0	d05c5f0000	1	006246d0
005f5d0e	None	00624690	0e5d5f0000	1	00624690
005f5d48	20	00624658	485d5f0000	1	00624658
005f5d86	None	00624618	865d5f0000	1	00624618
005f5dc0	20	006245e0	c05d5f0000	1	006245e0
005f5dfe	None	006245a0	fe5d5f0000	1	006245a0
005f5e38	20	00624568	385e5f0000	1	00624568
005f5e76	None	00624528	765e5f0000	1	00624528
005f5eb0	20	006244f0	b05e5f0000	1	006244f0
005f5eee	None	006244b0	ee5e5f0000	1	006244b0
005f5f28	20	00624478	285f5f0000	1	00624478
005f5f66	None	00624438	665f5f0000	1	00624438
005f5fa0	20	00624400	a05f5f0000	1	00624400
005f5fde	None	006243c0	de5f5f0000	1	006243c0
005f6018	20	00624388	18605f0000	1	00624388
005f6056	None	00624348	56605f0000	1	00624348
005f6090	20	00624310	90605f0000	1	00624310
005f60ce	None	006242d0	ce605f0000	1	006242d0
005f6108	20	00624298	08615f0000	1	00624298
005f6146	None	00624258	46615f0000	1	00624258
005f6180	20	00624220	80615f0000	1	00624220
005f61be	None	006241e0	be615f0000	1	006241e0
005f61f8	20	006241a8	f8615f0000	1	006241a8
005f6236	None	00624168	36625f0000	1	00624168
005f6270	20	00624130	70625f0000	1	00624130
005f62ae	None	006240f0	ae625f0000	1	006240f0
005f62e8	20	006240b8	e8625f0000	1	006240b8
005f6326	None	00624078	26635f0000	1	00624078
005f6360	20	00624040	60635f0000	1	00624040
005f639e	None	00624000	9e635f0000	1	00624000
005f63d8	20	00623fc8	d8635f0000	1	00623fc8
005f6416	None	00623f88	16645f0000	1	00623f88
005f6450	20	00623f50	50645f0000	1	00623f50
005f648e	None	00623f10	8e645f0000	1	00623f10
005f64c8	20	00623ed8	c8645f0000	1	00623ed8
005f6506	None	00623e98	06655f0000	1	00623e98
005f6540	20	00623e60	40655f0000	1	00623e60
005f657e	None	00623e20	7e655f0000	1	00623e20
005f65b8	20	00623de8	b8655f0000	1	00623de8
005f65f6	None	00623da8	f6655f0000	1	00623da8
005f6630	20	00623d70	30665f0000	1	00623d70
005f666e	None	00623d30	6e665f0000	1	00623d30
005f66a8	20	00623cf8	a8665f0000	1	00623cf8
005f66e6	None	00623cb8	e6665f0000	1	00623cb8
005f6720	20	00623c80	20675f0000	1	00623c80
005f675e	None	00623c40	5e675f0000	1	00623c40
005f6761	None	002f8406	61675f0000	2	002f8406
005f6798	20	00623c08	98675f0000	1	00623c08
005f67d6	None	00623bc8	d6675f0000	1	00623bc8
005f6810	20	00623b90	10685f0000	1	00623b90
005f684e	None	00623b50	4e685f0000	1	00623b50
005f6888	20	00623b18	88685f0000	1	00623b18
005f68c6	None	00623ad8	c6685f0000	1	00623ad8
005f6900	20	00623aa0	00695f0000	1	00623aa0
005f693e	None	00623a60	3e695f0000	1	00623a60
005f6978	20	00623a28	78695f0000	1	00623a28
005f69b6	None	006239e8	b6695f0000	1	006239e8
005f69f0	20	006239b0	f0695f0000	1	006239b0
005f6a2e	None	00623970	2e6a5f0000	1	00623970
005f6a68	20	00623938	686a5f0000	1	00623938
005f6b22	None	0062387c	226b5f0000	1	0062387c
005f6b5c	20	00623844	5c6b5f0000	1	00623844
005f6b9a	None	00623804	9a6b5f0000	1	00623804
005f6bd4	20	006237cc	d46b5f0000	1	006237cc
005f6c12	None	0062378c	126c5f0000	1	0062378c
005f6c4c	20	00623754	4c6c5f0000	1	00623754
005f6c8a	None	00623714	8a6c5f0000	1	00623714
005f6cc4	20	006236dc	c46c5f0000	1	006236dc
005f6d02	None	0062369c	026d5f0000	1	0062369c
005f6d3c	20	00623664	3c6d5f0000	1	00623664
005f6d7a	None	00623624	7a6d5f0000	1	00623624
005f6db4	20	006235ec	b46d5f0000	1	006235ec
005f6eea	None	006234b0	ea6e5f0000	1	006234b0
005f6f2a	None	00623470	2a6f5f0000	1	00623470
005f6f6a	None	00623430	6a6f5f0000	1	00623430
005f6f96	None	00623404	966f5f0000	1	00623404
005f7748	None	002e2b3c	48775f0000	1	002e2b3c
005f77c4	None	002e2ac4	c4775f0000	1	002e2ac4
005f7844	None	002e2a3c	44785f0000	1	002e2a3c
005f78c4	None	002e29c4	c4785f0000	1	002e29c4
005f7946	None	002e2934	46795f0000	1	002e2934
005f98de	None	002e09a8	de985f0000	1	002e09a8
005f9968	None	002e090c	68995f0000	1	002e090c
005fb9b8	None	002de8cc	b8b95f0000	1	002de8cc
005fd920	None	002dc954	20d95f0000	1	002dc954
005ffac2	None	002da7b0	c2fa5f0000	1	002da7b0
005ffb68	None	002da70c	68fb5f0000	1	002da70c
00607b14	None	002d2770	147b600000	1	002d2770
00607ba2	None	002d26dc	a27b600000	1	002d26dc
00607c3c	None	002d2638	3c7c600000	1	002d2638
00607cd8	None	002d259c	d87c600000	1	002d259c
00608012	None	00837dce	1280600000	2	00837dce
0060802a	None	00837dce	2a80600000	1	00837dce
0060d6fb	1	002d1de8	fbd6600000	1	002d1de8
0061003c	1	00468a74	3c00610000	3	00468a74	INCONSISTENT
00618f2c	None	00465614	2c8f610000	1	00465614
0061a270	None	004642d4	70a2610000	1	004642d4
00628dfe	1	002b2972	fe8d620000	1	002b2972
00628f6e	None	002b2972	6e8f620000	1	002b2972
0062aa6d	1	002b4a00	6daa620000	1	002b4a00
0062ad42	1	002b0b88	42ad620000	1	002b0b88
0062af29	1	002b155c	29af620000	1	002b155c
0062dab4	1	002ade70	b4da620000	1	002ade70
0062e13d	1	002ae2e0	3de1620000	1	002ae2e0
0062f0e4	1	002b0044	e4f0620000	2	002b0044	INCONSISTENT
0062f296	1	002afe6c	96f2620000	2	002afe6c	INCONSISTENT
0062f386	1	002afd74	86f3620000	1	002afd74
00631124	1	002adf78	2411630000	2	002adf78	INCONSISTENT
0063115a	1	002adf78	5a11630000	1	002adf78
0063117e	None	002adf78	7e11630000	2	002adf78
006365fe	1	002a8b20	fe65630000	1	002a8b20
00636ddd	1	002a4a48	dd6d630000	1	002a4a48
00636deb	1	002a4a48	eb6d630000	1	002a4a48
00636e4b	1	002a4a48	4b6e630000	1	002a4a48
00636e59	1	002a4a48	596e630000	1	002a4a48
00638092	None	005e230c	9280630000	1	005e230c
00638320	1	002a6fc8	2083630000	1	002a6fc8
0063834f	1	002a6fc8	4f83630000	1	002a6fc8
00638772	1	002a692e	7287630000	1	002a692e
006387d0	1	002a692e	d087630000	1	002a692e
00639b28	1	002a5510	289b630000	1	002a5510
00639bb6	1	002a5510	b69b630000	1	002a5510
00639cb2	1	002a5510	b29c630000	1	002a5510
0063aa29	1	002a46f4	29aa630000	1	002a46f4
0063aa32	1	002a46f4	32aa630000	1	002a46f4
0063aa35	None	002a46f4	35aa630000	2	002a46f4
0063aa37	1	002a46f4	37aa630000	2	002a46f4	INCONSISTENT
0063ac8b	1	002a4518	8bac630000	2	002a4518	INCONSISTENT
0063bdee	None	005de5b0	eebd630000	1	005de5b0
0063c68a	None	005dcfdc	8ac6630000	1	005dcfdc
0063d742	None	005dcc4c	42d7630000	1	005dcc4c
0063e002	None	005dc054	02e0630000	1	005dc054
0063e117	0	002a097c	17e1630000	1	002a097c
0063e5fd	1	002a0b74	fde5630000	1	002a0b74
0063e76a	1	002a097c	6ae7630000	1	002a097c
0063e7ac	0	002a097c	ace7630000	2	002a097c	INCONSISTENT
0063f924	None	005da9f6	24f9630000	1	005da9f6
00641324	None	005d9074	2413640000	1	005d9074
00641984	None	005d8a20	8419640000	1	005d8a20
006449da	None	005d59c4	da49640000	1	005d59c4
00645bba	None	005d47e4	ba5b640000	1	005d47e4
00645dbe	None	005d45e0	be5d640000	1	005d45e0
00645e9c	None	005d44fc	9c5e640000	2	005d44fc
00646294	1	00298e50	9462640000	2	00298e50	INCONSISTENT
006468a6	1	002987d0	a668640000	1	002987d0
006482da	None	005d20c2	da82640000	1	005d20c2
00648cae	None	005d16f0	ae8c640000	1	005d16f0
00648f5a	None	005d1444	5a8f640000	1	005d1444
006492e2	None	005d10bc	e292640000	1	005d10bc
00649b3c	0	005d0840	3c9b640000	1	005d0840
0064af74	None	007a8f8e	74af640000	2	007a8f8e
0064af8c	None	007a8f8e	8caf640000	1	007a8f8e
0064b86e	1	00293880	6eb8640000	1	00293880
0064c794	None	007f3252	94c7640000	2	007f3252
0064c7ac	None	007f3252	acc7640000	1	007f3252
0064d146	None	005cd258	46d1640000	1	005cd258
0064d1c6	None	005cd1d8	c6d1640000	1	005cd1d8
0064edf6	None	005cb5a8	f6ed640000	1	005cb5a8
0064f5ce	None	005cad34	cef5640000	1	005cad34
0064f64a	None	005cad34	4af6640000	1	005cad34
006504c2	None	005c9edc	c204650000	1	005c9edc
00652a5e	None	007a145a	5e2a650000	2	007a145a
00652a76	None	007a145a	762a650000	1	007a145a
00659e2e	None	005c0570	2e9e650000	1	005c0570
0065a282	None	005c011c	82a2650000	1	005c011c
0065b91a	None	005bea84	1ab9650000	1	005bea84
0065c5f6	None	005bdda8	f6c5650000	1	005bdda8
0065c81a	None	005bdb84	1ac8650000	1	005bdb84
0065cb96	None	005bd808	96cb650000	1	005bd808
0065ce36	None	005bd568	36ce650000	1	005bd568
0065cfda	None	005bd3c4	dacf650000	1	005bd3c4
0065d622	None	005bcd7c	22d6650000	1	005bcd7c
0065daee	None	005bc8b0	eeda650000	1	005bc8b0
0065dbf2	None	005bc7ac	f2db650000	1	005bc7ac
0065dd12	None	005bc68c	12dd650000	1	005bc68c
0065e618	None	005bbd7c	18e6650000	1	005bbd7c
0065f3f6	None	005bafa8	f6f3650000	1	005bafa8
0065fb56	None	005ba848	56fb650000	1	005ba848
0065fbd6	None	005ba7c8	d6fb650000	1	005ba7c8
0066002a	None	005ba374	2a00660000	1	005ba374
00660382	None	005ba01c	8203660000	1	005ba01c
00660f26	None	005b9478	260f660000	1	005b9478
006611b6	None	005b91e8	b611660000	1	005b91e8
00665732	None	005b4c6c	3257660000	1	005b4c6c
0067801a	None	005a2384	1a80670000	1	005a2384
00678392	None	005a200c	9283670000	1	005a200c
006793ee	None	005a0fb0	ee93670000	1	005a0fb0
00679552	None	005a0e4c	5295670000	1	005a0e4c
00679c92	None	005a070c	929c670000	1	005a070c
0067a5ee	None	0059fdb0	eea5670000	1	0059fdb0
0067c482	None	0059df1c	82c4670000	1	0059df1c
0067d754	None	0025cb14	54d7670000	1	0025cb14
0067d80c	None	0025ca60	0cd8670000	1	0025ca60
0067d902	None	0025c904	02d9670000	1	0025c904
0067d9f6	None	0025c890	f6d9670000	1	0025c890
0067dada	None	0025c720	dada670000	1	0025c720
0067dc50	None	0025c5a4	50dc670000	1	0025c5a4
0067ddce	None	0025c41c	cedd670000	1	0025c41c
0067df54	None	0025c2a0	54df670000	1	0025c2a0
0067e0b0	None	0025c174	b0e0670000	1	0025c174
0067e1e6	None	0025c02c	e6e1670000	1	0025c02c
0067e32e	None	0025bee4	2ee3670000	1	0025bee4
0067e47e	None	0025bd88	7ee4670000	1	0025bd88
0067e5d8	None	0025bc34	d8e5670000	1	0025bc34
0067e6ce	None	0025bbb8	cee6670000	1	0025bbb8
0067e742	None	0025bb44	42e7670000	1	0025bb44
0067e80c	None	0025ba18	0ce8670000	1	0025ba18
0067e902	None	0025b970	02e9670000	1	0025b970
0067e916	None	0059ba88	16e9670000	1	0059ba88
0067e9b0	None	0025b8bc	b0e9670000	1	0025b8bc
0067ea54	None	0025b830	54ea670000	1	0025b830
0067ead0	None	0025b7b8	d0ea670000	1	0025b7b8
0067eb62	None	0025b710	62eb670000	1	0025b710
0067ec02	None	0025b67c	02ec670000	1	0025b67c
0067ec94	None	0025b5f0	94ec670000	1	0025b5f0
0067ed0a	None	0025b57c	0aed670000	1	0025b57c
0067ef7a	None	0059b424	7aef670000	1	0059b424
0067f26e	None	0059b128	6ef2670000	1	0059b128
0067f2ca	None	0059b0cc	caf2670000	1	0059b0cc
0067f326	None	0059b070	26f3670000	1	0059b070
0067f382	None	0059b014	82f3670000	1	0059b014
0067f590	None	0059ae08	90f5670000	1	0059ae08
00680fa8	None	005993e8	a80f680000	1	005993e8
00680ff4	None	0059939c	f40f680000	1	0059939c
00682cd2	None	005976cc	d22c680000	1	005976cc
00682e8a	None	00597514	8a2e680000	1	00597514
00684ca6	None	005956f8	a64c680000	1	005956f8
00685504	None	00594920	0455680000	1	00594920
00685c22	None	00254664	225c680000	1	00254664
0068a47e	None	0058ff20	7ea4680000	1	0058ff20
0068a886	None	0058fb18	86a8680000	1	0058fb18
0068aa4e	None	0058f950	4eaa680000	1	0058f950
0068ac42	None	0058f75c	42ac680000	1	0058f75c
0068b6ca	None	0058ecd4	cab6680000	1	0058ecd4
0068ba5a	None	0058e944	5aba680000	1	0058e944
0068bbae	None	0058e7f0	aebb680000	1	0058e7f0
0068bd82	None	0058e61c	82bd680000	1	0058e61c
0068d538	1	0025068c	38d5680000	1	0025068c
006950aa	None	002451dc	aa50690000	1	002451dc
0069512e	None	0024514c	2e51690000	1	0024514c
006951de	None	0024507c	de51690000	1	0024507c
0069529e	None	00244fd0	9e52690000	1	00244fd0
0069536a	None	00244ed8	6a53690000	1	00244ed8
00695468	None	00244dd4	6854690000	1	00244dd4
0069555c	None	00244cf8	5c55690000	1	00244cf8
00695642	None	00244c00	4256690000	1	00244c00
00695738	None	00244b10	3857690000	1	00244b10
00695818	None	00244a44	1858690000	1	00244a44
00695906	None	00244924	0659690000	1	00244924
006959e4	None	0024489c	e459690000	1	0024489c
00695a66	None	00244820	665a690000	1	00244820
00695b20	None	0024471c	205b690000	1	0024471c
00695c04	None	00244664	045c690000	1	00244664
00695cce	None	00244580	ce5c690000	1	00244580
00695d90	None	002444f4	905d690000	1	002444f4
00695e1c	None	00244468	1c5e690000	1	00244468
00695ea8	None	002443dc	a85e690000	1	002443dc
00695f3c	None	00244338	3c5f690000	1	00244338
0069aba6	None	0023f6e0	a6ab690000	1	0023f6e0
0069ac22	None	0023f664	22ac690000	1	0023f664
0069acae	None	0023f5c0	aeac690000	1	0023f5c0
0069ad50	None	0023f534	50ad690000	1	0023f534
0069adc6	None	0023f4c0	c6ad690000	1	0023f4c0
0069bcf0	None	0023e56c	f0bc690000	1	0023e56c
0069d892	None	0023c9dc	92d8690000	1	0023c9dc
0069d934	None	0023c950	34d9690000	1	0023c950
006a16cc	None	00238ba8	cc166a0000	1	00238ba8
006a2fcc	None	0023729c	cc2f6a0000	1	0023729c
006a3074	None	00237210	74306a0000	1	00237210
006a39c2	None	002368c4	c2396a0000	1	002368c4
006a6206	1	00236bea	06626a0000	1	00236bea
006a622a	1	00236bea	2a626a0000	1	00236bea
006a624a	None	00236bea	4a626a0000	1	00236bea
006a6682	1	002367e8	82666a0000	1	002367e8
006a8b83	1	00233f38	838b6a0000	1	00233f38
006a8ddb	0	00233f38	db8d6a0000	1	00233f38
006a8fb0	1	00233adc	b08f6a0000	1	00233adc
006a9065	1	00233adc	65906a0000	1	00233adc
006a906b	1	00233adc	6b906a0000	1	00233adc
006a9092	1	00233adc	92906a0000	1	00233adc
006ad31a	None	0022cf60	1ad36a0000	1	0022cf60
006ad3a8	None	0022ced8	a8d36a0000	1	0022ced8
006ad430	None	0022ce50	30d46a0000	1	0022ce50
006ad4b8	None	0022cdc8	b8d46a0000	1	0022cdc8
006ad540	None	0022cd40	40d56a0000	1	0022cd40
006ad5c8	None	0022ccb8	c8d56a0000	1	0022ccb8
006ad650	None	0022cc30	50d66a0000	1	0022cc30
006ad6d8	None	0022cba8	d8d66a0000	1	0022cba8
006ad762	None	0022cb18	62d76a0000	1	0022cb18
006ad7f8	None	0022ca7c	f8d76a0000	1	0022ca7c
006ad884	None	0022ca04	84d86a0000	1	0022ca04
006ad906	None	0022c974	06d96a0000	1	0022c974
006ad996	None	0022c8e4	96d96a0000	1	0022c8e4
006ada2c	None	0022c848	2cda6a0000	1	0022c848
006adac0	None	0022c7c0	c0da6a0000	1	0022c7c0
006adb4a	None	0022c730	4adb6a0000	1	0022c730
006adbd8	None	0022c6a8	d8db6a0000	1	0022c6a8
006adc5a	None	0022c62c	5adc6a0000	1	0022c62c
006adcd6	None	0022c5b0	d6dc6a0000	1	0022c5b0
006add58	None	0022c528	58dd6a0000	1	0022c528
006adde0	None	0022c4a0	e0dd6a0000	1	0022c4a0
006ade62	None	0022c424	62de6a0000	1	0022c424
006aded6	None	0022c3b0	d6de6a0000	1	0022c3b0
006b568c	1	00226e7c	8c566b0000	1	00226e7c
006c39d5	1	00218abc	d5396c0000	1	00218abc
006c98b9	1	00212bc0	b9986c0000	1	00212bc0
006d7010	None	00203264	10706d0000	1	00203264
006d70bc	None	002031b0	bc706d0000	1	002031b0
006d7172	None	002030f0	72716d0000	1	002030f0
006d7220	None	00203064	20726d0000	1	00203064
006d72c6	None	00202f90	c6726d0000	1	00202f90
006d7398	None	00202ec4	98736d0000	1	00202ec4
006d744c	None	00202e38	4c746d0000	1	00202e38
006d74e8	None	00202d84	e8746d0000	1	00202d84
006d7576	None	00202d10	76756d0000	1	00202d10
006d761a	None	00202c3c	1a766d0000	1	00202c3c
006d76d4	None	00202bb0	d4766d0000	1	00202bb0
006d7772	None	00202af0	72776d0000	1	00202af0
006d7842	None	00202a0c	42786d0000	1	00202a0c
006d7904	None	00202980	04796d0000	1	00202980
006d79a2	None	002028c0	a2796d0000	1	002028c0
006d7a6a	None	002027ec	6a7a6d0000	1	002027ec
006d7b24	None	00202760	247b6d0000	1	00202760
006d7bc0	None	002026ac	c07b6d0000	1	002026ac
006d7c76	None	002025ec	767c6d0000	1	002025ec
006d7d2e	None	00202544	2e7d6d0000	1	00202544
006d7de4	None	00202478	e47d6d0000	1	00202478
006d7ea2	None	002023d0	a27e6d0000	1	002023d0
006d7f5a	None	002022fc	5a7f6d0000	1	002022fc
006d8024	None	00202248	24806d0000	1	00202248
006d80e8	None	00202168	e8806d0000	1	00202168
006d81b8	None	002020b4	b8816d0000	1	002020b4
006d827c	None	00201fd4	7c826d0000	1	00201fd4
006d8346	None	00201f2c	46836d0000	1	00201f2c
006d83fe	None	00201e58	fe836d0000	1	00201e58
006d84c0	None	00201db4	c0846d0000	1	00201db4
006d855e	None	00201d20	5e856d0000	1	00201d20
006d8610	None	00201c40	10866d0000	1	00201c40
006d86f2	None	00201b5c	f2866d0000	1	00201b5c
006d87b6	None	00201ac8	b6876d0000	1	00201ac8
006d8852	None	00201a1c	52886d0000	1	00201a1c
006d88fc	None	00201978	fc886d0000	1	00201978
006d89a0	None	002018d4	a0896d0000	1	002018d4
006fc84a	1	001df078	4ac86f0000	1	001df078
006fd19e	1	001de7fa	9ed16f0000	1	001de7fa
006ff1b4	1	001dc76c	b4f16f0000	1	001dc76c
00703ceb	1	001d7b40	eb3c700000	1	001d7b40
00703cf7	1	001d7b40	f73c700000	1	001d7b40
0070cfc2	1	001ce964	c2cf700000	1	001ce964
00712c7b	None	00302a78	7b2c710000	1	00302a78
00712dd3	None	00302a78	d32d710000	1	00302a78
00712df1	None	00302a78	f12d710000	1	00302a78
0071349f	None	003020d8	9f34710000	1	003020d8
0071358b	None	003020d8	8b35710000	1	003020d8
00713597	None	003020d8	9735710000	1	003020d8
007135bf	None	003020d8	bf35710000	1	003020d8
007135d8	None	003020d8	d835710000	1	003020d8
00713611	None	003020d8	1136710000	1	003020d8
0071363b	None	003020d8	3b36710000	1	003020d8
007136ff	None	003020d8	ff36710000	1	003020d8
0071374d	None	003020d8	4d37710000	1	003020d8
00714ef2	None	006de17c	f24e710000	2	006de17c
00714fa2	0	006de17c	a24f710000	1	006de17c
00714faa	0	006de17c	aa4f710000	1	006de17c
00714fd8	0	006de17c	d84f710000	1	006de17c
00714ff0	0	006de17c	f04f710000	1	006de17c
00715036	0	006de17c	3650710000	1	006de17c
00715042	0	006de17c	4250710000	1	006de17c
00715048	0	006de17c	4850710000	1	006de17c
0071506c	0	006de17c	6c50710000	1	006de17c
00715096	None	006de17c	9650710000	1	006de17c
007150b2	None	006de17c	b250710000	1	006de17c
0072db54	None	001ac720	54db720000	1	001ac720
0072dbf8	None	001ac67c	f8db720000	1	001ac67c
0072dc9c	None	001ac5d8	9cdc720000	1	001ac5d8
0072dd22	None	001ac564	22dd720000	1	001ac564
0072ddc4	None	001ac49c	c4dd720000	1	001ac49c
0072de8e	None	001ac3cc	8ede720000	1	001ac3cc
0072df4c	None	001ac328	4cdf720000	1	001ac328
0072dff8	None	001ac274	f8df720000	1	001ac274
0072e0be	None	001ac190	bee0720000	1	001ac190
0072e19a	None	001ac0c0	9ae1720000	1	001ac0c0
0072e26a	None	001abff0	6ae2720000	1	001abff0
0072e370	None	001abe98	70e3720000	1	001abe98
0072e4c2	None	001abd50	c2e4720000	1	001abd50
0072e610	None	001abbf8	10e6720000	1	001abbf8
0072e76a	None	001aba9c	6ae7720000	1	001aba9c
0072e8cc	None	001ab930	cce8720000	1	001ab930
0072ea12	None	001ab824	12ea720000	1	001ab824
0072eb16	None	001ab728	16eb720000	1	001ab728
0072ec2a	None	001ab5f4	2aec720000	1	001ab5f4
0072eca8	None	006c434a	a8ec720000	1	006c434a
0072ed24	None	001ab550	24ed720000	1	001ab550
0072edf8	None	001ab438	f8ed720000	1	001ab438
0072ee0a	None	006c434a	0aee720000	2	006c434a
0072ee28	None	006c434a	28ee720000	1	006c434a
0072ef1a	None	001ab304	1aef720000	1	001ab304
0072f054	None	001ab1c4	54f0720000	1	001ab1c4
0072f154	None	001ab120	54f1720000	1	001ab120
0072f23a	None	001aafd8	3af2720000	1	001aafd8
0072f342	None	001aaf30	42f3720000	1	001aaf30
0072f3f8	None	001aae68	f8f3720000	1	001aae68
0072f4c0	None	001aada0	c0f4720000	1	001aada0
0072f56a	None	001aad10	6af5720000	1	001aad10
0072f5f2	None	001aac94	f2f5720000	1	001aac94
0072f676	None	001aac04	76f6720000	1	001aac04
0072f704	None	001aab7c	04f7720000	1	001aab7c
0072f78e	None	001aaaec	8ef7720000	1	001aaaec
0072f80e	None	001aaa78	0ef8720000	1	001aaa78
0072f88a	None	001aa9fc	8af8720000	1	001aa9fc
00739db8	1	001a26dc	b89d730000	1	001a26dc
00739e20	1	001a2674	209e730000	1	001a2674
0073b5b9	1	0019ef50	b9b5730000	1	0019ef50
007425c8	None	00197c94	c825740000	1	00197c94
0074268c	None	00197bd0	8c26740000	1	00197bd0
00742740	None	00197b44	4027740000	1	00197b44
007427cc	None	00197ab8	cc27740000	1	00197ab8
00743288	None	00197224	8832740000	2	00197224
007449ba	0	006a16b8	ba49740000	2	006a16b8	INCONSISTENT
007449d4	0	006a16b8	d449740000	1	006a16b8
00744fc6	None	001952b8	c64f740000	1	001952b8
00746d7e	None	0019363c	7e6d740000	1	0019363c
00749e30	None	00190454	309e740000	1	00190454
00749ebc	None	001903c8	bc9e740000	1	001903c8
00749f48	None	0019033c	489f740000	1	0019033c
00749fd4	None	001902b0	d49f740000	1	001902b0
0074a060	None	00190224	60a0740000	1	00190224
0074a0ee	None	00190190	eea0740000	1	00190190
0074a178	None	00190108	78a1740000	1	00190108
0074a1f2	None	00190094	f2a1740000	1	00190094
0074a276	None	00190004	76a2740000	1	00190004
0074a2fe	None	0018ff88	fea2740000	1	0018ff88
0074a388	None	0018feec	88a3740000	1	0018feec
0074a41e	None	0018fe5c	1ea4740000	1	0018fe5c
0074a4a6	None	0018fde0	a6a4740000	1	0018fde0
0074a560	None	0018fd20	60a5740000	1	0018fd20
0074a5da	None	0018fcac	daa5740000	1	0018fcac
0074a68e	None	0018fbf8	8ea6740000	1	0018fbf8
0074a70a	None	0018fb7c	0aa7740000	1	0018fb7c
00756cae	None	00684fce	ae6c750000	2	00684fce
00756ccc	None	00684fce	cc6c750000	1	00684fce
00756cd8	None	00684fce	d86c750000	1	00684fce
0075ede4	None	00694042	e4ed750000	1	00694042
0077c19e	None	0049e200	9ec1770000	1	0049e200
0077d0de	1	0049d1f8	ded0770000	1	0049d1f8
0077d166	1	0049d1f8	66d1770000	1	0049d1f8
0077d2ae	None	0049d0f0	aed2770000	1	0049d0f0
0078051a	None	00499e84	1a05780000	1	00499e84
00780a82	None	0049991c	820a780000	1	0049991c
0078105a	None	00499328	5a10780000	1	00499328
0078133e	None	00498fb6	3e13780000	2	00498fb6
007842c4	None	00496030	c442780000	1	00496030
007845b0	None	004946a2	b045780000	1	004946a2
0078833e	None	00492060	3e83780000	1	00492060
0078991a	None	00490a84	1a99780000	1	00490a84
0078a02e	None	00490370	2ea0780000	1	00490370
0078a452	None	0048ff4c	52a4780000	1	0048ff4c
0078a982	None	0048fa1c	82a9780000	1	0048fa1c
0078ada6	None	0048f5f8	a6ad780000	1	0048f5f8
0078b672	None	0048ed2c	72b6780000	1	0048ed2c
0078c6da	None	0048dcc4	dac6780000	1	0048dcc4
0078cc22	None	0048d77c	22cc780000	1	0048d77c
0078d272	None	0048d12c	72d2780000	1	0048d12c
0078d98e	None	0048ca10	8ed9780000	1	0048ca10
0078e27a	None	0048c124	7ae2780000	1	0048c124
0078ef96	None	0048b408	96ef780000	1	0048b408
0078f412	None	0048af8c	12f4780000	1	0048af8c
0078fd68	None	0048a522	68fd780000	1	0048a522
0079a648	None	0047fd30	48a6790000	1	0047fd30
0079a906	None	0047fa98	06a9790000	1	0047fa98
0079aa8a	None	0047f914	8aaa790000	1	0047f914
0079b39a	0	0063fe98	9ab3790000	1	0063fe98
0079b42c	None	0063fe98	2cb4790000	1	0063fe98
0079b44c	None	0063fe98	4cb4790000	1	0063fe98
0079b458	None	0063fe98	58b4790000	1	0063fe98
0079b46c	None	0063fe98	6cb4790000	1	0063fe98
0079b47c	None	0063fe98	7cb4790000	1	0063fe98
0079d0d6	None	0047d2c8	d6d0790000	1	0047d2c8
0079d19e	None	0047d200	9ed1790000	1	0047d200
0079d3b2	None	0047cfec	b2d3790000	1	0047cfec
0079dc3a	None	0047c764	3adc790000	1	0047c764
0079dea2	None	0047c4fc	a2de790000	1	0047c4fc
0079e022	None	0047c37c	22e0790000	1	0047c37c
0079e2e6	None	0047c0b8	e6e2790000	1	0047c0b8
007b0e8e	None	00469510	8e0e7b0000	1	00469510
007b207c	None	00468318	7c207b0000	1	00468318
007b232a	None	00468074	2a237b0000	1	00468074
007b87d6	None	00461bc8	d6877b0000	1	00461bc8
007b891a	None	00461a80	1a897b0000	1	00461a80
007b8cd2	None	004616cc	d28c7b0000	1	004616cc
007b8eba	None	004614e4	ba8e7b0000	1	004614e4
007bac16	2	0045f750	16ac7b0000	1	0045f750
007bad82	None	0045f61c	82ad7b0000	1	0045f61c
007baf6e	None	0045f430	6eaf7b0000	1	0045f430
007bb176	None	0045f228	76b17b0000	1	0045f228
007bb452	None	0045ef4c	52b47b0000	1	0045ef4c
007bd14a	None	0045d254	4ad17b0000	1	0045d254
007bedc2	None	0045b5dc	c2ed7b0000	1	0045b5dc
007bf92e	None	0045aa70	2ef97b0000	1	0045aa70
007c0052	None	0045a34c	52007c0000	1	0045a34c
007d5122	None	004451fa	22517d0000	1	004451fa
007d5cfa	None	004446a4	fa5c7d0000	1	004446a4
007d64aa	None	00443ef4	aa647d0000	1	00443ef4
007d674a	None	00443c54	4a677d0000	1	00443c54
007d67fe	None	00443ba0	fe677d0000	1	00443ba0
007d8336	None	00442068	36837d0000	1	00442068
007d85e2	None	00441dbc	e2857d0000	1	00441dbc
007d8662	None	00441d3c	62867d0000	1	00441d3c
007d8dfe	None	004415a0	fe8d7d0000	1	004415a0
007d8f5e	None	00441440	5e8f7d0000	1	00441440
007d9d5e	None	00440640	5e9d7d0000	1	00440640
007d9dee	None	004405b0	ee9d7d0000	1	004405b0
007db086	None	0043f318	86b07d0000	1	0043f318
007db5ae	None	0043edf0	aeb57d0000	1	0043edf0
007db928	None	0043ea72	28b97d0000	1	0043ea72
007dba28	None	0043e968	28ba7d0000	1	0043e968
007e3942	None	00436a5c	42397e0000	1	00436a5c
007e3a6a	None	00436934	6a3a7e0000	1	00436934
007e5d76	None	00434628	765d7e0000	1	00434628
007e62fa	26	0043406a	fa627e0000	2	0043406a	INCONSISTENT
007e63f6	None	00433fa8	f6637e0000	1	00433fa8
007e687a	None	00433b24	7a687e0000	1	00433b24
007e77be	None	00432be0	be777e0000	1	00432be0
007e798e	None	00432a10	8e797e0000	1	00432a10
007e888a	None	00431b12	8a887e0000	1	00431b12
007e9b2a	None	00430874	2a9b7e0000	1	00430874
007e9fe8	None	004303b4	e89f7e0000	1	004303b4
007ea038	None	00430364	38a07e0000	1	00430364
007ea086	None	00430314	86a07e0000	1	00430314
007ea0bc	None	004302e0	bca07e0000	1	004302e0
007ea596	None	0042fe08	96a57e0000	1	0042fe08
007eaa08	None	0042f994	08aa7e0000	1	0042f994
007eaa2e	None	0042f970	2eaa7e0000	1	0042f970
007eacfa	None	0042f6a4	faac7e0000	1	0042f6a4
007eb786	None	0042ec18	86b77e0000	1	0042ec18
007eb806	None	0042eb98	06b87e0000	1	0042eb98
007eb97e	None	0042ea20	7eb97e0000	1	0042ea20
007ebb76	None	0042e828	76bb7e0000	1	0042e828
007f1824	None	005d97ca	24187f0000	1	005d97ca
007f1b22	None	0042887c	221b7f0000	1	0042887c
007f1c42	None	0042875c	421c7f0000	1	0042875c
007f1cd6	None	004286c8	d61c7f0000	1	004286c8
007f25ba	None	005d97ca	ba257f0000	2	005d97ca
007f25d8	None	005d97ca	d8257f0000	1	005d97ca
007f3822	None	00426b7c	22387f0000	1	00426b7c
007f449e	None	00425f00	9e447f0000	1	00425f00
007f44c2	None	00425edc	c2447f0000	1	00425edc
007f44e6	None	00425eb8	e6447f0000	1	00425eb8
007f450a	None	00425e94	0a457f0000	1	00425e94
007f452e	None	00425e70	2e457f0000	1	00425e70
007f4552	None	00425e4c	52457f0000	1	00425e4c
007f4576	None	00425e28	76457f0000	1	00425e28
007f459a	None	00425e04	9a457f0000	1	00425e04
007f45be	None	00425de0	be457f0000	1	00425de0
007f45e2	None	00425dbc	e2457f0000	1	00425dbc
007f4606	None	00425d98	06467f0000	1	00425d98
007f462a	None	00425d74	2a467f0000	1	00425d74
007f464e	None	00425d50	4e467f0000	1	00425d50
007f4672	None	00425d2c	72467f0000	1	00425d2c
007f4fae	None	004253f0	ae4f7f0000	1	004253f0
007f5226	None	00425178	26527f0000	1	00425178
007f57fa	0	00424b40	fa577f0000	1	00424b40
007f60c4	None	005d4e56	c4607f0000	1	005d4e56
007f610a	76	005d4d8c	0a617f0000	1	005d4d8c
007f659a	None	00423e04	9a657f0000	1	00423e04
007f72ce	None	004230d0	ce727f0000	1	004230d0
007f7592	None	005e41fe	92757f0000	2	005e41fe
007f75b0	None	005e41fe	b0757f0000	1	005e41fe
007f75b4	None	005e41fe	b4757f0000	1	005e41fe
007f862e	None	00421d70	2e867f0000	1	00421d70
007f8dba	None	004215e4	ba8d7f0000	1	004215e4
007f93da	None	00420fc4	da937f0000	1	00420fc4
007f951a	None	00420e84	1a957f0000	1	00420e84
007fa93e	None	0041fa60	3ea97f0000	1	0041fa60
007fb2be	None	0041f0e0	beb27f0000	1	0041f0e0
007fb2e2	None	0041f0bc	e2b27f0000	1	0041f0bc
007fb306	None	0041f098	06b37f0000	1	0041f098
007fb32a	None	0041f074	2ab37f0000	1	0041f074
007fb34e	None	0041f050	4eb37f0000	1	0041f050
007fb372	None	0041f02c	72b37f0000	1	0041f02c
007fb396	None	0041f008	96b37f0000	1	0041f008
007fb3ba	None	0041efe4	bab37f0000	1	0041efe4
007fb3de	None	0041efc0	deb37f0000	1	0041efc0
007fb402	None	0041ef9c	02b47f0000	1	0041ef9c
007fb426	None	0041ef78	26b47f0000	1	0041ef78
007fb44a	None	0041ef54	4ab47f0000	1	0041ef54
007fb46e	None	0041ef30	6eb47f0000	1	0041ef30
007fb492	None	0041ef0c	92b47f0000	1	0041ef0c
007fb4b6	None	0041eee8	b6b47f0000	1	0041eee8
007fb4da	None	0041eec4	dab47f0000	1	0041eec4
007fb4fe	None	0041eea0	feb47f0000	1	0041eea0
007fb522	None	0041ee7c	22b57f0000	1	0041ee7c
007fb546	None	0041ee58	46b57f0000	1	0041ee58
007fb56a	None	0041ee34	6ab57f0000	1	0041ee34
007fb58e	None	0041ee10	8eb57f0000	1	0041ee10
007fb5b2	None	0041edec	b2b57f0000	1	0041edec
007fb5d6	None	0041edc8	d6b57f0000	1	0041edc8
007fb5fa	None	0041eda4	fab57f0000	1	0041eda4
007fc34a	None	0041e054	4ac37f0000	1	0041e054
007fc36e	None	0041e030	6ec37f0000	1	0041e030
007fc392	None	0041e00c	92c37f0000	1	0041e00c
007fc3b6	None	0041dfe8	b6c37f0000	1	0041dfe8
007fc3da	None	0041dfc4	dac37f0000	1	0041dfc4
007fc3fe	None	0041dfa0	fec37f0000	1	0041dfa0
007fc422	None	0041df7c	22c47f0000	1	0041df7c
007fc446	None	0041df58	46c47f0000	1	0041df58
007fc9de	None	0041d9c0	dec97f0000	1	0041d9c0
007fced6	None	0041d4c8	d6ce7f0000	1	0041d4c8
007fcefa	None	0041d4a4	face7f0000	1	0041d4a4
007fcf1e	None	0041d480	1ecf7f0000	1	0041d480
007fcf46	None	0041d458	46cf7f0000	1	0041d458
007fcf6a	None	0041d434	6acf7f0000	1	0041d434
007fcf8e	None	0041d410	8ecf7f0000	1	0041d410
007fcfb2	None	0041d3ec	b2cf7f0000	1	0041d3ec
007fcfd6	None	0041d3c8	d6cf7f0000	1	0041d3c8
007fcffa	None	0041d3a4	facf7f0000	1	0041d3a4
007fd01e	None	0041d380	1ed07f0000	1	0041d380
007fd042	None	0041d35c	42d07f0000	1	0041d35c
007fd066	None	0041d338	66d07f0000	1	0041d338
007fd08a	None	0041d314	8ad07f0000	1	0041d314
007fd0ae	None	0041d2f0	aed07f0000	1	0041d2f0
007fd0d2	None	0041d2cc	d2d07f0000	1	0041d2cc
007fd0f6	None	0041d2a8	f6d07f0000	1	0041d2a8
007fd11a	None	0041d284	1ad17f0000	1	0041d284
007fd142	None	0041d25c	42d17f0000	1	0041d25c
007fd166	None	0041d238	66d17f0000	1	0041d238
007fd18a	None	0041d214	8ad17f0000	1	0041d214
007fd97c	None	0041c678	7cd97f0000	1	0041c678
007fe2e6	None	0041c06c	e6e27f0000	1	0041c06c
007fe3c2	None	0041bfa8	c2e37f0000	1	0041bfa8
007ff1ee	None	0041b1b0	eef17f0000	1	0041b1b0
007ff212	None	0041b18c	12f27f0000	1	0041b18c
007ff236	None	0041b168	36f27f0000	1	0041b168
007ff25a	None	0041b144	5af27f0000	1	0041b144
007ff27e	None	0041b120	7ef27f0000	1	0041b120
007ff2a2	None	0041b0fc	a2f27f0000	1	0041b0fc
007ff2c6	None	0041b0d8	c6f27f0000	1	0041b0d8
007ff2ea	None	0041b0b4	eaf27f0000	1	0041b0b4
007ff544	None	0041ae50	44f57f0000	1	0041ae50
0080049a	None	00419f04	9a04800000	1	00419f04
00801caa	None	004186f4	aa1c800000	1	004186f4
00802686	None	00417d18	8626800000	1	00417d18
00802896	None	00417b08	9628800000	1	00417b08
00802a96	None	005c837e	962a800000	2	005c837e
00802ab4	None	005c837e	b42a800000	1	005c837e
00802ac0	None	005c837e	c02a800000	1	005c837e
00802eaa	None	004174f4	aa2e800000	1	004174f4
00803202	None	0041719c	0232800000	1	0041719c
00803656	None	00416d48	5636800000	1	00416d48
00803732	None	00416c6c	3237800000	1	00416c6c
00803882	None	00416b1c	8238800000	1	00416b1c
00803af2	None	004168ac	f23a800000	1	004168ac
008049ee	None	004159b0	ee49800000	1	004159b0
00804a12	None	0041598c	124a800000	1	0041598c
00804a36	None	00415968	364a800000	1	00415968
00804a5a	None	00415944	5a4a800000	1	00415944
00804a7e	None	00415920	7e4a800000	1	00415920
00804aa2	None	004158fc	a24a800000	1	004158fc
00804ac6	None	004158d8	c64a800000	1	004158d8
00804aea	None	004158b4	ea4a800000	1	004158b4
00804b0e	None	00415890	0e4b800000	1	00415890
00804b36	None	00415868	364b800000	1	00415868
00804b5e	None	00415840	5e4b800000	1	00415840
00804b82	None	0041581c	824b800000	1	0041581c
00804ba6	None	004157f8	a64b800000	1	004157f8
00804bca	None	004157d4	ca4b800000	1	004157d4
00804bee	None	004157b0	ee4b800000	1	004157b0
00804c12	None	0041578c	124c800000	1	0041578c
00804c3a	None	00415764	3a4c800000	1	00415764
00804c5e	None	00415740	5e4c800000	1	00415740
00804c82	None	0041571c	824c800000	1	0041571c
00804ca6	None	004156f8	a64c800000	1	004156f8
00804cca	None	004156d4	ca4c800000	1	004156d4
00804cee	None	004156b0	ee4c800000	1	004156b0
00804d12	None	0041568c	124d800000	1	0041568c
00804d36	None	00415668	364d800000	1	00415668
00804d5a	None	00415644	5a4d800000	1	00415644
00804d7e	None	00415620	7e4d800000	1	00415620
00804da2	None	004155fc	a24d800000	1	004155fc
00804dc6	None	004155d8	c64d800000	1	004155d8
00804dea	None	004155b4	ea4d800000	1	004155b4
00804e0e	None	00415590	0e4e800000	1	00415590
00804e32	None	0041556c	324e800000	1	0041556c
00804e56	None	00415548	564e800000	1	00415548
00804e7e	None	00415520	7e4e800000	1	00415520
00804ea2	None	004154fc	a24e800000	1	004154fc
00804ec6	None	004154d8	c64e800000	1	004154d8
00804eea	None	004154b4	ea4e800000	1	004154b4
00804f0e	None	00415490	0e4f800000	1	00415490
00804f32	None	0041546c	324f800000	1	0041546c
00804f56	None	00415448	564f800000	1	00415448
00804f7a	None	00415424	7a4f800000	1	00415424
00804f9e	None	00415400	9e4f800000	1	00415400
00804fc2	None	004153dc	c24f800000	1	004153dc
00804fe6	None	004153b8	e64f800000	1	004153b8
00805456	None	00414f48	5654800000	1	00414f48
0080547a	None	00414f24	7a54800000	1	00414f24
0080549e	None	00414f00	9e54800000	1	00414f00
008054c2	None	00414edc	c254800000	1	00414edc
008054e6	None	00414eb8	e654800000	1	00414eb8
0080568e	None	00414d10	8e56800000	1	00414d10
0080702a	None	00413374	2a70800000	1	00413374
008070c2	None	004132dc	c270800000	1	004132dc
0080711e	None	00413280	1e71800000	1	00413280
00809d98	None	0042b2dc	989d800000	2	0042b2dc
0081187e	None	005b9516	7e18810000	2	005b9516
0081189c	None	005b9516	9c18810000	1	005b9516
008118a8	None	005b9516	a818810000	1	005b9516
008374ae	None	0058e506	ae74830000	2	0058e506
008374cc	None	0058e506	cc74830000	1	0058e506
008374d8	None	0058e506	d874830000	1	0058e506
008e82d2	None	003320a8	d2828e0000	1	003320a8
008ef03a	80	00476f74	3af08e0000	1	00476f74
008f013a	None	005d48bc	3a018f0000	12	005d48bc
008f14aa	None	00328ef4	aa148f0000	1	00328ef4
008f14ce	None	00328ed0	ce148f0000	1	00328ed0
008f14f2	None	00328eac	f2148f0000	1	00328eac
008f1516	None	00328e88	16158f0000	1	00328e88
008f153a	None	00328e64	3a158f0000	1	00328e64
008f155e	None	00328e40	5e158f0000	1	00328e40
008f1582	None	00328e1c	82158f0000	1	00328e1c
008f15a6	None	00328df8	a6158f0000	1	00328df8
008f15ca	None	00328dd4	ca158f0000	1	00328dd4
008f15ee	None	00328db0	ee158f0000	1	00328db0
008f162a	None	00328d74	2a168f0000	1	00328d74
008f1f74	None	003283e8	741f8f0000	1	003283e8
008f5986	None	00324a18	86598f0000	1	00324a18
008f636a	None	00324034	6a638f0000	1	00324034
008f638e	None	00324010	8e638f0000	1	00324010
008f63b2	None	00323fec	b2638f0000	1	00323fec
008f63ee	None	00323fb0	ee638f0000	1	00323fb0
008f7d06	None	00322698	067d8f0000	1	00322698
008f7d2a	None	00322674	2a7d8f0000	1	00322674
008f7d4e	None	00322650	4e7d8f0000	1	00322650
008f7d72	None	0032262c	727d8f0000	1	0032262c
008f7d96	None	00322608	967d8f0000	1	00322608
008f7dba	None	003225e4	ba7d8f0000	1	003225e4
008f7dde	None	003225c0	de7d8f0000	1	003225c0
008f7e1a	None	00322584	1a7e8f0000	1	00322584
008fa9aa	None	0046309e	aaa98f0000	1	0046309e
00918ad0	16	003017d0	d08a910000	1	003017d0
00920572	None	0047e414	7205920000	8	0047e414
00924220	None	00428e48	2042920000	2	00428e48
0092737e	None	002f3020	7e73920000	1	002f3020
009273a2	None	002f2ffc	a273920000	1	002f2ffc
009273c6	None	002f2fd8	c673920000	1	002f2fd8
009273ea	None	002f2fb4	ea73920000	1	002f2fb4
0092740e	None	002f2f90	0e74920000	1	002f2f90
00927432	None	002f2f6c	3274920000	1	002f2f6c
00927456	None	002f2f48	5674920000	1	002f2f48
0092747a	None	002f2f24	7a74920000	1	002f2f24
0092749e	None	002f2f00	9e74920000	1	002f2f00
009274c2	None	002f2edc	c274920000	1	002f2edc
009274e6	None	002f2eb8	e674920000	1	002f2eb8
0092750a	None	002f2e94	0a75920000	1	002f2e94
0092752e	None	002f2e70	2e75920000	1	002f2e70
00927552	None	002f2e4c	5275920000	1	002f2e4c
00927576	None	002f2e28	7675920000	1	002f2e28
0092759a	None	002f2e04	9a75920000	1	002f2e04
009275be	None	002f2de0	be75920000	1	002f2de0
009275e2	None	002f2dbc	e275920000	1	002f2dbc
00927606	None	002f2d98	0676920000	1	002f2d98
0092762a	None	002f2d74	2a76920000	1	002f2d74
009276a0	None	002f2c90	a076920000	1	002f2c90
009355d2	None	002e4d88	d255930000	1	002e4d88
00935932	None	002e4a6c	3259930000	1	002e4a6c
00935956	None	002e4a48	5659930000	1	002e4a48
0093597a	None	002e4a24	7a59930000	1	002e4a24
0093599e	None	002e4a00	9e59930000	1	002e4a00
009359c2	None	002e49dc	c259930000	1	002e49dc
009359e6	None	002e49b8	e659930000	1	002e49b8
00935a0a	None	002e4994	0a5a930000	1	002e4994
00935a46	None	002e4958	465a930000	1	002e4958
00938782	None	002e1c1c	8287930000	1	002e1c1c
009387a6	None	002e1bf8	a687930000	1	002e1bf8
009387ca	None	002e1bd4	ca87930000	1	002e1bd4
009387ee	None	002e1bb0	ee87930000	1	002e1bb0
0093882a	None	002e1b74	2a88930000	1	002e1b74
00939b0a	None	002e0860	0a9b930000	1	002e0860
0093a0c2	None	002e02dc	c2a0930000	1	002e02dc
0093a0e6	None	002e02b8	e6a0930000	1	002e02b8
0093a10a	None	002e0294	0aa1930000	1	002e0294
0093a146	None	002e0258	46a1930000	1	002e0258
0093c346	None	002de058	46c3930000	1	002de058
0093c36a	None	002de034	6ac3930000	1	002de034
0093c38e	None	002de010	8ec3930000	1	002de010
0093c3ca	None	002ddfd4	cac3930000	1	002ddfd4
0093d01a	None	002dd384	1ad0930000	1	002dd384
0093d03e	None	002dd360	3ed0930000	1	002dd360
0093d062	None	002dd33c	62d0930000	1	002dd33c
0093d0aa	None	002dd2f4	aad0930000	1	002dd2f4
0093e4d2	None	002dbecc	d2e4930000	1	002dbecc
0093e4f6	None	002dbea8	f6e4930000	1	002dbea8
0093e51a	None	002dbe84	1ae5930000	1	002dbe84
0093e53e	None	002dbe60	3ee5930000	1	002dbe60
0093e57a	None	002dbe24	7ae5930000	1	002dbe24
00941022	None	002d937c	2210940000	1	002d937c
00941046	None	002d9358	4610940000	1	002d9358
0094106a	None	002d9334	6a10940000	1	002d9334
0094108e	None	002d9310	8e10940000	1	002d9310
009410b2	None	002d92ec	b210940000	1	002d92ec
009410d6	None	002d92c8	d610940000	1	002d92c8
00941112	None	002d928c	1211940000	1	002d928c
00941c4a	None	004816f4	4a1c940000	2	004816f4
00941c78	None	004816f4	781c940000	1	004816f4
009467aa	20	0023be70	aa67940000	1	0023be70
00947382	20	0023b2b8	8273940000	1	0023b2b8
009474be	20	0023b0fe	be74940000	1	0023b0fe
00947e8a	None	002d24be	8a7e940000	1	002d24be
0094b080	None	00477422	80b0940000	1	00477422
0094b13a	None	00477422	3ab1940000	2	00477422
0094b158	None	00477422	58b1940000	1	00477422
00952252	2	002c8088	5222950000	2	002c8088	INCONSISTENT
00952352	2	002c7d80	5223950000	2	002c7d80	INCONSISTENT
00953628	1	002c6cac	2836950000	2	002c6cac	INCONSISTENT
009592f4	0	00468fae	f492950000	1	00468fae
009599ba	1	00468a74	ba99950000	1	00468a74
00959e3e	49	0046853c	3e9e950000	1	0046853c
0096531a	None	0045cdd2	1a53960000	2	0045cdd2
00965360	None	0045cdd2	6053960000	1	0045cdd2
00965364	0	0045cdd2	6453960000	1	0045cdd2
00965440	None	0045cdd2	4054960000	1	0045cdd2
00966734	None	002b3c64	3467960000	1	002b3c64
00967ad2	None	0045a70a	d27a960000	2	0045a70a
00967af0	None	0045a70a	f07a960000	1	0045a70a
00967b00	None	0045a70a	007b960000	1	0045a70a
00971fea	None	002a839c	ea1f970000	2	002a839c
00979f0a	1	002a0484	0a9f970000	1	002a0484
0097ad02	None	0029f6a4	02ad970000	1	0029f6a4
0097c106	None	0044532a	06c1970000	2	0044532a
0097c124	None	0044532a	24c1970000	1	0044532a
0097c130	None	0044532a	30c1970000	1	0044532a
009813dc	None	00298fc8	dc13980000	1	00298fc8
0098aa6a	None	0043668a	6aaa980000	2	0043668a
0098aa78	None	0043668a	78aa980000	1	0043668a
0098ab62	None	0043660a	62ab980000	1	0043660a
0098ae82	None	004362f4	82ae980000	1	004362f4
0098b0b0	None	00436098	b0b0980000	1	00436098
0098b0ea	None	00436098	eab0980000	1	00436098
0098c3a4	None	0028df9c	a4c3980000	1	0028df9c
0098dca2	None	0028c6d4	a2dc980000	1	0028c6d4
0098f85e	None	0043188a	5ef8980000	2	0043188a
0098f87c	None	0043188a	7cf8980000	1	0043188a
0098f888	None	0043188a	88f8980000	1	0043188a
00997410	None	00429908	1074990000	1	00429908
00997606	None	0042975c	0676990000	1	0042975c
00997f16	None	00428e48	167f990000	1	00428e48
009bac6e	None	0025f730	6eac9b0000	1	0025f730
009bac92	None	0025f70c	92ac9b0000	1	0025f70c
009bacb6	None	0025f6e8	b6ac9b0000	1	0025f6e8
009bacda	None	0025f6c4	daac9b0000	1	0025f6c4
009bacfe	None	0025f6a0	feac9b0000	1	0025f6a0
009bad22	None	0025f67c	22ad9b0000	1	0025f67c
009bad46	None	0025f658	46ad9b0000	1	0025f658
009bad6a	None	0025f634	6aad9b0000	1	0025f634
009bad8e	None	0025f610	8ead9b0000	1	0025f610
009badb2	None	0025f5ec	b2ad9b0000	1	0025f5ec
009badd6	None	0025f5c8	d6ad9b0000	1	0025f5c8
009badfa	None	0025f5a4	faad9b0000	1	0025f5a4
009bae1e	None	0025f580	1eae9b0000	1	0025f580
009bae42	None	0025f55c	42ae9b0000	1	0025f55c
009bae66	None	0025f538	66ae9b0000	1	0025f538
009bae8a	None	0025f514	8aae9b0000	1	0025f514
009baeae	None	0025f4f0	aeae9b0000	1	0025f4f0
009baed2	None	0025f4cc	d2ae9b0000	1	0025f4cc
009baef6	None	0025f4a8	f6ae9b0000	1	0025f4a8
009baf1a	None	0025f484	1aaf9b0000	1	0025f484
009baf3e	None	0025f460	3eaf9b0000	1	0025f460
009baf62	None	0025f43c	62af9b0000	1	0025f43c
009baf86	None	0025f418	86af9b0000	1	0025f418
009bafaa	None	0025f3f4	aaaf9b0000	1	0025f3f4
009bafce	None	0025f3d0	ceaf9b0000	1	0025f3d0
009baff2	None	0025f3ac	f2af9b0000	1	0025f3ac
009bb090	None	0025f284	90b09b0000	1	0025f284
009c5b4e	None	00254850	4e5b9c0000	1	00254850
009c5b72	None	0025482c	725b9c0000	1	0025482c
009c5b96	None	00254808	965b9c0000	1	00254808
009c5bd2	None	002547cc	d25b9c0000	1	002547cc
009d44fa	None	00245ea4	fa449d0000	1	00245ea4
009d451e	None	00245e80	1e459d0000	1	00245e80
009d4542	None	00245e5c	42459d0000	1	00245e5c
009d4566	None	00245e38	66459d0000	1	00245e38
009d458a	None	00245e14	8a459d0000	1	00245e14
009d45ae	None	00245df0	ae459d0000	1	00245df0
009d45d2	None	00245dcc	d2459d0000	1	00245dcc
009d45f6	None	00245da8	f6459d0000	1	00245da8
009d461a	None	00245d84	1a469d0000	1	00245d84
009d463e	None	00245d60	3e469d0000	1	00245d60
009d4662	None	00245d3c	62469d0000	1	00245d3c
009d4686	None	00245d18	86469d0000	1	00245d18
009d46aa	None	00245cf4	aa469d0000	1	00245cf4
009d46ce	None	00245cd0	ce469d0000	1	00245cd0
009d46f2	None	00245cac	f2469d0000	1	00245cac
009d4716	None	00245c88	16479d0000	1	00245c88
009d473a	None	00245c64	3a479d0000	1	00245c64
009d475e	None	00245c40	5e479d0000	1	00245c40
009d4782	None	00245c1c	82479d0000	1	00245c1c
009d47a6	None	00245bf8	a6479d0000	1	00245bf8
009d47ca	None	00245bd4	ca479d0000	1	00245bd4
009d47ee	None	00245bb0	ee479d0000	1	00245bb0
009d4852	None	00245b4c	52489d0000	1	00245b4c
009da726	None	0023fc78	26a79d0000	1	0023fc78
009da74a	None	0023fc54	4aa79d0000	1	0023fc54
009da76e	None	0023fc30	6ea79d0000	1	0023fc30
009da792	None	0023fc0c	92a79d0000	1	0023fc0c
009da7b6	None	0023fbe8	b6a79d0000	1	0023fbe8
009da7da	None	0023fbc4	daa79d0000	1	0023fbc4
009da7fe	None	0023fba0	fea79d0000	1	0023fba0
009da83a	None	0023fb64	3aa89d0000	1	0023fb64
009dbb32	None	0023e86c	32bb9d0000	1	0023e86c
009dbb56	None	0023e848	56bb9d0000	1	0023e848
009dbb7a	None	0023e824	7abb9d0000	1	0023e824
009dbbb6	None	0023e7e8	b6bb9d0000	1	0023e7e8
009dc880	None	0023d9bc	80c89d0000	2	0023d9bc
009dd302	None	0023d09c	02d39d0000	1	0023d09c
009dd326	None	0023d078	26d39d0000	1	0023d078
009dd34a	None	0023d054	4ad39d0000	1	0023d054
009dd36e	None	0023d030	6ed39d0000	1	0023d030
009dd3c4	None	0023cfd8	c4d39d0000	1	0023cfd8
009df482	None	0023af1c	82f49d0000	1	0023af1c
009df4a6	None	0023aef8	a6f49d0000	1	0023aef8
009df4ca	None	0023aed4	caf49d0000	1	0023aed4
009df520	None	0023ae7c	20f59d0000	1	0023ae7c
009e2be6	None	002377b8	e62b9e0000	1	002377b8
009e2c0a	None	00237794	0a2c9e0000	1	00237794
009e2c2e	None	00237770	2e2c9e0000	1	00237770
009e2c52	None	0023774c	522c9e0000	1	0023774c
009e2c96	None	00237708	962c9e0000	1	00237708
009e3932	None	00236a6c	32399e0000	1	00236a6c
009e3956	None	00236a48	56399e0000	1	00236a48
009e397a	None	00236a24	7a399e0000	1	00236a24
009e39b6	None	002369e8	b6399e0000	1	002369e8
009e6174	None	00234172	74619e0000	1	00234172
009e8cd6	None	002316c8	d68c9e0000	1	002316c8
009e8cfa	None	002316a4	fa8c9e0000	1	002316a4
009e8d1e	None	00231680	1e8d9e0000	1	00231680
009e8d42	None	0023165c	428d9e0000	1	0023165c
009e8d66	None	00231638	668d9e0000	1	00231638
009e8d8a	None	00231614	8a8d9e0000	1	00231614
009e8dae	None	002315f0	ae8d9e0000	1	002315f0
009e8dd2	None	002315cc	d28d9e0000	1	002315cc
009e8df6	None	002315a8	f68d9e0000	1	002315a8
009e8e1a	None	00231584	1a8e9e0000	1	00231584
009e8e3e	None	00231560	3e8e9e0000	1	00231560
009e8e62	None	0023153c	628e9e0000	1	0023153c
009e8e86	None	00231518	868e9e0000	1	00231518
009e8eaa	None	002314f4	aa8e9e0000	1	002314f4
009e8ece	None	002314d0	ce8e9e0000	1	002314d0
009e8ef2	None	002314ac	f28e9e0000	1	002314ac
009e8f16	None	00231488	168f9e0000	1	00231488
009e8f3a	None	00231464	3a8f9e0000	1	00231464
009e8f5e	None	00231440	5e8f9e0000	1	00231440
009e8f82	None	0023141c	828f9e0000	1	0023141c
009e8fa6	None	002313f8	a68f9e0000	1	002313f8
009e8fca	None	002313d4	ca8f9e0000	1	002313d4
009e8fee	None	002313b0	ee8f9e0000	1	002313b0
009e9012	None	0023138c	12909e0000	1	0023138c
009e9036	None	00231368	36909e0000	1	00231368
009e9072	None	0023132c	72909e0000	1	0023132c
009fd776	None	0021cc1c	76d79f0000	1	0021cc1c
009fd7e6	None	0021cbac	e6d79f0000	1	0021cbac
009fd856	None	0021cb3c	56d89f0000	1	0021cb3c
009fd8c2	None	0021cad0	c2d89f0000	1	0021cad0
00a0d25a	None	0020d144	5ad2a00000	1	0020d144
00a0d27e	None	0020d120	7ed2a00000	1	0020d120
00a0d2a2	None	0020d0fc	a2d2a00000	1	0020d0fc
00a0d2c6	None	0020d0d8	c6d2a00000	1	0020d0d8
00a0d2ea	None	0020d0b4	ead2a00000	1	0020d0b4
00a0d30e	None	0020d090	0ed3a00000	1	0020d090
00a0d332	None	0020d06c	32d3a00000	1	0020d06c
00a0d356	None	0020d048	56d3a00000	1	0020d048
00a0d37a	None	0020d024	7ad3a00000	1	0020d024
00a0d39e	None	0020d000	9ed3a00000	1	0020d000
00a0d3c2	None	0020cfdc	c2d3a00000	1	0020cfdc
00a0d3e6	None	0020cfb8	e6d3a00000	1	0020cfb8
00a0d40a	None	0020cf94	0ad4a00000	1	0020cf94
00a0d42e	None	0020cf70	2ed4a00000	1	0020cf70
00a0d452	None	0020cf4c	52d4a00000	1	0020cf4c
00a0d476	None	0020cf28	76d4a00000	1	0020cf28
00a0d49a	None	0020cf04	9ad4a00000	1	0020cf04
00a0d4be	None	0020cee0	bed4a00000	1	0020cee0
00a0d4e2	None	0020cebc	e2d4a00000	1	0020cebc
00a0d506	None	0020ce98	06d5a00000	1	0020ce98
00a0d52a	None	0020ce74	2ad5a00000	1	0020ce74
00a0d54e	None	0020ce50	4ed5a00000	1	0020ce50
00a0d572	None	0020ce2c	72d5a00000	1	0020ce2c
00a0d596	None	0020ce08	96d5a00000	1	0020ce08
00a0d5ba	None	0020cde4	bad5a00000	1	0020cde4
00a0d5de	None	0020cdc0	ded5a00000	1	0020cdc0
00a0d602	None	0020cd9c	02d6a00000	1	0020cd9c
00a0d626	None	0020cd78	26d6a00000	1	0020cd78
00a0d64a	None	0020cd54	4ad6a00000	1	0020cd54
00a0d66e	None	0020cd30	6ed6a00000	1	0020cd30
00a0d692	None	0020cd0c	92d6a00000	1	0020cd0c
00a0d6b6	None	0020cce8	b6d6a00000	1	0020cce8
00a0d6da	None	0020ccc4	dad6a00000	1	0020ccc4
00a0d6fe	None	0020cca0	fed6a00000	1	0020cca0
00a0d722	None	0020cc7c	22d7a00000	1	0020cc7c
00a0d746	None	0020cc58	46d7a00000	1	0020cc58
00a0d76a	None	0020cc34	6ad7a00000	1	0020cc34
00a0d78e	None	0020cc10	8ed7a00000	1	0020cc10
00a0d7b2	None	0020cbec	b2d7a00000	1	0020cbec
00a0d816	None	0020cb88	16d8a00000	1	0020cb88
00a24cb0	None	001f56d0	b04ca20000	1	001f56d0
00a3e4e4	None	001dbeac	e4e4a30000	1	001dbeac
00a3e6a8	None	001dbce8	a8e6a30000	1	001dbce8
00a47d16	0	001d255c	167da40000	2	001d255c	INCONSISTENT
00a50ef8	None	001c94a0	f80ea50000	1	001c94a0
00a5d5d6	None	001bcdc8	d6d5a50000	1	001bcdc8
00a5d5fa	None	001bcda4	fad5a50000	1	001bcda4
00a5d61e	None	001bcd80	1ed6a50000	1	001bcd80
00a5d642	None	001bcd5c	42d6a50000	1	001bcd5c
00a5d666	None	001bcd38	66d6a50000	1	001bcd38
00a5d68a	None	001bcd14	8ad6a50000	1	001bcd14
00a5d6ae	None	001bccf0	aed6a50000	1	001bccf0
00a5d6d2	None	001bcccc	d2d6a50000	1	001bcccc
00a5d6f6	None	001bcca8	f6d6a50000	1	001bcca8
00a5d71a	None	001bcc84	1ad7a50000	1	001bcc84
00a5d73e	None	001bcc60	3ed7a50000	1	001bcc60
00a5d762	None	001bcc3c	62d7a50000	1	001bcc3c
00a5d786	None	001bcc18	86d7a50000	1	001bcc18
00a5d7aa	None	001bcbf4	aad7a50000	1	001bcbf4
00a5d7ce	None	001bcbd0	ced7a50000	1	001bcbd0
00a5d7f2	None	001bcbac	f2d7a50000	1	001bcbac
00a5d816	None	001bcb88	16d8a50000	1	001bcb88
00a5d83a	None	001bcb64	3ad8a50000	1	001bcb64
00a5d85e	None	001bcb40	5ed8a50000	1	001bcb40
00a5d882	None	001bcb1c	82d8a50000	1	001bcb1c
00a5d8a6	None	001bcaf8	a6d8a50000	1	001bcaf8
00a5d8ca	None	001bcad4	cad8a50000	1	001bcad4
00a5d8ee	None	001bcab0	eed8a50000	1	001bcab0
00a5d912	None	001bca8c	12d9a50000	1	001bca8c
00a5d936	None	001bca68	36d9a50000	1	001bca68
00a5d95a	None	001bca44	5ad9a50000	1	001bca44
00a5d97e	None	001bca20	7ed9a50000	1	001bca20
00a5d9a2	None	001bc9fc	a2d9a50000	1	001bc9fc
00a5d9c6	None	001bc9d8	c6d9a50000	1	001bc9d8
00a5d9ea	None	001bc9b4	ead9a50000	1	001bc9b4
00a5da0e	None	001bc990	0edaa50000	1	001bc990
00a5da32	None	001bc96c	32daa50000	1	001bc96c
00a5da56	None	001bc948	56daa50000	1	001bc948
00a5da7a	None	001bc924	7adaa50000	1	001bc924
00a5da9e	None	001bc900	9edaa50000	1	001bc900
00a5dac2	None	001bc8dc	c2daa50000	1	001bc8dc
00a5dae6	None	001bc8b8	e6daa50000	1	001bc8b8
00a65d20	20	0062bde0	205da60000	2	0062bde0	INCONSISTENT
00a80492	None	00199f0c	9204a80000	1	00199f0c
00a804b6	None	00199ee8	b604a80000	1	00199ee8
00a804da	None	00199ec4	da04a80000	1	00199ec4
00a804fe	None	00199ea0	fe04a80000	1	00199ea0
00a80522	None	00199e7c	2205a80000	1	00199e7c
00a80546	None	00199e58	4605a80000	1	00199e58
00a80596	None	00199e08	9605a80000	1	00199e08
00a83f2e	None	00196470	2e3fa80000	1	00196470
00a83f52	None	0019644c	523fa80000	1	0019644c
00a83f76	None	00196428	763fa80000	1	00196428
00a83fb2	None	001963ec	b23fa80000	1	001963ec
00a8407e	None	0019631c	7e40a80000	1	0019631c
00a86e48	None	0019354c	486ea80000	1	0019354c
00a893b6	None	00190fe8	b693a80000	1	00190fe8
00a893da	None	00190fc4	da93a80000	1	00190fc4
00a893fe	None	00190fa0	fe93a80000	1	00190fa0
00a89422	None	00190f7c	2294a80000	1	00190f7c
00a89446	None	00190f58	4694a80000	1	00190f58
00a8946a	None	00190f34	6a94a80000	1	00190f34
00a8948e	None	00190f10	8e94a80000	1	00190f10
00a894b2	None	00190eec	b294a80000	1	00190eec
00a894d6	None	00190ec8	d694a80000	1	00190ec8
00a894fa	None	00190ea4	fa94a80000	1	00190ea4
00a8951e	None	00190e80	1e95a80000	1	00190e80
00a89542	None	00190e5c	4295a80000	1	00190e5c
00a89566	None	00190e38	6695a80000	1	00190e38
00a8958a	None	00190e14	8a95a80000	1	00190e14
00a895ae	None	00190df0	ae95a80000	1	00190df0
00a895d2	None	00190dcc	d295a80000	1	00190dcc
00a895f6	None	00190da8	f695a80000	1	00190da8
00a8961a	None	00190d84	1a96a80000	1	00190d84
00a8963e	None	00190d60	3e96a80000	1	00190d60
00a89662	None	00190d3c	6296a80000	1	00190d3c
00a89686	None	00190d18	8696a80000	1	00190d18
00a896c2	None	00190cdc	c296a80000	1	00190cdc
00a89892	None	00190b08	9298a80000	1	00190b08
00a8994a	None	00190a50	4a99a80000	1	00190a50
00a98c0e	None	0018eee2	0e8ca90000	1	0018eee2
00aa21b8	None	00308a80	b821aa0000	1	00308a80
00aa21e8	None	00308a80	e821aa0000	1	00308a80
00aa26a0	None	00308a80	a026aa0000	1	00308a80
00aa26c8	None	00308a80	c826aa0000	1	00308a80
00aa26d0	None	00308a80	d026aa0000	1	00308a80
00aa26d8	None	00308a80	d826aa0000	1	00308a80
00aa2e68	None	00307960	682eaa0000	1	00307960
00aa3f02	None	00308a80	023faa0000	1	00308a80
00aa3f06	None	00308a80	063faa0000	1	00308a80
00aa3f22	None	00308a80	223faa0000	1	00308a80
00aa3f42	None	00308a80	423faa0000	1	00308a80
00aa43aa	None	00308a80	aa43aa0000	1	00308a80
00aa43b2	None	00308a80	b243aa0000	1	00308a80
00aa43ba	None	00308a80	ba43aa0000	1	00308a80
00aa43be	None	00308a80	be43aa0000	1	00308a80
00aa43c6	None	00308a80	c643aa0000	1	00308a80
00aa45f2	None	00308a80	f245aa0000	1	00308a80
00aa5104	None	00308a80	0451aa0000	1	00308a80
00aa511c	None	00308a80	1c51aa0000	1	00308a80
00aa628a	None	00308a80	8a62aa0000	1	00308a80
00aa6292	None	00308a80	9262aa0000	1	00308a80
00aa63e2	None	00308a80	e263aa0000	1	00308a80
00aa63ea	None	00308a80	ea63aa0000	1	00308a80
00aa6924	None	00307960	2469aa0000	1	00307960
00aa795c	None	00307960	5c79aa0000	1	00307960
00aa7964	None	00307960	6479aa0000	1	00307960
00aa7968	None	00307960	6879aa0000	1	00307960
00aa796c	None	00307960	6c79aa0000	1	00307960
00aa7af8	None	00307960	f87aaa0000	1	00307960
00aa82f6	None	00308a80	f682aa0000	1	00308a80
00aa99d8	None	00307960	d899aa0000	1	00307960
00aa99e0	None	00307960	e099aa0000	1	00307960
00aa9f10	None	00308a80	109faa0000	1	00308a80
00aaaeba	None	00307960	baaeaa0000	1	00307960
00aab02a	None	00308a80	2ab0aa0000	1	00308a80
00aab0f8	None	00308a80	f8b0aa0000	1	00308a80
00aab458	None	00307960	58b4aa0000	1	00307960
00aab468	None	00307960	68b4aa0000	1	00307960
00aab470	None	00307960	70b4aa0000	1	00307960
00aab480	None	00307960	80b4aa0000	1	00307960
00aabb40	None	00307960	40bbaa0000	1	00307960
00aabb48	None	00307960	48bbaa0000	1	00307960
00aabb50	None	00307960	50bbaa0000	1	00307960
00aabb58	None	00307960	58bbaa0000	1	00307960
00aabdb0	None	00308a80	b0bdaa0000	1	00308a80
00aabdb8	None	00308a80	b8bdaa0000	1	00308a80
00aabe6e	None	00308a80	6ebeaa0000	1	00308a80
00aabf86	None	00308a80	86bfaa0000	1	00308a80
00aabfa6	None	00308a80	a6bfaa0000	1	00308a80
00aac050	None	00308a80	50c0aa0000	1	00308a80
00aac560	None	00307960	60c5aa0000	1	00307960
00aae0ac	None	00307960	ace0aa0000	1	00307960
00aae44c	None	00308a80	4ce4aa0000	1	00308a80
00aaf436	None	00308a80	36f4aa0000	1	00308a80
00aaf43e	None	00308a80	3ef4aa0000	1	00308a80
00aaf446	None	00308a80	46f4aa0000	1	00308a80
00aaf44e	None	00308a80	4ef4aa0000	1	00308a80
00aaf456	None	00308a80	56f4aa0000	1	00308a80
00ab026a	None	00308a80	6a02ab0000	1	00308a80
00ab0292	None	00308a80	9202ab0000	1	00308a80
00ab178e	None	00308a80	8e17ab0000	1	00308a80
00ab281e	None	00308a80	1e28ab0000	1	00308a80
00ab29f8	None	00307960	f829ab0000	1	00307960
00ab2bc8	None	00307960	c82bab0000	1	00307960
00ab2be6	None	00308a80	e62bab0000	1	00308a80
00ab2e06	None	00308a80	062eab0000	1	00308a80
00ab2e0e	None	00308a80	0e2eab0000	1	00308a80
00ab2e16	None	00308a80	162eab0000	1	00308a80
00ab2e3e	None	00308a80	3e2eab0000	1	00308a80
00ab3098	None	00308a80	9830ab0000	1	00308a80
00ab30b0	None	00308a80	b030ab0000	1	00308a80
00ab30b8	None	00308a80	b830ab0000	1	00308a80
00ab31ee	None	00308a80	ee31ab0000	1	00308a80
00ab3418	None	00307960	1834ab0000	1	00307960
00ab4718	None	00307960	1847ab0000	1	00307960
00ab4a02	None	00308a80	024aab0000	1	00308a80
00ab4d8c	None	00308a80	8c4dab0000	1	00308a80
00ab4d94	None	00308a80	944dab0000	1	00308a80
00ab59e4	None	00308a80	e459ab0000	1	00308a80
00ab59ec	None	00308a80	ec59ab0000	1	00308a80
00ab72ee	None	0030412a	ee72ab0000	1	0030412a
00c200bc	None	0075c964	bc00c20000	1	0075c964
00c53bd4	None	008c8b94	d43bc50000	1	008c8b94
01010039	None	0042e4b0	3900010100	2	0042e4b0
0101003a	None	0042e4b0	3a00010100	2	0042e4b0
0101003b	None	0042e4b0	3b00010100	2	0042e4b0
01020804	70	0076759c	0408020100	1	0076759c
01070000	None	006db718	0000070100	3	006db718
01070004	20	00455b88	0400070100	13	00455b88	INCONSISTENT
01070007	None	00290084	0700070100	1	00290084
01070008	None	00685f64	0800070100	1	00685f64
01070009	20	007288a4	0900070100	3	007288a4
0107000a	0	0021d378	0a00070100	2	0021d378	INCONSISTENT
0107000b	0	004190b0	0b00070100	4	004190b0	INCONSISTENT
01070012	0	0046926c	1200070100	6	0046926c	INCONSISTENT
01070013	239	007116d0	1300070100	5	007116d0
01070014	0	007116d0	1400070100	3	007116d0
0107001d	None	00416abc	1d00070100	1	00416abc
0107001f	0	0076460e	1f00070100	9	0076460e	INCONSISTENT
01070030	20	0045fba8	3000070100	2	0045fba8	INCONSISTENT
0107003d	None	00420418	3d00070100	5	00420418
0107003e	0	0019090a	3e00070100	2	0019090a
01070040	None	0087b7da	4000070100	11	0087b7da
01070042	None	0085bb54	4200070100	3	0085bb54
01070043	None	007dafc8	4300070100	1	007dafc8
01070048	None	00685f88	4800070100	1	00685f88
01070076	4	005bafcc	7600070100	4	005bafcc	INCONSISTENT
01070079	20	00434c90	7900070100	4	00434c90
0107007c	20	00434c90	7c00070100	4	00434c90	INCONSISTENT
0107007d	20	00434c90	7d00070100	2	00434c90	INCONSISTENT
01070082	20	00434c90	8200070100	1	00434c90
01070085	None	00721fb4	8500070100	2	00721fb4
01070087	0	0021bfb0	8700070100	88	0021bfb0	INCONSISTENT
01070097	20	00447edc	9700070100	12	00447edc	INCONSISTENT
01070099	None	008989a0	9900070100	13	008989a0
0107009b	None	007088dc	9b00070100	1	007088dc
0107009d	20	006ed674	9d00070100	1	006ed674
0107009e	0	0041895c	9e00070100	14	0041895c	INCONSISTENT
0107009f	None	00708acc	9f00070100	6	00708acc
010700a1	0	0041895c	a100070100	7	0041895c	INCONSISTENT
010700a2	0	00455b88	a200070100	10	00455b88	INCONSISTENT
010700a5	0	006edaa0	a500070100	8	006edaa0	INCONSISTENT
010700af	0	0029629c	af00070100	9	0029629c	INCONSISTENT
010700b0	0	0029629c	b000070100	4	0029629c	INCONSISTENT
010700c1	None	00446bb8	c100070100	1	00446bb8
010700c2	1	0085bec8	c200070100	1	0085bec8
010700c8	None	002dd8c0	c800070100	1	002dd8c0
010700c9	None	004142bc	c900070100	2	004142bc
010700fd	None	0044b084	fd00070100	2	0044b084
01070100	None	00296014	0001070100	1	00296014
01070101	None	0044b084	0101070100	1	0044b084
01070102	None	00296014	0201070100	1	00296014
01070103	None	00298f08	0301070100	2	00298f08
01070104	None	00446af4	0401070100	1	00446af4
01070105	20	0074eea4	0501070100	3	0074eea4
0107010a	20	0021d780	0a01070100	6	0021d780	INCONSISTENT
0107010b	0	00329ef0	0b01070100	7	00329ef0	INCONSISTENT
0107010c	None	007402e0	0c01070100	3	007402e0
01070111	0	005d0840	1101070100	2	005d0840
01070113	None	00725d98	1301070100	1	00725d98
01070141	None	0044b084	4101070100	2	0044b084
01070144	20	00445964	4401070100	3	00445964	INCONSISTENT
01070148	None	00758c30	4801070100	4	00758c30
01070152	2	001c2f50	5201070100	8	001c2f50	INCONSISTENT
01070154	1	001d255c	5401070100	4	001d255c	INCONSISTENT
0107015e	18	006e3d00	5e01070100	18	006e3d00	INCONSISTENT
01070172	None	005e4344	7201070100	8	005e4344
01070175	None	00445770	7501070100	1	00445770
0107017b	None	00744d50	7b01070100	12	00744d50
0107019d	20	00240f42	9d01070100	24	00240f42	INCONSISTENT
0107019f	0	005ca010	9f01070100	24	005ca010	INCONSISTENT
010701b5	119	0075a730	b501070100	1	0075a730
010701bd	None	007e2c50	bd01070100	2	007e2c50
010701cf	None	00840618	cf01070100	3	00840618
010701f9	None	006b00c4	f901070100	1	006b00c4
010701fd	None	006b00c4	fd01070100	1	006b00c4
0107020e	None	006b00c4	0e02070100	1	006b00c4
01070212	None	006b00c4	1202070100	1	006b00c4
01070256	None	006b00c4	5602070100	1	006b00c4
0107025e	None	006b00c4	5e02070100	1	006b00c4
0107027b	None	006b00c4	7b02070100	1	006b00c4
0107027f	None	006b00c4	7f02070100	1	006b00c4
0107028a	None	006b00c4	8a02070100	1	006b00c4
0107029a	None	00772ae8	9a02070100	1	00772ae8
010702d8	None	006b00c4	d802070100	1	006b00c4
010702e4	None	006b00c4	e402070100	1	006b00c4
010702f3	None	006b00c4	f302070100	1	006b00c4
010702ff	None	006b00c4	ff02070100	1	006b00c4
01070303	None	006b00c4	0303070100	1	006b00c4
01070314	195	004763da	1403070100	36	004763da	INCONSISTENT
01070316	20	002dc500	1603070100	52	002dc500	INCONSISTENT
0107031c	0	001cc8e0	1c03070100	32	001cc8e0	INCONSISTENT
01070362	20	0075c1e8	6203070100	5	0075c1e8	INCONSISTENT
01070383	0	002ab220	8303070100	2	002ab220	INCONSISTENT
0107038c	0	0019f4a4	8c03070100	42	0019f4a4	INCONSISTENT
01070392	20	005b4f34	9203070100	4	005b4f34	INCONSISTENT
01070394	0	00324efc	9403070100	10	00324efc	INCONSISTENT
01070396	0	00744d50	9603070100	1	00744d50
01070397	0	004190b0	9703070100	2	004190b0	INCONSISTENT
0107039b	0	0044a508	9b03070100	2	0044a508	INCONSISTENT
0107039e	None	00705d1c	9e03070100	3	00705d1c
0107039f	None	00705d1c	9f03070100	3	00705d1c
010703a0	None	006b00c4	a003070100	1	006b00c4
010703a1	0	0021bfb0	a103070100	41	0021bfb0	INCONSISTENT
010703a2	None	008989a0	a203070100	2	008989a0
010703a3	0	0041895c	a303070100	7	0041895c	INCONSISTENT
010703a4	0	0041895c	a403070100	6	0041895c	INCONSISTENT
010703a5	0	0041895c	a503070100	6	0041895c	INCONSISTENT
010703a6	0	006edaa0	a603070100	3	006edaa0	INCONSISTENT
010703a7	0	0044c09c	a703070100	4	0044c09c	INCONSISTENT
010703ac	0	001d3e94	ac03070100	95	001d3e94	INCONSISTENT
010703af	None	006e592a	af03070100	1	006e592a
010703b0	11	007211c0	b003070100	5	007211c0	INCONSISTENT
010703b2	0	0046926c	b203070100	5	0046926c	INCONSISTENT
010703b4	None	005b81dc	b403070100	1	005b81dc
010703b5	None	00732648	b503070100	2	00732648
010703b6	20	005ba93e	b603070100	2	005ba93e	INCONSISTENT
010703b8	20	005d6238	b803070100	1	005d6238
010703c5	20	0044a26c	c503070100	1	0044a26c
010703c6	20	0044a26c	c603070100	3	0044a26c
010703c7	None	0044a26c	c703070100	1	0044a26c
010703c8	None	0044a26c	c803070100	1	0044a26c
010703c9	None	0044a26c	c903070100	1	0044a26c
010703ca	None	0044a26c	ca03070100	1	0044a26c
010703cb	None	0044a26c	cb03070100	1	0044a26c
010703cc	None	0049d768	cc03070100	2	0049d768
010703d0	None	0083e438	d003070100	1	0083e438
010703d3	None	0080c598	d303070100	1	0080c598
010703d4	None	00472264	d403070100	3	00472264
010703d8	None	006e42f8	d803070100	3	006e42f8
010703de	None	0079c610	de03070100	1	0079c610
010703fd	None	008040bc	fd03070100	7	008040bc
0107040c	1	002c7d80	0c04070100	7	002c7d80	INCONSISTENT
01070431	None	0063fe98	3104070100	1	0063fe98
01070432	None	0063fe98	3204070100	1	0063fe98
01070433	None	0063fe98	3304070100	1	0063fe98
01070442	None	00217154	4204070100	2	00217154
0107046f	None	0028f7d8	6f04070100	2	0028f7d8
01070476	157	007556c8	7604070100	3	007556c8	INCONSISTENT
01070477	20	0075d58c	7704070100	11	0075d58c	INCONSISTENT
01070478	20	00692d60	7804070100	6	00692d60	INCONSISTENT
01070479	158	006e7e98	7904070100	2	006e7e98	INCONSISTENT
0107047a	0	001d6762	7a04070100	30	001d6762	INCONSISTENT
0107047b	20	006c7d70	7b04070100	6	006c7d70	INCONSISTENT
0107047c	159	006e9ff8	7c04070100	2	006e9ff8
010704a2	None	00879594	a204070100	1	00879594
010704a3	None	0063fe98	a304070100	1	0063fe98
010704a4	None	0063fe98	a404070100	1	0063fe98
010704a5	None	0063fe98	a504070100	1	0063fe98
010704af	20	00445b50	af04070100	10	00445b50	INCONSISTENT
010704b0	None	0082b09c	b004070100	5	0082b09c
010704b6	11	006eeee0	b604070100	25	006eeee0	INCONSISTENT
010704b7	0	007a91b4	b704070100	2	007a91b4	INCONSISTENT
010704b8	0	007a91b4	b804070100	2	007a91b4	INCONSISTENT
010704b9	0	007a91b4	b904070100	2	007a91b4	INCONSISTENT
010704ba	0	007a91b4	ba04070100	2	007a91b4	INCONSISTENT
010704cb	1	00326184	cb04070100	3	00326184	INCONSISTENT
010704f7	0	0044a508	f704070100	1	0044a508
010704fd	20	001a2744	fd04070100	66	001a2744	INCONSISTENT
01070503	None	0083e940	0305070100	2	0083e940
01070507	None	006b00c4	0705070100	1	006b00c4
01070508	None	002337c8	0805070100	1	002337c8
0107051d	None	006fb9f4	1d05070100	1	006fb9f4
0107056d	None	00747d22	6d05070100	5	00747d22
01070577	None	0072ac94	7705070100	2	0072ac94
01070581	None	00735d9a	8105070100	1	00735d9a
01070595	None	007260cc	9505070100	1	007260cc
0107059f	None	00741f7c	9f05070100	1	00741f7c
010705a9	None	0070bd34	a905070100	1	0070bd34
010705bd	None	0070c5e4	bd05070100	1	0070c5e4
010705c7	None	00719ebc	c705070100	1	00719ebc
010705d1	None	0071f9bc	d105070100	1	0071f9bc
010705db	None	0073fc3c	db05070100	1	0073fc3c
010705e5	None	0075266c	e505070100	1	0075266c
010705ef	None	0073ab44	ef05070100	1	0073ab44
010705f9	None	006ff54a	f905070100	1	006ff54a
01070603	None	00721830	0306070100	1	00721830
0107064a	0	0044e16c	4a06070100	4	0044e16c	INCONSISTENT
01070671	20	006e4464	7106070100	13	006e4464	INCONSISTENT
01070672	None	007aed38	7206070100	5	007aed38
01070678	None	0070b564	7806070100	12	0070b564
01070679	None	007aed38	7906070100	5	007aed38
0107067a	None	00753d00	7a06070100	4	00753d00
0107067c	None	005ba0b4	7c06070100	3	005ba0b4
0107067d	None	005ba0b4	7d06070100	1	005ba0b4
0107067e	None	0028e7ac	7e06070100	3	0028e7ac
0107067f	None	0078039e	7f06070100	4	0078039e
01070680	None	0028e7ac	8006070100	3	0028e7ac
01070681	None	0078039e	8106070100	4	0078039e
01070682	None	0028e7ac	8206070100	3	0028e7ac
01070683	None	0078039e	8306070100	4	0078039e
01070684	20	005cda40	8406070100	5	005cda40	INCONSISTENT
01070685	None	0028e7ac	8506070100	3	0028e7ac
01070686	None	0078039e	8606070100	4	0078039e
01070687	None	0028e7ac	8706070100	3	0028e7ac
01070688	None	0078039e	8806070100	4	0078039e
01070689	None	0028e7ac	8906070100	3	0028e7ac
0107068a	None	0078039e	8a06070100	4	0078039e
0107068b	None	0028e7ac	8b06070100	3	0028e7ac
0107068c	None	0078039e	8c06070100	4	0078039e
0107068d	None	0028e7ac	8d06070100	3	0028e7ac
0107068e	None	0078039e	8e06070100	4	0078039e
0107068f	None	0028e7ac	8f06070100	3	0028e7ac
01070690	None	0078039e	9006070100	4	0078039e
01070691	None	0028e7ac	9106070100	3	0028e7ac
01070692	None	0078039e	9206070100	4	0078039e
01070693	None	0028e7ac	9306070100	3	0028e7ac
01070694	None	0078039e	9406070100	4	0078039e
01070695	None	0028e7ac	9506070100	3	0028e7ac
01070696	None	0078039e	9606070100	4	0078039e
01070697	None	0028e7ac	9706070100	3	0028e7ac
01070698	None	0078039e	9806070100	4	0078039e
01070699	None	0028e7ac	9906070100	3	0028e7ac
0107069a	None	0078039e	9a06070100	4	0078039e
010706ca	0	001dc078	ca06070100	15	001dc078	INCONSISTENT
010706cb	None	00841068	cb06070100	43	00841068
010706db	None	007df88c	db06070100	17	007df88c
010706dd	None	006860cc	dd06070100	1	006860cc
010706e3	None	002f5220	e306070100	3	002f5220
010706e4	None	00724a38	e406070100	2	00724a38
010706e5	20	00724a38	e506070100	1	00724a38
010706e6	None	00724a38	e606070100	2	00724a38
010706e7	None	00724a38	e706070100	2	00724a38
010706e8	None	00724a38	e806070100	2	00724a38
010706ea	None	00724a38	ea06070100	2	00724a38
010706eb	None	00724a38	eb06070100	2	00724a38
010706f1	None	00446b40	f106070100	1	00446b40
01070716	11	0071cc6c	1607070100	27	0071cc6c	INCONSISTENT
01070742	None	00445770	4207070100	1	00445770
0107074f	None	00445770	4f07070100	1	00445770
01070762	None	0073e83c	6207070100	3	0073e83c
01070763	None	008cd3cc	6307070100	2	008cd3cc
01070764	20	004493b8	6407070100	10	004493b8	INCONSISTENT
01070765	20	0070dfcc	6507070100	11	0070dfcc	INCONSISTENT
01070766	20	0070dfcc	6607070100	10	0070dfcc	INCONSISTENT
01070767	20	005b54dc	6707070100	6	005b54dc	INCONSISTENT
01070768	20	004493b8	6807070100	12	004493b8	INCONSISTENT
01070769	20	0070dfcc	6907070100	10	0070dfcc	INCONSISTENT
0107076a	20	0070dfcc	6a07070100	8	0070dfcc	INCONSISTENT
0107076b	None	007c225c	6b07070100	1	007c225c
0107076c	None	007c3b0c	6c07070100	3	007c3b0c
01070773	20	0074eea4	7307070100	2	0074eea4
01070774	20	0024eb38	7407070100	25	0024eb38	INCONSISTENT
01070775	20	0074eea4	7507070100	3	0074eea4
0107077b	None	007a4e5c	7b07070100	14	007a4e5c
0107077c	None	006e42f8	7c07070100	7	006e42f8
0107077d	None	00751144	7d07070100	20	00751144
01070789	None	007a6f10	8907070100	7	007a6f10
0107078f	20	004141d0	8f07070100	4	004141d0	INCONSISTENT
01070793	0	005d0840	9307070100	1	005d0840
01070794	None	00723e84	9407070100	5	00723e84
01070795	None	00751204	9507070100	16	00751204
010707fa	20	00590002	fa07070100	2	00590002	INCONSISTENT
01070828	None	007fb91c	2808070100	1	007fb91c
01070831	20	00455b88	3108070100	4	00455b88	INCONSISTENT
01070832	None	005b81dc	3208070100	2	005b81dc
01070833	None	006b00c4	3308070100	1	006b00c4
01070835	None	006b00c4	3508070100	1	006b00c4
01070837	None	006b00c4	3708070100	1	006b00c4
01070838	None	006b00c4	3808070100	1	006b00c4
01070839	None	006b00c4	3908070100	1	006b00c4
0107083a	None	006b00c4	3a08070100	1	006b00c4
0107083c	None	006b00c4	3c08070100	1	006b00c4
0107083f	None	006b00c4	3f08070100	1	006b00c4
01070840	None	006b00c4	4008070100	1	006b00c4
01070841	0	005d6238	4108070100	3	005d6238
01070842	None	006b00c4	4208070100	1	006b00c4
01070843	None	006b00c4	4308070100	1	006b00c4
01070847	None	006b00c4	4708070100	1	006b00c4
01070848	None	006b00c4	4808070100	1	006b00c4
01070849	None	006b00c4	4908070100	1	006b00c4
0107084a	None	006b00c4	4a08070100	1	006b00c4
0107084c	None	006b00c4	4c08070100	1	006b00c4
0107084d	None	006b00c4	4d08070100	1	006b00c4
0107084f	None	006b00c4	4f08070100	1	006b00c4
01070851	None	006b00c4	5108070100	1	006b00c4
01070852	None	006b00c4	5208070100	1	006b00c4
01070853	None	006b00c4	5308070100	1	006b00c4
01070854	None	006b00c4	5408070100	1	006b00c4
01070855	None	006b00c4	5508070100	1	006b00c4
01070856	None	006b00c4	5608070100	1	006b00c4
01070857	None	006b00c4	5708070100	1	006b00c4
01070858	None	006b00c4	5808070100	1	006b00c4
01070859	None	006b00c4	5908070100	1	006b00c4
0107085a	None	006b00c4	5a08070100	1	006b00c4
0107085b	None	006b00c4	5b08070100	1	006b00c4
0107085c	0	00413848	5c08070100	34	00413848	INCONSISTENT
0107085e	None	00739b98	5e08070100	1	00739b98
01070861	None	008d8ae4	6108070100	6	008d8ae4
01070862	None	007aa1e0	6208070100	1	007aa1e0
01070864	None	00780934	6408070100	1	00780934
01070865	None	00825ea4	6508070100	4	00825ea4
01070867	None	0028cde4	6708070100	3	0028cde4
01070869	None	0059cfcc	6908070100	1	0059cfcc
0107086d	0	004190b0	6d08070100	2	004190b0	INCONSISTENT
0107087b	1	005ba0b4	7b08070100	1	005ba0b4
0107087f	None	006b00c4	7f08070100	2	006b00c4
01070881	20	0044532a	8108070100	1	0044532a
01070882	20	0044532a	8208070100	1	0044532a
01070883	20	0044532a	8308070100	1	0044532a
01070884	20	0044532a	8408070100	1	0044532a
01070885	20	0044532a	8508070100	1	0044532a
01070886	20	0044532a	8608070100	1	0044532a
01070887	20	0044532a	8708070100	1	0044532a
01070888	20	0044532a	8808070100	1	0044532a
01070889	20	0044532a	8908070100	1	0044532a
0107088a	0	005d0840	8a08070100	17	005d0840	INCONSISTENT
0107088b	20	001d0500	8b08070100	80	001d0500	INCONSISTENT
0107088c	0	005d0840	8c08070100	1	005d0840
0107088d	0	005d0840	8d08070100	1	005d0840
0107088e	None	00727768	8e08070100	1	00727768
010708b8	1	0024eb38	b808070100	41	0024eb38	INCONSISTENT
010708b9	0	0024f280	b908070100	12	0024f280	INCONSISTENT
010708bb	6	005d2870	bb08070100	6	005d2870	INCONSISTENT
010708bc	None	0072718c	bc08070100	8	0072718c
010708be	None	008c8438	be08070100	1	008c8438
010708bf	8	001d255c	bf08070100	98	001d255c	INCONSISTENT
010708c0	None	005d0840	c008070100	1	005d0840
010708c2	2	0021ca08	c208070100	8	0021ca08	INCONSISTENT
010708c3	None	00784894	c308070100	1	00784894
010708c4	20	0075728c	c408070100	5	0075728c
010708c5	None	008c84c4	c508070100	2	008c84c4
010708cc	0	0044a508	cc08070100	3	0044a508
010708ce	None	0082e0e8	ce08070100	2	0082e0e8
010708cf	None	00499e84	cf08070100	1	00499e84
010708db	None	00425664	db08070100	2	00425664
010708dc	11	006da780	dc08070100	1	006da780
010708dd	11	006da780	dd08070100	3	006da780	INCONSISTENT
010708de	None	00324b88	de08070100	1	00324b88
010708e0	None	0075134c	e008070100	20	0075134c
010708e3	0	005d0840	e308070100	2	005d0840
010708e4	None	006e7798	e408070100	1	006e7798
010708f7	None	00424e14	f708070100	3	00424e14
010708fd	None	005b81dc	fd08070100	1	005b81dc
010708ff	None	00296014	ff08070100	1	00296014
0107090f	None	0029287c	0f09070100	6	0029287c
01070915	None	00292754	1509070100	3	00292754
01070916	None	00813a58	1609070100	32	00813a58
01070933	None	00303728	3309070100	3	00303728
01070934	20	004252a8	3409070100	5	004252a8	INCONSISTENT
01070939	None	00591c4a	3909070100	2	00591c4a
01070945	20	00717910	4509070100	3	00717910	INCONSISTENT
0107094f	1	006d1790	4f09070100	6	006d1790
01070950	0	002269c0	5009070100	59	002269c0	INCONSISTENT
0107095b	None	007e4970	5b09070100	4	007e4970
0107096b	20	0045381c	6b09070100	4	0045381c
01070978	11	00728780	7809070100	1	00728780
0107099a	1	00414798	9a09070100	17	00414798	INCONSISTENT
0107099e	None	00329788	9e09070100	1	00329788
010709a7	None	0070ae34	a709070100	8	0070ae34
010709ab	None	00291498	ab09070100	2	00291498
010709b0	None	0042bf40	b009070100	2	0042bf40
010709b5	None	006b00c4	b509070100	1	006b00c4
010709c6	0	00455b88	c609070100	9	00455b88	INCONSISTENT
010709c7	20	00447edc	c709070100	6	00447edc	INCONSISTENT
010709d1	None	005d0840	d109070100	5	005d0840
010709d3	None	00866c3c	d309070100	1	00866c3c
010709e0	None	007474d0	e009070100	9	007474d0
010709ed	None	00324e98	ed09070100	1	00324e98
010709ee	2	005bafcc	ee09070100	2	005bafcc	INCONSISTENT
010709ef	None	0063fe98	ef09070100	1	0063fe98
010709f0	None	0058ed3c	f009070100	1	0058ed3c
010709f9	None	0044eda8	f909070100	1	0044eda8
010709fd	None	008d8cf4	fd09070100	10	008d8cf4
01070a01	None	00788324	010a070100	1	00788324
01070a03	None	0080453c	030a070100	18	0080453c
01070a06	None	00710f00	060a070100	4	00710f00
01070a08	None	00724a38	080a070100	2	00724a38
01070a09	20	00745410	090a070100	9	00745410	INCONSISTENT
01070a0a	20	004493b8	0a0a070100	7	004493b8	INCONSISTENT
01070a0c	0	00829018	0c0a070100	3	00829018
01070a0e	0	006ff00c	0e0a070100	5	006ff00c	INCONSISTENT
01070a33	None	00704c50	330a070100	1	00704c50
01070a43	None	007aed38	430a070100	4	007aed38
01070a44	20	00434c90	440a070100	42	00434c90	INCONSISTENT
01070a45	0	00217624	450a070100	70	00217624	INCONSISTENT
01070a46	1	001dcc8c	460a070100	21	001dcc8c	INCONSISTENT
01070a47	0	001dc078	470a070100	119	001dc078	INCONSISTENT
01070a48	None	005ceb7c	480a070100	5	005ceb7c
01070a49	None	005ceb7c	490a070100	4	005ceb7c
01070a4a	None	002a7678	4a0a070100	5	002a7678
01070a4d	16	00623524	4d0a070100	1	00623524
01070a4e	20	0044f95c	4e0a070100	52	0044f95c	INCONSISTENT
01070a4f	0	00299f74	4f0a070100	38	00299f74	INCONSISTENT
01070a50	0	002a5ed8	500a070100	18	002a5ed8	INCONSISTENT
01070a51	None	006e2840	510a070100	2	006e2840
01070a53	255	0028f730	530a070100	13	0028f730	INCONSISTENT
01070a56	2	002aa458	560a070100	3	002aa458	INCONSISTENT
01070a59	20	00434c90	590a070100	3	00434c90
01070a5a	20	00434c90	5a0a070100	3	00434c90
01070a5c	20	00434c90	5c0a070100	3	00434c90
01070a5d	20	0044d8f0	5d0a070100	3	0044d8f0	INCONSISTENT
01070a5e	0	00413848	5e0a070100	26	00413848	INCONSISTENT
01070a5f	0	00217290	5f0a070100	7	00217290	INCONSISTENT
01070a60	None	00326ca0	600a070100	4	00326ca0
01070a64	0	00701080	640a070100	2	00701080	INCONSISTENT
01070a6b	0	00829018	6b0a070100	5	00829018
01070a6c	0	00829018	6c0a070100	1	00829018
01070a70	0	006ff00c	700a070100	4	006ff00c	INCONSISTENT
01070a72	None	006eaa18	720a070100	1	006eaa18
01070a73	None	0074fdf8	730a070100	1	0074fdf8
01070a74	None	00896f94	740a070100	1	00896f94
01070a75	None	00896cd8	750a070100	1	00896cd8
01070a76	None	00431c70	760a070100	1	00431c70
01070a79	None	00431c70	790a070100	1	00431c70
01070a7a	None	00431c70	7a0a070100	1	00431c70
01070a7c	None	00431bdc	7c0a070100	1	00431bdc
01070a7d	None	00431bdc	7d0a070100	1	00431bdc
01070a80	None	00431c70	800a070100	1	00431c70
01070a83	None	00431bdc	830a070100	1	00431bdc
01070a8d	None	007a383c	8d0a070100	2	007a383c
01070a90	0	006fdbe4	900a070100	2	006fdbe4	INCONSISTENT
01070aa9	None	007116d0	a90a070100	2	007116d0
01070aaa	238	007116d0	aa0a070100	1	007116d0
01070aab	None	007e5908	ab0a070100	1	007e5908
01070aad	None	004279b4	ad0a070100	7	004279b4
01070ab1	20	007116d0	b10a070100	2	007116d0
01070ab2	20	007116d0	b20a070100	1	007116d0
01070ab8	None	007a68d8	b80a070100	5	007a68d8
01070ab9	None	0045e6f0	b90a070100	2	0045e6f0
01070aba	None	0045e6f0	ba0a070100	1	0045e6f0
01070abc	None	00762bf4	bc0a070100	6	00762bf4
01070abf	90	0074019c	bf0a070100	2	0074019c
01070ac4	None	0071a5e8	c40a070100	6	0071a5e8
01070af0	None	005d0fa8	f00a070100	1	005d0fa8
01070af9	None	003014f0	f90a070100	5	003014f0
01070afa	0	002ff988	fa0a070100	4	002ff988	INCONSISTENT
01070b09	0	005dcfdc	090b070100	17	005dcfdc	INCONSISTENT
01070b0e	1	0024eb38	0e0b070100	8	0024eb38	INCONSISTENT
01070b2a	20	00455b88	2a0b070100	8	00455b88	INCONSISTENT
01070b2c	None	0070a914	2c0b070100	1	0070a914
01070b2f	None	006ea510	2f0b070100	1	006ea510
01070b30	20	00445638	300b070100	1	00445638
01070b31	20	00445638	310b070100	1	00445638
01070b32	20	00445638	320b070100	1	00445638
01070b33	20	00445638	330b070100	1	00445638
01070b34	20	00445638	340b070100	1	00445638
01070b35	20	00445638	350b070100	1	00445638
01070b36	20	00445638	360b070100	1	00445638
01070b37	20	00445638	370b070100	1	00445638
01070b38	20	00445638	380b070100	1	00445638
01070b39	20	00445638	390b070100	1	00445638
01070b3f	None	0042b2dc	3f0b070100	1	0042b2dc
01070b40	None	0042b2dc	400b070100	1	0042b2dc
01070b43	None	006ed674	430b070100	1	006ed674
01070b47	None	00708acc	470b070100	1	00708acc
01070b48	None	007088dc	480b070100	1	007088dc
01070b4f	None	005c9718	4f0b070100	1	005c9718
01070b50	None	00756834	500b070100	19	00756834
01070b56	None	00499e84	560b070100	1	00499e84
01070b58	None	006f0518	580b070100	1	006f0518
01070b61	None	001c6284	610b070100	2	001c6284
01070b63	None	006c917c	630b070100	2	006c917c
01070b66	None	00290084	660b070100	1	00290084
01070b67	None	005d0840	670b070100	3	005d0840
01070b6e	None	008127d0	6e0b070100	1	008127d0
01070b6f	None	0072d880	6f0b070100	3	0072d880
01070b72	None	002f446c	720b070100	1	002f446c
01070c14	None	0075828c	140c070100	2	0075828c
01070c15	None	006fac6c	150c070100	4	006fac6c
01070c6d	0	00217c54	6d0c070100	28	00217c54	INCONSISTENT
01070c71	None	007014b0	710c070100	5	007014b0
01070c72	None	007f3910	720c070100	6	007f3910
01070c74	0	002269c0	740c070100	5	002269c0	INCONSISTENT
01070c75	4	001dbe28	750c070100	12	001dbe28	INCONSISTENT
01070c7c	0	005d0840	7c0c070100	2	005d0840
01070c7e	0	001cafdc	7e0c070100	6	001cafdc	INCONSISTENT
01070c7f	1	001cafdc	7f0c070100	28	001cafdc	INCONSISTENT
01070c80	None	006b00c4	800c070100	1	006b00c4
01070c83	0	00217c54	830c070100	24	00217c54	INCONSISTENT
01070c84	None	007075c0	840c070100	1	007075c0
01070c85	None	007075c0	850c070100	1	007075c0
01070c86	1	006927e4	860c070100	6	006927e4	INCONSISTENT
01070c87	None	007075c0	870c070100	1	007075c0
01070c88	None	007075c0	880c070100	1	007075c0
01070c89	None	007075c0	890c070100	1	007075c0
01070c8a	11	00435b68	8a0c070100	9	00435b68	INCONSISTENT
01070c8c	0	002ab1e8	8c0c070100	2	002ab1e8	INCONSISTENT
01070c8f	0	001c1fe4	8f0c070100	46	001c1fe4	INCONSISTENT
01070c94	None	008736b2	940c070100	5	008736b2
01070c96	None	0072a82c	960c070100	3	0072a82c
01070c98	None	0072a82c	980c070100	3	0072a82c
01070c9a	0	0041895c	9a0c070100	27	0041895c	INCONSISTENT
01070c9c	None	0072a82c	9c0c070100	3	0072a82c
01070c9e	0	0041895c	9e0c070100	15	0041895c	INCONSISTENT
01070ca0	0	0041895c	a00c070100	57	0041895c	INCONSISTENT
01070ca1	None	00324e98	a10c070100	1	00324e98
01070ca2	None	0028e7ac	a20c070100	3	0028e7ac
01070ca3	None	0078039e	a30c070100	4	0078039e
01070cad	None	00425664	ad0c070100	5	00425664
01070cb2	None	007534cc	b20c070100	2	007534cc
01070cb3	None	003250fc	b30c070100	2	003250fc
01070cc1	None	00831bd2	c10c070100	1	00831bd2
01070cc8	0	006d4344	c80c070100	12	006d4344	INCONSISTENT
01070cc9	0	006d4344	c90c070100	20	006d4344	INCONSISTENT
01070cca	None	0059eea8	ca0c070100	2	0059eea8
01070ccd	None	00830e80	cd0c070100	19	00830e80
01070cd3	6	005d2870	d30c070100	4	005d2870	INCONSISTENT
01070cd6	None	006c9198	d60c070100	4	006c9198
01070cd7	None	006c9198	d70c070100	6	006c9198
01070cd8	20	00445964	d80c070100	4	00445964	INCONSISTENT
01070cd9	0	0041895c	d90c070100	15	0041895c	INCONSISTENT
01070cdb	6	005d2870	db0c070100	2	005d2870	INCONSISTENT
01070cdc	None	007eeac0	dc0c070100	6	007eeac0
01070cde	20	00445964	de0c070100	3	00445964	INCONSISTENT
01070ce4	None	001c810c	e40c070100	1	001c810c
01070cf9	1	002952f0	f90c070100	7	002952f0	INCONSISTENT
01070cfb	1	001a3f14	fb0c070100	7	001a3f14	INCONSISTENT
01070cfe	20	00445964	fe0c070100	5	00445964	INCONSISTENT
01070d00	0	0044e07c	000d070100	2	0044e07c	INCONSISTENT
01070d0a	None	00730ec0	0a0d070100	4	00730ec0
01070d0b	None	00701bbc	0b0d070100	4	00701bbc
01070d0c	None	00729e0c	0c0d070100	4	00729e0c
01070d0d	0	0044e07c	0d0d070100	12	0044e07c	INCONSISTENT
01070d0e	20	006a830e	0e0d070100	13	006a830e	INCONSISTENT
01070d0f	0	00455b88	0f0d070100	4	00455b88	INCONSISTENT
01070d12	0	0041895c	120d070100	13	0041895c	INCONSISTENT
01070d14	0	0041895c	140d070100	10	0041895c	INCONSISTENT
01070d15	0	0041895c	150d070100	13	0041895c	INCONSISTENT
01070e09	None	006b00c4	090e070100	1	006b00c4
01070e0a	None	006b00c4	0a0e070100	1	006b00c4
01070e0b	None	006b00c4	0b0e070100	1	006b00c4
01070e0c	None	006b00c4	0c0e070100	1	006b00c4
01070e0d	None	006b00c4	0d0e070100	1	006b00c4
01070e0e	None	006b00c4	0e0e070100	1	006b00c4
01070e0f	None	006b00c4	0f0e070100	1	006b00c4
01070e10	None	006b00c4	100e070100	1	006b00c4
01070e11	None	006b00c4	110e070100	1	006b00c4
01070e12	None	006b00c4	120e070100	1	006b00c4
01070e13	None	006b00c4	130e070100	1	006b00c4
01070e14	None	006b00c4	140e070100	1	006b00c4
01070e15	None	006b00c4	150e070100	1	006b00c4
01070e16	None	006b00c4	160e070100	1	006b00c4
01070e17	None	006b00c4	170e070100	1	006b00c4
01070e18	None	006b00c4	180e070100	1	006b00c4
01070e19	None	006b00c4	190e070100	1	006b00c4
01070e1a	None	006b00c4	1a0e070100	1	006b00c4
01070e1b	None	006b00c4	1b0e070100	1	006b00c4
01070e1c	None	006b00c4	1c0e070100	1	006b00c4
01070e1d	None	006b00c4	1d0e070100	1	006b00c4
01070e1e	None	006b00c4	1e0e070100	1	006b00c4
01070e1f	None	006b00c4	1f0e070100	1	006b00c4
01070e20	None	006b00c4	200e070100	1	006b00c4
01070e22	None	006b00c4	220e070100	1	006b00c4
01070e23	None	006b00c4	230e070100	1	006b00c4
01070e26	None	006b00c4	260e070100	1	006b00c4
01070e27	None	006b00c4	270e070100	1	006b00c4
01070e28	None	006b00c4	280e070100	1	006b00c4
01070e2a	None	006b00c4	2a0e070100	1	006b00c4
01070e2b	None	006b00c4	2b0e070100	1	006b00c4
01070e2c	None	006b00c4	2c0e070100	1	006b00c4
01070e2d	None	006b00c4	2d0e070100	1	006b00c4
01070e2f	None	006b00c4	2f0e070100	1	006b00c4
01070e30	None	006b00c4	300e070100	1	006b00c4
01070e31	None	006b00c4	310e070100	1	006b00c4
01070e33	None	006b00c4	330e070100	1	006b00c4
01070e35	None	006b00c4	350e070100	1	006b00c4
01070e36	None	006b00c4	360e070100	1	006b00c4
01070e37	None	006b00c4	370e070100	1	006b00c4
01070e39	None	006b00c4	390e070100	1	006b00c4
01070e3a	None	006b00c4	3a0e070100	1	006b00c4
01070e3b	None	006b00c4	3b0e070100	1	006b00c4
01070e3c	None	006b00c4	3c0e070100	1	006b00c4
01070e3d	None	006b00c4	3d0e070100	1	006b00c4
01070e3e	None	006b00c4	3e0e070100	1	006b00c4
01070e3f	None	006b00c4	3f0e070100	1	006b00c4
01070e40	None	006b00c4	400e070100	1	006b00c4
01070e41	None	006b00c4	410e070100	1	006b00c4
01070e44	None	006b00c4	440e070100	1	006b00c4
01070e45	None	006b00c4	450e070100	1	006b00c4
01070e46	None	006b00c4	460e070100	1	006b00c4
01070e48	None	006b00c4	480e070100	1	006b00c4
01070e49	None	006b00c4	490e070100	1	006b00c4
01070e4a	None	006b00c4	4a0e070100	1	006b00c4
01070e4b	None	006b00c4	4b0e070100	1	006b00c4
01070e4c	None	006b00c4	4c0e070100	1	006b00c4
01070e4d	None	006b00c4	4d0e070100	1	006b00c4
01070e4e	None	006b00c4	4e0e070100	1	006b00c4
01070e4f	None	00747d22	4f0e070100	2	00747d22
01070e50	None	006b00c4	500e070100	1	006b00c4
01070e51	None	006b00c4	510e070100	1	006b00c4
01070e52	None	006b00c4	520e070100	1	006b00c4
01070e53	None	006b00c4	530e070100	1	006b00c4
01070e54	None	006b00c4	540e070100	1	006b00c4
01070e55	None	006b00c4	550e070100	1	006b00c4
01070e56	None	006b00c4	560e070100	1	006b00c4
01070e57	None	006b00c4	570e070100	1	006b00c4
01070e58	None	006b00c4	580e070100	1	006b00c4
01070e59	None	006b00c4	590e070100	1	006b00c4
01070e5a	None	006b00c4	5a0e070100	1	006b00c4
01070e5b	None	006b00c4	5b0e070100	1	006b00c4
01070e5c	None	006b00c4	5c0e070100	1	006b00c4
01070e5e	None	006b00c4	5e0e070100	1	006b00c4
01070e5f	None	006b00c4	5f0e070100	1	006b00c4
01070e60	None	006b00c4	600e070100	1	006b00c4
01070e61	None	006b00c4	610e070100	1	006b00c4
01070e62	None	006b00c4	620e070100	1	006b00c4
01070e63	None	006b00c4	630e070100	1	006b00c4
01070e64	None	006b00c4	640e070100	1	006b00c4
01070e65	None	006b00c4	650e070100	1	006b00c4
01070e68	None	006b00c4	680e070100	1	006b00c4
01070e69	None	006b00c4	690e070100	1	006b00c4
01070e6a	None	006b00c4	6a0e070100	1	006b00c4
01070e6b	None	006b00c4	6b0e070100	1	006b00c4
01070e6d	None	006b00c4	6d0e070100	1	006b00c4
01070e6e	None	006b00c4	6e0e070100	1	006b00c4
01070e6f	None	006b00c4	6f0e070100	1	006b00c4
01070e71	None	006b00c4	710e070100	1	006b00c4
01070e72	None	006b00c4	720e070100	1	006b00c4
01070e73	None	006b00c4	730e070100	1	006b00c4
01070e75	None	006b00c4	750e070100	1	006b00c4
01070e76	None	006b00c4	760e070100	1	006b00c4
01070e77	None	006b00c4	770e070100	1	006b00c4
01070e7a	None	006b00c4	7a0e070100	1	006b00c4
01070e7b	None	006b00c4	7b0e070100	1	006b00c4
01070e7c	None	006b00c4	7c0e070100	1	006b00c4
01070e7e	None	006b00c4	7e0e070100	1	006b00c4
01070e7f	None	006b00c4	7f0e070100	1	006b00c4
01070e81	None	006b00c4	810e070100	1	006b00c4
01070e82	None	006b00c4	820e070100	1	006b00c4
01070e83	None	006b00c4	830e070100	1	006b00c4
01070e85	None	006b00c4	850e070100	1	006b00c4
01070e86	None	006b00c4	860e070100	1	006b00c4
01070e87	None	006b00c4	870e070100	1	006b00c4
01070e89	None	006b00c4	890e070100	1	006b00c4
01070e8a	None	006b00c4	8a0e070100	1	006b00c4
01070e8d	None	006b00c4	8d0e070100	1	006b00c4
01070e8e	None	006b00c4	8e0e070100	1	006b00c4
01070e8f	None	006b00c4	8f0e070100	1	006b00c4
01070e91	None	006b00c4	910e070100	1	006b00c4
01070e92	None	006b00c4	920e070100	1	006b00c4
01070e93	None	006b00c4	930e070100	1	006b00c4
01070e95	None	006b00c4	950e070100	1	006b00c4
01070e96	None	006b00c4	960e070100	1	006b00c4
01070e97	None	006b00c4	970e070100	1	006b00c4
01070e98	None	006b00c4	980e070100	1	006b00c4
01070e99	None	006b00c4	990e070100	1	006b00c4
01070e9a	None	006b00c4	9a0e070100	1	006b00c4
01070e9b	None	006b00c4	9b0e070100	1	006b00c4
01070e9c	None	006b00c4	9c0e070100	1	006b00c4
01070e9d	None	006b00c4	9d0e070100	1	006b00c4
01070e9e	None	006b00c4	9e0e070100	1	006b00c4
01070e9f	None	006b00c4	9f0e070100	1	006b00c4
01070ea0	None	006b00c4	a00e070100	1	006b00c4
01070ea1	None	006b00c4	a10e070100	1	006b00c4
01070ea2	None	006b00c4	a20e070100	1	006b00c4
01070ea3	None	006b00c4	a30e070100	1	006b00c4
01070ea4	None	006b00c4	a40e070100	1	006b00c4
01070ea5	None	006b00c4	a50e070100	1	006b00c4
01070ea6	None	006b00c4	a60e070100	1	006b00c4
01070ea7	None	006b00c4	a70e070100	1	006b00c4
01070ea8	None	006b00c4	a80e070100	1	006b00c4
01070ea9	None	006b00c4	a90e070100	1	006b00c4
01070eaa	None	006b00c4	aa0e070100	1	006b00c4
01070eab	None	006b00c4	ab0e070100	1	006b00c4
01070eac	None	006b00c4	ac0e070100	1	006b00c4
01070ead	None	006b00c4	ad0e070100	1	006b00c4
01070eaf	None	006b00c4	af0e070100	1	006b00c4
01070eb0	None	006b00c4	b00e070100	1	006b00c4
01070eb1	None	006b00c4	b10e070100	1	006b00c4
01070eb2	None	006b00c4	b20e070100	1	006b00c4
01070eb3	None	006b00c4	b30e070100	1	006b00c4
01070eb4	None	006b00c4	b40e070100	1	006b00c4
01070eb5	None	006b00c4	b50e070100	1	006b00c4
01070eb6	None	006b00c4	b60e070100	1	006b00c4
01070eb7	None	006b00c4	b70e070100	1	006b00c4
01070eb8	None	006b00c4	b80e070100	1	006b00c4
01070eb9	None	006b00c4	b90e070100	1	006b00c4
01070eba	None	006b00c4	ba0e070100	1	006b00c4
01070ebc	None	006b00c4	bc0e070100	1	006b00c4
01070ebd	None	006b00c4	bd0e070100	1	006b00c4
01070ebe	None	006b00c4	be0e070100	1	006b00c4
01070ebf	None	006b00c4	bf0e070100	1	006b00c4
01070ec0	None	006b00c4	c00e070100	1	006b00c4
01070ec1	None	006b00c4	c10e070100	1	006b00c4
01070ec3	None	006b00c4	c30e070100	1	006b00c4
01070ec4	None	006b00c4	c40e070100	1	006b00c4
01070ec5	None	006b00c4	c50e070100	1	006b00c4
01070ec6	None	006b00c4	c60e070100	1	006b00c4
01070ec8	None	006b00c4	c80e070100	1	006b00c4
01070ec9	None	006b00c4	c90e070100	1	006b00c4
01070ecc	None	006b00c4	cc0e070100	1	006b00c4
01070ecd	None	006b00c4	cd0e070100	1	006b00c4
01070ece	None	006b00c4	ce0e070100	1	006b00c4
01070ecf	None	006b00c4	cf0e070100	1	006b00c4
01070ed1	None	006b00c4	d10e070100	1	006b00c4
01070ed2	None	006b00c4	d20e070100	1	006b00c4
01070ed5	None	006b00c4	d50e070100	1	006b00c4
01070ed6	None	006b00c4	d60e070100	1	006b00c4
01070ed7	None	006b00c4	d70e070100	1	006b00c4
01070ed9	None	006b00c4	d90e070100	1	006b00c4
01070eda	None	006b00c4	da0e070100	1	006b00c4
01070edb	None	006b00c4	db0e070100	1	006b00c4
01070edc	None	006b00c4	dc0e070100	1	006b00c4
01070ede	None	006b00c4	de0e070100	1	006b00c4
01070edf	None	006b00c4	df0e070100	1	006b00c4
01070ee0	None	006b00c4	e00e070100	1	006b00c4
01070ee2	0	001cc8e0	e20e070100	37	001cc8e0	INCONSISTENT
01070ee3	11	00749640	e30e070100	2	00749640	INCONSISTENT
01070ee4	0	001c1fe4	e40e070100	11	001c1fe4	INCONSISTENT
01070ee5	None	00424868	e50e070100	8	00424868
01070ee6	1	001a3f14	e60e070100	74	001a3f14	INCONSISTENT
01070ee8	None	00329be8	e80e070100	3	00329be8
01070eec	None	00774e34	ec0e070100	9	00774e34
01070eed	None	0042b2dc	ed0e070100	1	0042b2dc
01070eef	None	006f0eb4	ef0e070100	10	006f0eb4
01070ef0	0	002ab290	f00e070100	3	002ab290	INCONSISTENT
01070ef1	0	0029d802	f10e070100	1	0029d802
01070f10	6	001da290	100f070100	6	001da290	INCONSISTENT
01070f11	0	00295e6c	110f070100	2	00295e6c
01070f12	0	00295e6c	120f070100	2	00295e6c
01070f13	None	00295e6c	130f070100	2	00295e6c
01070f14	0	00295e6c	140f070100	2	00295e6c
01070f15	0	00295e6c	150f070100	2	00295e6c
01070f16	None	00295e6c	160f070100	2	00295e6c
01070f17	None	00295e6c	170f070100	2	00295e6c
01071094	20	0044c09c	9410070100	2	0044c09c	INCONSISTENT
0107119d	20	00455b88	9d11070100	11	00455b88	INCONSISTENT
010711aa	None	00822b0e	aa11070100	4	00822b0e
0107138b	None	00713eec	8b13070100	5	00713eec
010713c6	None	00751a20	c613070100	4	00751a20
010713c7	None	002fae5c	c713070100	1	002fae5c
010713c9	100	0071d6f4	c913070100	7	0071d6f4	INCONSISTENT
010713ca	0	00715874	ca13070100	2	00715874	INCONSISTENT
010713cb	None	002adb74	cb13070100	7	002adb74
010713cc	None	00831b6c	cc13070100	6	00831b6c
010713d7	None	00715718	d713070100	3	00715718
010713d8	0	00715874	d813070100	2	00715874	INCONSISTENT
010713da	0	00715874	da13070100	1	00715874
010713ea	1	004139bc	ea13070100	9	004139bc	INCONSISTENT
010713ef	None	007523bc	ef13070100	1	007523bc
010713f0	None	006e6990	f013070100	1	006e6990
010713f1	20	00721c5c	f113070100	1	00721c5c
010713f2	None	00771f60	f213070100	5	00771f60
010713fc	0	00758e60	fc13070100	1	00758e60
010713fe	0	00758e60	fe13070100	1	00758e60
010713ff	None	006d759c	ff13070100	1	006d759c
01071400	0	002ab258	0014070100	2	002ab258	INCONSISTENT
01071401	11	00759004	0114070100	1	00759004
01071452	None	0072a82c	5214070100	3	0072a82c
01071453	None	007088dc	5314070100	2	007088dc
01071454	116	00707ee4	5414070100	2	00707ee4
01071455	116	00708318	5514070100	2	00708318
01071459	0	004190b0	5914070100	12	004190b0	INCONSISTENT
0107145c	38	0071ec78	5c14070100	2	0071ec78
0107145d	0	0041895c	5d14070100	12	0041895c	INCONSISTENT
0107145e	0	004190b0	5e14070100	3	004190b0	INCONSISTENT
0107145f	None	00745410	5f14070100	4	00745410
01071463	20	0044e16c	6314070100	5	0044e16c	INCONSISTENT
01071468	None	008112e8	6814070100	17	008112e8
01071469	None	008112e8	6914070100	14	008112e8
0107146b	None	00786ed0	6b14070100	5	00786ed0
0107146c	None	008173ac	6c14070100	1	008173ac
0107146d	0	006a16b8	6d14070100	41	006a16b8
01071471	None	00713eec	7114070100	3	00713eec
01071472	20	005b6af0	7214070100	22	005b6af0	INCONSISTENT
01071473	None	007429e8	7314070100	5	007429e8
01071474	None	007429e8	7414070100	1	007429e8
01071479	None	00742818	7914070100	6	00742818
0107147a	None	00742818	7a14070100	1	00742818
0107147f	None	007429e8	7f14070100	5	007429e8
01071480	None	007429e8	8014070100	5	007429e8
01071481	None	007429e8	8114070100	5	007429e8
01071482	None	007429e8	8214070100	5	007429e8
01071483	None	007429e8	8314070100	5	007429e8
01071484	None	007429e8	8414070100	5	007429e8
01071485	None	00742818	8514070100	5	00742818
01071486	None	00742818	8614070100	5	00742818
01071487	None	00742818	8714070100	5	00742818
01071488	None	00742818	8814070100	5	00742818
01071489	None	00742818	8914070100	5	00742818
0107148a	None	00742818	8a14070100	5	00742818
0107148b	None	003292fc	8b14070100	1	003292fc
010714a0	20	00447edc	a014070100	7	00447edc	INCONSISTENT
010714a1	0	001ca060	a114070100	22	001ca060	INCONSISTENT
010714a2	0	001c9f38	a214070100	33	001c9f38	INCONSISTENT
010714a3	20	0029f222	a314070100	17	0029f222	INCONSISTENT
010714a6	0	00455b88	a614070100	2	00455b88	INCONSISTENT
010714a8	None	0032dfc8	a814070100	2	0032dfc8
010714a9	0	001ca060	a914070100	9	001ca060	INCONSISTENT
010714aa	None	0032dfc8	aa14070100	2	0032dfc8
010714ab	None	002b52fc	ab14070100	5	002b52fc
010714b4	1	0044aea4	b414070100	2	0044aea4	INCONSISTENT
010714b7	16	00434988	b714070100	2	00434988	INCONSISTENT
010714b8	None	00295e6c	b814070100	2	00295e6c
010714b9	None	002f3718	b914070100	1	002f3718
010714dd	None	0028e7ac	dd14070100	3	0028e7ac
010714df	None	0028e7ac	df14070100	3	0028e7ac
010714e1	None	0028e7ac	e114070100	3	0028e7ac
010714e3	None	0028e7ac	e314070100	3	0028e7ac
010714e5	None	0028e7ac	e514070100	3	0028e7ac
010714e7	None	0028e7ac	e714070100	3	0028e7ac
010714e9	None	0028e7ac	e914070100	3	0028e7ac
010714eb	None	0028e7ac	eb14070100	3	0028e7ac
010714ed	None	0028e7ac	ed14070100	3	0028e7ac
010714ef	None	0028e7ac	ef14070100	3	0028e7ac
010714f1	None	0028e7ac	f114070100	3	0028e7ac
010714f3	None	0028e7ac	f314070100	3	0028e7ac
010714f5	None	0028e7ac	f514070100	3	0028e7ac
010714f7	None	0028e7ac	f714070100	3	0028e7ac
010714f8	None	0028e7ac	f814070100	3	0028e7ac
010714f9	None	0028e7ac	f914070100	3	0028e7ac
01071521	11	0070d640	2115070100	8	0070d640	INCONSISTENT
01071522	78	007320c2	2215070100	9	007320c2	INCONSISTENT
01071528	None	00758c30	2815070100	1	00758c30
0107152a	1	0044eda8	2a15070100	8	0044eda8	INCONSISTENT
0107152b	137	006e71ee	2b15070100	9	006e71ee	INCONSISTENT
0107152c	138	006e73e4	2c15070100	8	006e73e4	INCONSISTENT
0107152d	140	006e73e4	2d15070100	8	006e73e4	INCONSISTENT
0107152e	141	006e73e4	2e15070100	8	006e73e4	INCONSISTENT
0107152f	140	0075fd64	2f15070100	12	0075fd64	INCONSISTENT
01071530	141	006e73e4	3015070100	12	006e73e4	INCONSISTENT
01071531	141	006e73e4	3115070100	10	006e73e4	INCONSISTENT
01071532	141	006e73e4	3215070100	8	006e73e4	INCONSISTENT
01071533	141	006e73e4	3315070100	12	006e73e4	INCONSISTENT
01071535	None	002b52fc	3515070100	4	002b52fc
01071537	0	0019f120	3715070100	44	0019f120	INCONSISTENT
0107153b	None	00723764	3b15070100	2	00723764
0107153d	20	001d0500	3d15070100	5	001d0500	INCONSISTENT
0107153f	0	0019f120	3f15070100	10	0019f120	INCONSISTENT
01071540	None	007d70d8	4015070100	17	007d70d8
01071542	None	007180dc	4215070100	7	007180dc
01071547	None	008173ac	4715070100	3	008173ac
0107154b	0	0024b4c4	4b15070100	12	0024b4c4	INCONSISTENT
0107154d	None	007155b0	4d15070100	2	007155b0
0107154f	None	007ecdf4	4f15070100	9	007ecdf4
01071561	20	00713104	6115070100	16	00713104	INCONSISTENT
01071565	20	006e3a24	6515070100	2	006e3a24	INCONSISTENT
01071567	None	0074da28	6715070100	1	0074da28
01071569	None	008d9254	6915070100	1	008d9254
0107156a	0	001dfd3c	6a15070100	25	001dfd3c	INCONSISTENT
0107156d	0	004488dc	6d15070100	38	004488dc	INCONSISTENT
0107156e	0	004488dc	6e15070100	25	004488dc	INCONSISTENT
01071570	0	0044a038	7015070100	8	0044a038	INCONSISTENT
01071571	0	004488dc	7115070100	5	004488dc	INCONSISTENT
01071572	0	004488dc	7215070100	7	004488dc	INCONSISTENT
01071575	0	002ac92c	7515070100	1	002ac92c
0107157e	None	00752c24	7e15070100	1	00752c24
0107157f	20	00213a94	7f15070100	17	00213a94	INCONSISTENT
01071580	20	008c994c	8015070100	2	008c994c	INCONSISTENT
01071581	24	008c994c	8115070100	1	008c994c
01071586	None	0045e6f0	8615070100	1	0045e6f0
01071587	None	0045e6f0	8715070100	1	0045e6f0
01071589	None	005d0840	8915070100	3	005d0840
01071597	11	0074b7a4	9715070100	1	0074b7a4
0107159b	None	002f3e60	9b15070100	3	002f3e60
010715a3	None	00448b70	a315070100	2	00448b70
010715a5	0	002b4e60	a515070100	20	002b4e60	INCONSISTENT
010715c0	0	00324efc	c015070100	2	00324efc	INCONSISTENT
010715c3	0	0021d378	c315070100	2	0021d378	INCONSISTENT
010715c4	0	004190b0	c415070100	2	004190b0	INCONSISTENT
010715ca	None	007dea74	ca15070100	1	007dea74
010715cd	0	001dc078	cd15070100	2	001dc078
010715ce	None	0081e764	ce15070100	14	0081e764
010715d1	None	004479a4	d115070100	1	004479a4
010715d2	0	007a91b4	d215070100	11	007a91b4	INCONSISTENT
010715d3	0	007a91b4	d315070100	2	007a91b4	INCONSISTENT
010715d4	0	007a91b4	d415070100	2	007a91b4	INCONSISTENT
010715d5	0	007a91b4	d515070100	2	007a91b4	INCONSISTENT
010715d6	0	007a91b4	d615070100	2	007a91b4	INCONSISTENT
010715e0	None	005b6946	e015070100	1	005b6946
010715e4	None	00299f74	e415070100	1	00299f74
0107160a	24	0084aeb4	0a16070100	1	0084aeb4
0107160b	24	0084aeb4	0b16070100	2	0084aeb4	INCONSISTENT
0107173b	None	0042e1a0	3b17070100	1	0042e1a0
0107173d	None	002a3c3c	3d17070100	1	002a3c3c
0107173e	1	006d4f10	3e17070100	1	006d4f10
0107173f	None	002a3c3c	3f17070100	1	002a3c3c
01071741	None	00754f60	4117070100	5	00754f60
01071742	None	002f8ec8	4217070100	2	002f8ec8
01071746	None	006d7acc	4617070100	2	006d7acc
01071747	None	006d7834	4717070100	1	006d7834
01071748	0	0044e16c	4817070100	4	0044e16c	INCONSISTENT
01071749	0	0044e0f4	4917070100	2	0044e0f4	INCONSISTENT
0107174a	0	00217f6c	4a17070100	24	00217f6c	INCONSISTENT
0107174b	0	00217de0	4b17070100	23	00217de0	INCONSISTENT
0107175a	20	0029f222	5a17070100	14	0029f222	INCONSISTENT
0107175b	20	0029f222	5b17070100	8	0029f222	INCONSISTENT
01071781	11	005a0304	8117070100	7	005a0304	INCONSISTENT
01071782	11	005a0304	8217070100	15	005a0304	INCONSISTENT
01071783	None	00731a8c	8317070100	4	00731a8c
01071784	None	005d0840	8417070100	3	005d0840
01071785	0	001f6860	8517070100	16	001f6860	INCONSISTENT
010717ac	19	0063fdac	ac17070100	1	0063fdac
010717ad	None	00762210	ad17070100	28	00762210
010717ae	98	001c666c	ae17070100	22	001c666c	INCONSISTENT
010717af	None	00725714	af17070100	5	00725714
010717b3	None	007f1aa6	b317070100	16	007f1aa6
010717bc	20	0063fdac	bc17070100	1	0063fdac
010717be	22	0063fdac	be17070100	1	0063fdac
010717bf	23	0063fdac	bf17070100	1	0063fdac
010717c0	None	0028e510	c017070100	1	0028e510
010717c1	None	00429cd4	c117070100	6	00429cd4
010717c2	None	001d7778	c217070100	1	001d7778
010717c3	20	004493b8	c317070100	4	004493b8	INCONSISTENT
010717cb	20	006a5cd0	cb17070100	4	006a5cd0	INCONSISTENT
010717cc	None	008c9740	cc17070100	11	008c9740
010717cf	0	0044e16c	cf17070100	1	0044e16c
010717d0	0	0044e0f4	d017070100	1	0044e0f4
010717d1	0	0029c1d0	d117070100	3	0029c1d0	INCONSISTENT
010717d2	0	0029c088	d217070100	3	0029c088	INCONSISTENT
010717d7	0	00455b88	d717070100	1	00455b88
010717d8	0	00455b88	d817070100	1	00455b88
010717e1	0	00455b88	e117070100	2	00455b88	INCONSISTENT
010717e2	0	00455b88	e217070100	2	00455b88	INCONSISTENT
010717e5	0	002ab44c	e517070100	2	002ab44c	INCONSISTENT
010717ea	0	001d9c74	ea17070100	4	001d9c74	INCONSISTENT
010717ec	0	00455b88	ec17070100	1	00455b88
010717ed	0	00455b88	ed17070100	1	00455b88
010717ee	0	00455b88	ee17070100	1	00455b88
010717f0	0	002ab398	f017070100	2	002ab398	INCONSISTENT
01071808	None	00720e84	0818070100	3	00720e84
010718b0	None	002a18b0	b018070100	2	002a18b0
010718ec	24	006a5cd0	ec18070100	44	006a5cd0	INCONSISTENT
010718ed	24	006a5cd0	ed18070100	28	006a5cd0	INCONSISTENT
010718ee	24	006a5cd0	ee18070100	34	006a5cd0	INCONSISTENT
010718ef	24	006a5cd0	ef18070100	32	006a5cd0	INCONSISTENT
010718f0	24	006a5cd0	f018070100	37	006a5cd0	INCONSISTENT
010718f1	24	006a5cd0	f118070100	19	006a5cd0	INCONSISTENT
010718f2	11	006a5cd0	f218070100	27	006a5cd0	INCONSISTENT
010718f3	11	006a5cd0	f318070100	14	006a5cd0	INCONSISTENT
010718f4	11	006a5cd0	f418070100	26	006a5cd0	INCONSISTENT
010718f5	11	006a5cd0	f518070100	17	006a5cd0	INCONSISTENT
010718f6	11	006a5cd0	f618070100	27	006a5cd0	INCONSISTENT
010718f7	11	006a5cd0	f718070100	14	006a5cd0	INCONSISTENT
010718f8	None	00435eac	f818070100	4	00435eac
010718f9	None	00435f4c	f918070100	3	00435f4c
010718fa	None	00435f4c	fa18070100	4	00435f4c
010718fb	None	00435f4c	fb18070100	2	00435f4c
010718fc	None	006a5cd0	fc18070100	4	006a5cd0
010718fd	20	006a46e4	fd18070100	4	006a46e4	INCONSISTENT
01071902	None	006a5cd0	0219070100	4	006a5cd0
01071905	20	006a46e4	0519070100	4	006a46e4	INCONSISTENT
01071908	20	006a46e4	0819070100	4	006a46e4	INCONSISTENT
0107190d	20	002a2c6c	0d19070100	6	002a2c6c	INCONSISTENT
01071912	20	006a46e4	1219070100	7	006a46e4	INCONSISTENT
0107191f	0	002180f8	1f19070100	10	002180f8	INCONSISTENT
01071920	0	00218410	2019070100	10	00218410	INCONSISTENT
01071921	0	00218284	2119070100	10	00218284	INCONSISTENT
01071922	None	0041a534	2219070100	1	0041a534
01071928	11	006ad5cc	2819070100	1	006ad5cc
01071929	11	006ad51c	2919070100	1	006ad51c
0107192d	11	006ad67c	2d19070100	1	006ad67c
0107192e	11	006ad7dc	2e19070100	1	006ad7dc
0107192f	11	006ad72c	2f19070100	1	006ad72c
01071930	None	008c9260	3019070100	27	008c9260
01071932	None	008c96b8	3219070100	37	008c96b8
01071933	None	00813690	3319070100	8	00813690
01071937	None	0047e2ec	3719070100	1	0047e2ec
01071939	98	00196a80	3919070100	1	00196a80
0107193a	None	00196a80	3a19070100	1	00196a80
0107193b	28	00196a80	3b19070100	1	00196a80
0107193c	None	006a5cd0	3c19070100	4	006a5cd0
0107193d	None	006a5cd0	3d19070100	4	006a5cd0
0107193e	0	0044e16c	3e19070100	17	0044e16c	INCONSISTENT
0107193f	0	0044e0f4	3f19070100	12	0044e0f4	INCONSISTENT
01071940	20	006a830e	4019070100	17	006a830e	INCONSISTENT
01071941	20	006a830e	4119070100	13	006a830e	INCONSISTENT
01071942	0	0029d802	4219070100	2	0029d802	INCONSISTENT
01071943	0	0029d802	4319070100	1	0029d802
01071944	None	00713a78	4419070100	1	00713a78
01071946	None	002f4ff4	4619070100	4	002f4ff4
0107194b	None	00435f4c	4b19070100	4	00435f4c
0107194c	None	00435f4c	4c19070100	4	00435f4c
0107194d	0	001ce8b8	4d19070100	2	001ce8b8	INCONSISTENT
0107194f	None	006d4f10	4f19070100	1	006d4f10
01071950	1	006d4f10	5019070100	1	006d4f10
01071951	None	006d4f10	5119070100	1	006d4f10
01071953	0	001d6dec	5319070100	6	001d6dec	INCONSISTENT
01071954	0	00455b88	5419070100	2	00455b88	INCONSISTENT
01071955	0	001d6dec	5519070100	5	001d6dec	INCONSISTENT
01071956	0	00455b88	5619070100	1	00455b88
01071957	0	001d6dec	5719070100	5	001d6dec	INCONSISTENT
01071958	0	00455b88	5819070100	1	00455b88
01071959	0	001d6dec	5919070100	4	001d6dec	INCONSISTENT
0107195a	0	00455b88	5a19070100	1	00455b88
0107195b	0	001d6dec	5b19070100	5	001d6dec	INCONSISTENT
0107195c	0	00455b88	5c19070100	1	00455b88
0107195d	0	001d6dec	5d19070100	5	001d6dec	INCONSISTENT
0107195e	0	00455b88	5e19070100	1	00455b88
01071963	1	00795550	6319070100	2	00795550	INCONSISTENT
01071965	None	005d0840	6519070100	3	005d0840
01071966	0	00455b88	6619070100	1	00455b88
01071967	None	002f9424	6719070100	2	002f9424
0107196b	20	002a2c6c	6b19070100	7	002a2c6c	INCONSISTENT
0107196c	20	002a2c6c	6c19070100	5	002a2c6c	INCONSISTENT
0107196d	20	002a2c6c	6d19070100	6	002a2c6c	INCONSISTENT
0107196e	20	006a48b4	6e19070100	5	006a48b4	INCONSISTENT
0107196f	20	006a46e4	6f19070100	5	006a46e4	INCONSISTENT
01071970	20	006a47cc	7019070100	6	006a47cc	INCONSISTENT
01071977	None	005d0840	7719070100	3	005d0840
01071978	20	005e114a	7819070100	23	005e114a	INCONSISTENT
01071989	None	005c94f0	8919070100	1	005c94f0
0107198a	0	002f5356	8a19070100	11	002f5356	INCONSISTENT
01071995	1	00419d9c	9519070100	1	00419d9c
01071996	0	001dfd3c	9619070100	32	001dfd3c	INCONSISTENT
01071997	0	0044aa0c	9719070100	9	0044aa0c	INCONSISTENT
01071998	None	007aed38	9819070100	3	007aed38
01071999	None	0075dc38	9919070100	1	0075dc38
0107199a	None	006fe30c	9a19070100	1	006fe30c
0107199c	None	007fa4b0	9c19070100	2	007fa4b0
0107199d	None	00765c8c	9d19070100	3	00765c8c
0107199e	None	0071c380	9e19070100	1	0071c380
0107199f	None	007f3618	9f19070100	2	007f3618
010719a0	None	007c3b0c	a019070100	4	007c3b0c
010719a1	None	0071f90c	a119070100	3	0071f90c
010719a2	None	006f9f98	a219070100	1	006f9f98
010719a3	None	0072a438	a319070100	1	0072a438
010719a4	None	0083d580	a419070100	14	0083d580
010719a5	None	0074315c	a519070100	1	0074315c
010719a7	None	006ffe74	a719070100	1	006ffe74
010719a8	None	00703bbc	a819070100	1	00703bbc
010719a9	None	00714da8	a919070100	1	00714da8
010719aa	None	0070a1e8	aa19070100	1	0070a1e8
010719ab	None	0071679c	ab19070100	1	0071679c
010719ac	None	00722cc8	ac19070100	1	00722cc8
010719ad	None	00740bac	ad19070100	1	00740bac
010719af	None	00757f44	af19070100	1	00757f44
01071a89	None	006e2224	891a070100	2	006e2224
01071a8d	1	002aea80	8d1a070100	26	002aea80
01071a8e	None	007211c0	8e1a070100	5	007211c0
01071a8f	None	00762210	8f1a070100	10	00762210
01071a97	0	00413a00	971a070100	4	00413a00	INCONSISTENT
01071a99	None	0075b658	991a070100	3	0075b658
01071a9a	None	00856138	9a1a070100	9	00856138
01071a9d	None	0042c068	9d1a070100	1	0042c068
01071a9e	None	0048ca98	9e1a070100	2	0048ca98
01071b20	1	001dd86c	201b070100	5	001dd86c	INCONSISTENT
01071b51	28	005b7c10	511b070100	11	005b7c10	INCONSISTENT
01071b56	None	0048cce8	561b070100	2	0048cce8
01071b5b	None	0042e1a0	5b1b070100	1	0042e1a0
01071b5d	None	0042e1a0	5d1b070100	1	0042e1a0
01071b5f	None	0042e1a0	5f1b070100	1	0042e1a0
01071b61	None	0042e1a0	611b070100	1	0042e1a0
01071b62	0	00413a00	621b070100	3	00413a00	INCONSISTENT
01071b67	None	0082eda0	671b070100	5	0082eda0
01071b68	1	007cbb62	681b070100	25	007cbb62	INCONSISTENT
01071b70	1	00236bea	701b070100	12	00236bea	INCONSISTENT
01071b72	1	002c9bfe	721b070100	17	002c9bfe	INCONSISTENT
01071b73	None	0044eda8	731b070100	1	0044eda8
01071b74	None	0082e234	741b070100	7	0082e234
01071b75	1	004246c4	751b070100	2	004246c4	INCONSISTENT
01071b76	None	007cdca0	761b070100	7	007cdca0
01071b79	None	00325858	791b070100	1	00325858
01071b7b	None	0041b744	7b1b070100	3	0041b744
01071b81	None	00763cf4	811b070100	4	00763cf4
01071b83	None	0070669c	831b070100	3	0070669c
01071b94	96	007c3820	941b070100	80	007c3820	INCONSISTENT
01071b95	None	0080078c	951b070100	12	0080078c
01071b96	None	0080078c	961b070100	10	0080078c
01071b97	None	0080078c	971b070100	13	0080078c
01071b98	None	007c343c	981b070100	8	007c343c
01071b99	None	006e553c	991b070100	10	006e553c
01071b9a	None	007c359c	9a1b070100	13	007c359c
01071b9b	None	007c36d4	9b1b070100	4	007c36d4
01071b9c	None	0080078c	9c1b070100	7	0080078c
01071b9d	None	0080078c	9d1b070100	11	0080078c
01071be3	0	00599b0c	e31b070100	4	00599b0c	INCONSISTENT
01071be4	165	001d64d0	e41b070100	27	001d64d0	INCONSISTENT
01071c03	None	0058eac4	031c070100	1	0058eac4
01071c05	None	005d0840	051c070100	2	005d0840
01071c06	None	002fee98	061c070100	2	002fee98
01071c07	None	00765404	071c070100	6	00765404
01071c0a	None	00428db0	0a1c070100	1	00428db0
01071c21	11	00444180	211c070100	1	00444180
01071c22	None	005d0840	221c070100	1	005d0840
01071c23	11	004442f4	231c070100	1	004442f4
01071c2f	None	007377a8	2f1c070100	15	007377a8
01071c30	None	00434320	301c070100	62	00434320
01071c31	11	0074e5fc	311c070100	2	0074e5fc
01071c32	149	0074e5fc	321c070100	2	0074e5fc
01071c36	None	00325858	361c070100	1	00325858
01071c38	None	0081ffca	381c070100	10	0081ffca
01071c3a	None	004228d4	3a1c070100	1	004228d4
01071c3b	20	0076460e	3b1c070100	12	0076460e	INCONSISTENT
01071c3d	0	007641f4	3d1c070100	2	007641f4	INCONSISTENT
01071c3e	38	00196a80	3e1c070100	1	00196a80
01071c3f	48	00196a80	3f1c070100	1	00196a80
01071c40	58	00196a80	401c070100	1	00196a80
01071c41	68	00196a80	411c070100	1	00196a80
01071c42	78	00196a80	421c070100	1	00196a80
01071c43	88	00196a80	431c070100	2	00196a80	INCONSISTENT
01071c44	None	0076759c	441c070100	1	0076759c
01071c48	None	00735778	481c070100	2	00735778
01071c49	None	0068fd72	491c070100	1	0068fd72
01071c4d	None	0068fd72	4d1c070100	1	0068fd72
01071c52	None	00302f2c	521c070100	6	00302f2c
01071c54	None	00764de0	541c070100	1	00764de0
01071c55	None	00766818	551c070100	1	00766818
01071c5e	139	006ef864	5e1c070100	3	006ef864
01071c5f	None	00745410	5f1c070100	2	00745410
01071c6a	None	007c2f24	6a1c070100	5	007c2f24
01071c6b	None	00842c6c	6b1c070100	17	00842c6c
01071c6c	None	003014f0	6c1c070100	4	003014f0
01071c6d	None	0030137e	6d1c070100	2	0030137e
01071c6e	0	0030137e	6e1c070100	1	0030137e
01071c6f	None	0030137e	6f1c070100	1	0030137e
01071c72	None	0030137e	721c070100	1	0030137e
01071c75	None	0030137e	751c070100	1	0030137e
01071c76	None	00727300	761c070100	3	00727300
01071c78	20	00326258	781c070100	13	00326258	INCONSISTENT
01071c88	None	0081f508	881c070100	4	0081f508
01071c91	72	00417e98	911c070100	4	00417e98	INCONSISTENT
01071c92	2	00420694	921c070100	26	00420694	INCONSISTENT
01071c93	2	00326688	931c070100	38	00326688	INCONSISTENT
01071cb3	None	00686fdc	b31c070100	2	00686fdc
01071cb4	None	00686e3c	b41c070100	1	00686e3c
01071cb5	None	00686fdc	b51c070100	2	00686fdc
01071cb6	None	00686fdc	b61c070100	2	00686fdc
01071cb8	None	00686fdc	b81c070100	1	00686fdc
01071cb9	None	00686fdc	b91c070100	2	00686fdc
01071cba	None	00686fdc	ba1c070100	2	00686fdc
01071cc1	0	0044e16c	c11c070100	1	0044e16c
01071cc2	None	00842f30	c21c070100	1	00842f30
01071cc3	None	00842f30	c31c070100	3	00842f30
01071cc4	None	007f4e84	c41c070100	7	007f4e84
01071ccc	None	005d38c8	cc1c070100	1	005d38c8
01071cd2	11	00723f14	d21c070100	2	00723f14
01071cd4	None	005d0840	d41c070100	2	005d0840
01071cd8	None	008116f8	d81c070100	6	008116f8
01071cd9	None	0032936c	d91c070100	2	0032936c
01071cda	None	0042e6e8	da1c070100	2	0042e6e8
01071cdb	None	0042e6e8	db1c070100	1	0042e6e8
01071cdd	None	0072f7b4	dd1c070100	1	0072f7b4
01071cde	20	001c568c	de1c070100	4	001c568c	INCONSISTENT
01071ce0	195	004763da	e01c070100	9	004763da	INCONSISTENT
01071ce3	0	002aa33c	e31c070100	3	002aa33c	INCONSISTENT
01071ce4	0	002aa33c	e41c070100	3	002aa33c	INCONSISTENT
01071ce5	None	005d0840	e51c070100	1	005d0840
01071ce7	None	007565cc	e71c070100	2	007565cc
01071d19	None	00727e40	191d070100	3	00727e40
01071d1a	2	001f1e0e	1a1d070100	29	001f1e0e	INCONSISTENT
01071d23	None	002f3718	231d070100	1	002f3718
01071d26	123	006dec6c	261d070100	14	006dec6c	INCONSISTENT
01071d27	0	001dd0f0	271d070100	10	001dd0f0	INCONSISTENT
01071d28	None	002b12f4	281d070100	3	002b12f4
01071d29	None	003293a4	291d070100	1	003293a4
01071d33	None	00765330	331d070100	2	00765330
01071d34	None	005d0840	341d070100	1	005d0840
01071d35	20	0049d922	351d070100	2	0049d922	INCONSISTENT
01071d37	20	0049d922	371d070100	1	0049d922
01071d39	20	0049d922	391d070100	1	0049d922
01071d3a	20	00741918	3a1d070100	4	00741918	INCONSISTENT
01071d3b	20	006ea1b4	3b1d070100	3	006ea1b4	INCONSISTENT
01071d3c	20	0075969c	3c1d070100	9	0075969c	INCONSISTENT
01071d3d	20	0071dc70	3d1d070100	9	0071dc70
01071d3e	20	0049d922	3e1d070100	2	0049d922	INCONSISTENT
01071d3f	20	0049d922	3f1d070100	2	0049d922	INCONSISTENT
01071d41	0	002b4e60	411d070100	18	002b4e60	INCONSISTENT
01071d46	None	0071af78	461d070100	3	0071af78
01071d47	None	006e9130	471d070100	3	006e9130
01071d48	None	006fd778	481d070100	3	006fd778
01071d49	None	0070cfe8	491d070100	2	0070cfe8
01071d4d	20	006fd2d8	4d1d070100	7	006fd2d8	INCONSISTENT
01071d55	None	00422558	551d070100	2	00422558
01071d56	None	002f5180	561d070100	4	002f5180
01071d57	None	00422558	571d070100	1	00422558
010d01ce	None	002995d8	ce010d0100	3	002995d8
010d12ed	28	00648178	ed120d0100	2	00648178
011006e9	1	004246c4	e906100100	21	004246c4	INCONSISTENT
01770782	20	00627268	8207770100	2	00627268	INCONSISTENT
0204e003	0	0063fe98	03e0040200	23	0063fe98	INCONSISTENT
0204e103	None	002fb906	03e1040200	1	002fb906
0204e13f	1	00296604	3fe1040200	6	00296604	INCONSISTENT
0204e141	None	0021b754	41e1040200	2	0021b754
0204e153	1	00296604	53e1040200	2	00296604	INCONSISTENT
0204e154	1	00296604	54e1040200	1	00296604
0204e15b	None	00236410	5be1040200	1	00236410
0204e1a3	None	00240648	a3e1040200	1	00240648
0204e268	None	008bd9d4	68e2040200	4	008bd9d4
0204e2cf	None	008bd9d4	cfe2040200	4	008bd9d4
0204e2f8	None	008374fc	f8e2040200	5	008374fc
0204e32b	None	0086aef4	2be3040200	1	0086aef4
0204e33a	None	008439f0	3ae3040200	1	008439f0
0204e33c	None	008acc6c	3ce3040200	2	008acc6c
0204e340	None	008acc6c	40e3040200	4	008acc6c
0204e46d	None	00830e80	6de4040200	2	00830e80
0204e46e	None	008abe62	6ee4040200	1	008abe62
0204e48b	None	008bff78	8be4040200	11	008bff78
0204e48c	None	0086b146	8ce4040200	4	0086b146
0204e48d	233	0077565c	8de4040200	4	0077565c	INCONSISTENT
0204e48e	10	007dc138	8ee4040200	4	007dc138	INCONSISTENT
0204e48f	None	008b9c40	8fe4040200	10	008b9c40
0204e493	24	0078df1c	93e4040200	11	0078df1c	INCONSISTENT
0204e494	None	008be6d8	94e4040200	6	008be6d8
0204e495	222	007a8152	95e4040200	15	007a8152	INCONSISTENT
0204e498	None	008be6d8	98e4040200	4	008be6d8
0204e499	None	008be6d8	99e4040200	4	008be6d8
0204e49a	None	007969ae	9ae4040200	1	007969ae
0204e49b	None	008be6d8	9be4040200	5	008be6d8
0204e49c	None	00839e54	9ce4040200	5	00839e54
0204e49e	0	0077b03c	9ee4040200	4	0077b03c	INCONSISTENT
0204e4c4	None	007a6568	c4e4040200	1	007a6568
0204e4d6	None	008aa6a8	d6e4040200	2	008aa6a8
0204e4d7	None	008aa5f4	d7e4040200	4	008aa5f4
0204e4d8	1	0086ec2c	d8e4040200	12	0086ec2c	INCONSISTENT
0204e4fc	None	007f76bc	fce4040200	1	007f76bc
0204e4fd	None	00217410	fde4040200	1	00217410
0204e5c6	None	0077aa58	c6e5040200	1	0077aa58
0204e5c7	None	007cd634	c7e5040200	1	007cd634
0204e5cd	None	008af4f8	cde5040200	2	008af4f8
0204e5d5	None	00872f3c	d5e5040200	2	00872f3c
0204e660	None	008afec6	60e6040200	9	008afec6
0204e661	None	008afec6	61e6040200	9	008afec6
0204e662	None	0086b146	62e6040200	3	0086b146
0204e663	None	0084f9aa	63e6040200	4	0084f9aa
0204e664	None	008b9c40	64e6040200	9	008b9c40
0204e665	10	0083fe24	65e6040200	9	0083fe24	INCONSISTENT
0204e668	None	008be6d8	68e6040200	6	008be6d8
0204e669	None	008be6d8	69e6040200	8	008be6d8
0204e66f	None	008bfc16	6fe6040200	7	008bfc16
0204e677	None	0086b146	77e6040200	3	0086b146
0204e695	None	007d9258	95e6040200	1	007d9258
0204e6e7	None	008be3e4	e7e6040200	3	008be3e4
0204e6f1	None	00868008	f1e6040200	2	00868008
0204e6fd	10	007dc138	fde6040200	3	007dc138	INCONSISTENT
0204e701	None	00802ffc	01e7040200	2	00802ffc
0204e702	None	007f76bc	02e7040200	1	007f76bc
0204e703	None	00802ffc	03e7040200	1	00802ffc
0204e708	None	007a6828	08e7040200	1	007a6828
0204e709	205	0077565c	09e7040200	2	0077565c	INCONSISTENT
0204e711	None	008a99ac	11e7040200	2	008a99ac
0204e717	None	008bd9d4	17e7040200	1	008bd9d4
0204e739	None	008aa358	39e7040200	1	008aa358
0204e825	None	007ca6ea	25e8040200	1	007ca6ea
0204e8b9	None	002dd566	b9e8040200	1	002dd566
0204e8e5	None	00781930	e5e8040200	1	00781930
0204e96a	None	008aa6a8	6ae9040200	3	008aa6a8
0204e974	0	001d4d48	74e9040200	46	001d4d48	INCONSISTENT
0204e98f	None	0024edb4	8fe9040200	1	0024edb4
0204e999	None	0086a594	99e9040200	2	0086a594
0204e9b6	None	00788a7a	b6e9040200	2	00788a7a
0204e9c9	None	007cc16a	c9e9040200	1	007cc16a
0204e9e1	None	00770b18	e1e9040200	1	00770b18
0204e9e4	None	0083f958	e4e9040200	1	0083f958
0204e9ed	None	007a8152	ede9040200	6	007a8152
0204ea83	None	00824194	83ea040200	2	00824194
0205c000	None	008973f0	00c0050200	3	008973f0
0205c002	None	001c5c20	02c0050200	1	001c5c20
0205c004	None	007f595e	04c0050200	1	007f595e
0205c007	None	008c00cc	07c0050200	11	008c00cc
0205c009	None	008afec6	09c0050200	8	008afec6
0205c00a	None	008b7b60	0ac0050200	15	008b7b60
0205c00b	None	008afec6	0bc0050200	9	008afec6
0205c00d	None	008b7b60	0dc0050200	15	008b7b60
0205c00e	None	008c00cc	0ec0050200	12	008c00cc
0205c010	None	007dba18	10c0050200	2	007dba18
0205c024	None	0081e2a0	24c0050200	1	0081e2a0
0205c025	None	008afec6	25c0050200	4	008afec6
0205c026	None	008afec6	26c0050200	4	008afec6
0205c027	None	008afad0	27c0050200	3	008afad0
0205c029	None	008afec6	29c0050200	8	008afec6
0205c02a	None	008afec6	2ac0050200	8	008afec6
0205c02b	None	0089ea2a	2bc0050200	2	0089ea2a
0205c02c	None	0089ea2a	2cc0050200	2	0089ea2a
0205c02d	None	0089bca8	2dc0050200	2	0089bca8
0205c02f	None	008bfdac	2fc0050200	5	008bfdac
0205c031	None	00885a3c	31c0050200	1	00885a3c
0205c042	None	008cdcf8	42c0050200	2	008cdcf8
0205c076	None	0081f750	76c0050200	1	0081f750
0205c15c	None	00796690	5cc1050200	1	00796690
0205c15d	None	007f76bc	5dc1050200	1	007f76bc
0205c15e	None	00802ffc	5ec1050200	1	00802ffc
0205c15f	None	007f76bc	5fc1050200	1	007f76bc
0205c17e	None	00778c58	7ec1050200	2	00778c58
0205c17f	None	00778c58	7fc1050200	1	00778c58
0205c180	None	00778c58	80c1050200	1	00778c58
0205c182	None	00778c58	82c1050200	1	00778c58
0205c183	None	00778c58	83c1050200	4	00778c58
0205c184	None	00778c58	84c1050200	1	00778c58
0205c185	None	00778c58	85c1050200	2	00778c58
0205c187	None	00778c58	87c1050200	2	00778c58
0205c18d	None	0088ab34	8dc1050200	1	0088ab34
0205c18e	None	0088ab34	8ec1050200	1	0088ab34
0205c18f	None	0088ab34	8fc1050200	1	0088ab34
0205c191	None	0088ab34	91c1050200	2	0088ab34
0205c194	None	0088ab34	94c1050200	1	0088ab34
0205c195	None	0088ab34	95c1050200	1	0088ab34
0205c19e	None	0088ab34	9ec1050200	1	0088ab34
0205c19f	None	0088ab34	9fc1050200	1	0088ab34
0205c1a0	2	00799a5a	a0c1050200	2	00799a5a	INCONSISTENT
0205c1a1	None	0081ac64	a1c1050200	3	0081ac64
0205c1a3	None	00778c58	a3c1050200	13	00778c58
0205c1a4	None	007784fe	a4c1050200	1	007784fe
0205c1a5	None	008552bc	a5c1050200	8	008552bc
0205c1a6	None	008552bc	a6c1050200	8	008552bc
0205c1a7	None	008c2ecc	a7c1050200	3	008c2ecc
0205c1a8	None	008c3112	a8c1050200	2	008c3112
0205c1a9	None	008c3112	a9c1050200	4	008c3112
0205c1ac	None	008c2ecc	acc1050200	2	008c2ecc
0205c1ad	0	0086c2be	adc1050200	2	0086c2be	INCONSISTENT
0205c1ae	0	0086c2be	aec1050200	4	0086c2be	INCONSISTENT
0205c1b0	None	008c2ecc	b0c1050200	1	008c2ecc
0205c1b1	None	007fc2c0	b1c1050200	1	007fc2c0
0205c1b2	None	008a5d1c	b2c1050200	7	008a5d1c
0205c1b4	None	0079b0ee	b4c1050200	1	0079b0ee
0205c1b6	None	0079b0ee	b6c1050200	1	0079b0ee
0205c1b8	None	0079b0ee	b8c1050200	1	0079b0ee
0205c1c4	None	0032bbc8	c4c1050200	2	0032bbc8
0205c1c5	None	0032bbc8	c5c1050200	2	0032bbc8
0205c1c6	None	0032bbc8	c6c1050200	2	0032bbc8
0205c1c7	None	0032b15c	c7c1050200	1	0032b15c
0205c1c9	None	0032bbc8	c9c1050200	1	0032bbc8
0205c1cb	None	0032b15c	cbc1050200	1	0032b15c
0205c1ff	None	007e34b8	ffc1050200	1	007e34b8
0205c249	None	00814570	49c2050200	1	00814570
0205c24a	None	0081ac64	4ac2050200	3	0081ac64
0205c24b	None	00777378	4bc2050200	5	00777378
0205c367	None	008b3eec	67c3050200	4	008b3eec
0205c37e	None	00796d18	7ec3050200	1	00796d18
0205c382	None	008b3eec	82c3050200	2	008b3eec
0205c3f1	None	007c7700	f1c3050200	4	007c7700
0205c44a	None	00799a5a	4ac4050200	2	00799a5a
0205c44b	None	0081ac64	4bc4050200	2	0081ac64
0205c452	None	0078ec80	52c4050200	2	0078ec80
0205c489	None	00774c44	89c4050200	1	00774c44
0205c497	None	007cfe88	97c4050200	1	007cfe88
0205c4a0	None	0082db32	a0c4050200	3	0082db32
0205c500	None	007c4b10	00c5050200	1	007c4b10
0205c501	None	007c4b10	01c5050200	1	007c4b10
0205c502	None	007c4b10	02c5050200	1	007c4b10
0205c503	None	007c4b10	03c5050200	1	007c4b10
0205c50b	None	007c4b10	0bc5050200	1	007c4b10
0205c52e	None	0076e110	2ec5050200	1	0076e110
0205c54d	None	007d9760	4dc5050200	2	007d9760
0205c551	None	0079fe38	51c5050200	2	0079fe38
0205c557	None	007dfcce	57c5050200	1	007dfcce
0205c559	None	00878fac	59c5050200	1	00878fac
0205c56a	None	0080236c	6ac5050200	1	0080236c
0205c56c	None	008cdcf8	6cc5050200	1	008cdcf8
0205c59a	None	008cdcf8	9ac5050200	2	008cdcf8
0205c5b6	None	0083e940	b6c5050200	1	0083e940
0205c5f8	1	007e183c	f8c5050200	6	007e183c	INCONSISTENT
0205c62b	None	0083e940	2bc6050200	1	0083e940
0205c634	None	0083e940	34c6050200	1	0083e940
0205c63f	None	0083f0c0	3fc6050200	1	0083f0c0
0205c641	None	0083f0c0	41c6050200	1	0083f0c0
0205c647	None	0083f2a0	47c6050200	2	0083f2a0
0205c65c	None	0083f2a0	5cc6050200	1	0083f2a0
0205c661	None	0083f2a0	61c6050200	1	0083f2a0
0205c663	None	0083f2a0	63c6050200	1	0083f2a0
0205c665	None	0083e940	65c6050200	2	0083e940
0205c69e	None	0085229c	9ec6050200	1	0085229c
0205c6bd	0	0063fe98	bdc6050200	200	0063fe98	INCONSISTENT
0205c6be	None	007784fe	bec6050200	1	007784fe
0205c6bf	None	007784fe	bfc6050200	1	007784fe
0205c6da	None	0085d640	dac6050200	1	0085d640
0205c6e8	None	008355bc	e8c6050200	1	008355bc
0205c6e9	None	008355bc	e9c6050200	1	008355bc
0205c6ea	None	00838b04	eac6050200	1	00838b04
0205c6f7	None	0032bbc8	f7c6050200	2	0032bbc8
0205c6fa	None	0032bbc8	fac6050200	2	0032bbc8
0205c71b	None	0079b0ee	1bc7050200	1	0079b0ee
0205c720	None	008bf394	20c7050200	1	008bf394
0205c742	None	007c4b10	42c7050200	1	007c4b10
0205c74c	None	008bee4a	4cc7050200	1	008bee4a
0205c74d	None	008bee4a	4dc7050200	1	008bee4a
0205c74e	None	008bee4a	4ec7050200	1	008bee4a
0205c74f	None	008bee4a	4fc7050200	1	008bee4a
0205c8d7	None	00896b38	d7c8050200	1	00896b38
0205c8ec	None	008b8ac0	ecc8050200	1	008b8ac0
0205c8ed	None	008b8ac0	edc8050200	1	008b8ac0
0205c8ee	None	008b8ac0	eec8050200	1	008b8ac0
0205c8ef	None	008b8ac0	efc8050200	1	008b8ac0
0205c8f2	None	0077565c	f2c8050200	3	0077565c
0205c938	None	00854234	38c9050200	1	00854234
0205cab3	None	0088fbec	b3ca050200	1	0088fbec
0205cab4	None	00863678	b4ca050200	12	00863678
0205cab5	None	008574d8	b5ca050200	1	008574d8
0205cad2	None	0088fbec	d2ca050200	1	0088fbec
0205cad3	None	0077565c	d3ca050200	2	0077565c
0205cae4	None	008b710c	e4ca050200	1	008b710c
0205cae5	None	008b70a0	e5ca050200	4	008b70a0
0205cb12	None	0032bbc8	12cb050200	1	0032bbc8
0205cb18	None	0032b9a8	18cb050200	1	0032b9a8
0205cb2b	None	008bcbb4	2bcb050200	2	008bcbb4
0205cb3b	None	008a91cc	3bcb050200	4	008a91cc
0205cb3e	None	008bbf5c	3ecb050200	7	008bbf5c
0205cb3f	None	008bc11e	3fcb050200	5	008bc11e
0205cb80	None	008bc620	80cb050200	8	008bc620
0205cb85	None	008abd70	85cb050200	1	008abd70
0205cb86	None	008ac102	86cb050200	6	008ac102
0205cb87	None	008ac102	87cb050200	3	008ac102
0205cb88	None	008ac102	88cb050200	3	008ac102
0205cb8f	None	007d9340	8fcb050200	1	007d9340
0205cba0	None	00894e9e	a0cb050200	1	00894e9e
0205cba2	None	00894e9e	a2cb050200	1	00894e9e
0205cba3	None	00894e9e	a3cb050200	1	00894e9e
0205cba6	None	00843f3c	a6cb050200	1	00843f3c
0205cbab	None	00879594	abcb050200	1	00879594
0205cbb0	None	00872df4	b0cb050200	2	00872df4
0205cbb2	None	008c2888	b2cb050200	2	008c2888
0205cc01	None	00893330	01cc050200	1	00893330
0205cc12	None	0085c138	12cc050200	3	0085c138
0205cc1e	None	00880eca	1ecc050200	1	00880eca
0205cc1f	None	00880eca	1fcc050200	1	00880eca
0205cc20	None	00880f2c	20cc050200	1	00880f2c
0205cc21	None	00881124	21cc050200	2	00881124
0205cc22	None	00880f2c	22cc050200	1	00880f2c
0205ceb6	None	007a2cc0	b6ce050200	3	007a2cc0
0205cec6	None	007a2cc0	c6ce050200	4	007a2cc0
0205cf42	0	001dc078	42cf050200	9	001dc078	INCONSISTENT
0205cf4c	None	0080c598	4ccf050200	1	0080c598
0205cf4d	10	0083ff90	4dcf050200	1	0083ff90
0205cf54	None	0083e890	54cf050200	1	0083e890
0205cf55	None	0083e890	55cf050200	1	0083e890
0205cf56	None	0083ed18	56cf050200	6	0083ed18
0205cf60	None	0079df08	60cf050200	1	0079df08
0205cf68	None	007f43e8	68cf050200	1	007f43e8
0205cf76	None	00775f24	76cf050200	1	00775f24
0205cf7b	None	007fc75a	7bcf050200	1	007fc75a
0205cf91	None	007bf1dc	91cf050200	2	007bf1dc
0205cf93	None	0081f580	93cf050200	1	0081f580
0205cf94	None	007a6568	94cf050200	4	007a6568
0205cf95	None	00770918	95cf050200	1	00770918
0205cfac	None	00788a7a	accf050200	1	00788a7a
0205cfbb	None	008a2322	bbcf050200	1	008a2322
0205cfc6	None	008a1d52	c6cf050200	1	008a1d52
0205cfc9	None	00854492	c9cf050200	3	00854492
0205cfd1	None	00854492	d1cf050200	2	00854492
0205cfd3	None	007a5ca4	d3cf050200	2	007a5ca4
0205cfd4	None	0082e410	d4cf050200	1	0082e410
0205cfd5	None	007c34e8	d5cf050200	1	007c34e8
0205cfdd	None	007c3b0c	ddcf050200	22	007c3b0c
0205d0f1	None	0032b9a8	f1d0050200	2	0032b9a8
0205d11a	None	00869420	1ad1050200	2	00869420
0205d11b	None	00869420	1bd1050200	2	00869420
0205d149	None	00895b40	49d1050200	1	00895b40
0205d14a	None	00895b40	4ad1050200	1	00895b40
0205d14b	None	00895b40	4bd1050200	1	00895b40
0205d164	None	007c2aec	64d1050200	3	007c2aec
0205d167	None	007da750	67d1050200	11	007da750
0205d168	None	007da324	68d1050200	9	007da324
0205d169	None	007c314a	69d1050200	6	007c314a
0205d16a	None	007c3b0c	6ad1050200	20	007c3b0c
0205d216	None	0080d13c	16d2050200	2	0080d13c
0205d21f	None	00881c24	1fd2050200	2	00881c24
0205d25c	None	007c3878	5cd2050200	1	007c3878
0205d25f	None	007c314a	5fd2050200	1	007c314a
0205d260	None	007c314a	60d2050200	1	007c314a
0205d3c1	None	007ed9be	c1d3050200	4	007ed9be
0205d3c2	None	007da750	c2d3050200	3	007da750
0205d3c3	None	008238c2	c3d3050200	2	008238c2
0205d3c6	None	007a4558	c6d3050200	1	007a4558
0205d3c9	None	007a4558	c9d3050200	1	007a4558
0205d3cc	None	007a4558	ccd3050200	1	007a4558
0205d3cf	None	007a4558	cfd3050200	1	007a4558
0205d3d7	None	008c2c30	d7d3050200	2	008c2c30
0205d3ea	None	00824568	ead3050200	2	00824568
0205d3f8	None	00775db8	f8d3050200	1	00775db8
0205d3fc	None	008238c2	fcd3050200	3	008238c2
0205d404	None	007ca6ea	04d4050200	4	007ca6ea
0205d418	None	0088ab34	18d4050200	2	0088ab34
0205d41c	None	0088ab34	1cd4050200	1	0088ab34
0205d420	None	0088ab34	20d4050200	2	0088ab34
0205d424	None	0088ab34	24d4050200	1	0088ab34
0205d427	None	00778c58	27d4050200	1	00778c58
0205d437	None	008c0930	37d4050200	1	008c0930
0205d43e	None	007d9be8	3ed4050200	12	007d9be8
0205d43f	None	007d9be8	3fd4050200	3	007d9be8
0205d440	None	007da14e	40d4050200	3	007da14e
0205d441	None	007d9be8	41d4050200	3	007d9be8
0205d442	None	007d9be8	42d4050200	3	007d9be8
0205d443	None	0083c654	43d4050200	5	0083c654
0205d444	None	007d9be8	44d4050200	6	007d9be8
0205d445	20	007d9be8	45d4050200	5	007d9be8
0205d446	20	007d9be8	46d4050200	2	007d9be8
0205d447	None	007c1480	47d4050200	1	007c1480
0205d448	None	007c0418	48d4050200	1	007c0418
0205d449	None	007c0338	49d4050200	1	007c0338
0205d44a	None	007c025c	4ad4050200	1	007c025c
0205d44b	None	007c0178	4bd4050200	1	007c0178
0205d44d	None	007c225c	4dd4050200	3	007c225c
0205d44e	None	007c225c	4ed4050200	1	007c225c
0205d451	None	008270c8	51d4050200	1	008270c8
0205d453	None	008270c8	53d4050200	1	008270c8
0205d454	None	008270c8	54d4050200	1	008270c8
0205d477	None	008270c8	77d4050200	1	008270c8
0205d48a	None	0087def4	8ad4050200	1	0087def4
0205d48c	None	0087def4	8cd4050200	1	0087def4
0205d48f	None	00853d3a	8fd4050200	1	00853d3a
0205d490	None	0089554e	90d4050200	4	0089554e
0205d492	None	00853d3a	92d4050200	2	00853d3a
0205d493	None	008a4014	93d4050200	2	008a4014
0205d497	None	008a4014	97d4050200	4	008a4014
0205d498	None	008a4014	98d4050200	4	008a4014
0205d499	None	0087def4	99d4050200	1	0087def4
0205d49a	None	0083c010	9ad4050200	1	0083c010
0205d49b	None	0083c010	9bd4050200	1	0083c010
0205d4b3	None	008097bc	b3d4050200	1	008097bc
0205d4bc	None	0088ab34	bcd4050200	1	0088ab34
0205d4c0	None	0088ab34	c0d4050200	1	0088ab34
0205d4c4	None	0088ab34	c4d4050200	1	0088ab34
0205d4c8	None	0088ab34	c8d4050200	1	0088ab34
0205d4d7	None	0088ab34	d7d4050200	1	0088ab34
0205d4db	None	0088ab34	dbd4050200	1	0088ab34
0205d4f3	None	0083c654	f3d4050200	34	0083c654
0205d509	None	0032b394	09d5050200	1	0032b394
0205d51f	None	0032b394	1fd5050200	1	0032b394
0205d542	None	00770212	42d5050200	1	00770212
0205d554	None	00846b00	54d5050200	1	00846b00
0205d556	None	00845a5c	56d5050200	3	00845a5c
0205d55e	None	00845c6c	5ed5050200	2	00845c6c
0205d595	None	0082e0e8	95d5050200	1	0082e0e8
0205d620	None	0088ab34	20d6050200	1	0088ab34
0205d624	None	0088ab34	24d6050200	1	0088ab34
0205d62f	None	008c2ecc	2fd6050200	1	008c2ecc
0205d632	None	00210d14	32d6050200	1	00210d14
0205d635	1	002269c0	35d6050200	2	002269c0	INCONSISTENT
0205d640	None	008c0930	40d6050200	2	008c0930
0205d64c	None	00786720	4cd6050200	1	00786720
0205d720	None	007a4558	20d7050200	1	007a4558
0205d722	None	007a4558	22d7050200	1	007a4558
0205d725	None	007a4558	25d7050200	1	007a4558
0205d728	None	007a4558	28d7050200	1	007a4558
0205d763	None	0082cfc0	63d7050200	1	0082cfc0
0205d806	None	00832b66	06d8050200	1	00832b66
0205d947	None	007da750	47d9050200	2	007da750
0205d949	None	0077b4a0	49d9050200	2	0077b4a0
0205d997	None	0088ab34	97d9050200	1	0088ab34
0205d9c6	1	002acefc	c6d9050200	7	002acefc	INCONSISTENT
0205d9c8	None	008656a0	c8d9050200	1	008656a0
0205d9c9	None	008a8e0e	c9d9050200	2	008a8e0e
0205d9e1	None	0088ab34	e1d9050200	1	0088ab34
0205da11	None	0081226c	11da050200	1	0081226c
02066005	None	008bdd64	0560060200	19	008bdd64
02066025	None	008bdd64	2560060200	88	008bdd64
02066026	4	0087c840	2660060200	117	0087c840	INCONSISTENT
02066027	None	008bdd64	2760060200	32	008bdd64
02066029	None	0089b580	2960060200	6	0089b580
02076000	8	0063fe98	0060070200	47	0063fe98	INCONSISTENT
02076001	None	00891d18	0160070200	1	00891d18
02076002	None	008c00cc	0260070200	55	008c00cc
0207a000	4	008a9bf2	00a0070200	239	008a9bf2	INCONSISTENT
0207a001	None	008afad0	01a0070200	19	008afad0
0207a004	212	008374fc	04a0070200	5	008374fc	INCONSISTENT
0207a005	0	001d4e60	05a0070200	28	001d4e60	INCONSISTENT
0207a006	None	0081a768	06a0070200	4	0081a768
0207a009	212	008374fc	09a0070200	6	008374fc	INCONSISTENT
0207a00c	None	008c2888	0ca0070200	6	008c2888
0207a00d	None	008c2888	0da0070200	22	008c2888
0207a00e	None	0089ea2a	0ea0070200	28	0089ea2a
0207a00f	None	0082dec8	0fa0070200	5	0082dec8
0207a010	None	0089cfa4	10a0070200	8	0089cfa4
0207a011	None	008c22bc	11a0070200	2	008c22bc
0207a012	None	008bdd64	12a0070200	56	008bdd64
0207a013	None	0079d32c	13a0070200	3	0079d32c
0207a014	212	008374fc	14a0070200	10	008374fc	INCONSISTENT
0207a015	None	007d0dda	15a0070200	2	007d0dda
0207a016	None	0082c040	16a0070200	2	0082c040
0207a017	None	00799fb4	17a0070200	1	00799fb4
0207a018	None	00835150	18a0070200	3	00835150
0207a019	None	0082cf30	19a0070200	1	0082cf30
0207a01a	None	008238c2	1aa0070200	5	008238c2
0207a01b	None	0082c040	1ba0070200	4	0082c040
0207a01f	None	008374fc	1fa0070200	2	008374fc
0207a020	None	0080f608	20a0070200	5	0080f608
0207a021	None	0082c040	21a0070200	1	0082c040
0207a022	None	0081d000	22a0070200	3	0081d000
0207a029	None	00839d14	29a0070200	18	00839d14
0207a02a	None	008afad0	2aa0070200	48	008afad0
0207a02b	None	0089f068	2ba0070200	18	0089f068
0207a02c	None	00883134	2ca0070200	3	00883134
0207a02d	None	008c00cc	2da0070200	13	008c00cc
0207a032	None	008c22bc	32a0070200	1	008c22bc
0207a034	0	001f5e04	34a0070200	2	001f5e04
0207a03b	None	00839978	3ba0070200	9	00839978
02086002	None	0084e0a2	0260080200	1	0084e0a2
02094000	None	008bee4a	0040090200	5	008bee4a
02094001	None	008a2322	0140090200	2	008a2322
02094003	None	0089a5c2	0340090200	2	0089a5c2
02094006	None	00832420	0640090200	7	00832420
02094007	None	00821178	0740090200	1	00821178
02094008	None	0080fd28	0840090200	1	0080fd28
02094009	None	007ce084	0940090200	1	007ce084
0209400a	None	00804c94	0a40090200	1	00804c94
0209400b	None	00804c94	0b40090200	2	00804c94
0209400c	None	007dea74	0c40090200	1	007dea74
02094010	None	008bee4a	1040090200	1	008bee4a
02094012	None	008bee4a	1240090200	1	008bee4a
02094013	None	008434ca	1340090200	2	008434ca
02094022	None	007fe31c	2240090200	1	007fe31c
020ca07a	None	008a2914	7aa00c0200	1	008a2914
020ca07b	None	008563c0	7ba00c0200	1	008563c0
020ca085	None	0086bb00	85a00c0200	1	0086bb00
020ca0f3	None	007da2b4	f3a00c0200	2	007da2b4
020ca0f4	None	007da324	f4a00c0200	2	007da324
020ca0f5	None	007c3b0c	f5a00c0200	5	007c3b0c
020ca103	None	007da478	03a10c0200	1	007da478
020ca104	None	007da750	04a10c0200	3	007da750
020cc008	None	007e183c	08c00c0200	1	007e183c
020cc00a	None	0077b95c	0ac00c0200	2	0077b95c
020cc01d	None	0032bbc8	1dc00c0200	1	0032bbc8
020cc03b	None	007ad038	3bc00c0200	3	007ad038
020cc042	None	008821ec	42c00c0200	1	008821ec
020cc044	None	008821ec	44c00c0200	1	008821ec
020cc045	None	008821ec	45c00c0200	1	008821ec
020cc049	None	00890f70	49c00c0200	3	00890f70
020cc07f	None	007e34b8	7fc00c0200	3	007e34b8
020cc080	None	007e34b8	80c00c0200	3	007e34b8
020cc091	None	008821ec	91c00c0200	1	008821ec
020cc092	None	008821ec	92c00c0200	1	008821ec
020cc093	None	008821ec	93c00c0200	1	008821ec
020cc094	None	008821ec	94c00c0200	1	008821ec
020cc095	None	008821ec	95c00c0200	1	008821ec
020cc096	None	008821ec	96c00c0200	1	008821ec
020cc097	None	008821ec	97c00c0200	1	008821ec
020cc098	None	008821ec	98c00c0200	1	008821ec
020cc099	None	008821ec	99c00c0200	1	008821ec
020cc09a	None	008821ec	9ac00c0200	1	008821ec
020cc09b	None	008821ec	9bc00c0200	1	008821ec
020cc09c	None	008821ec	9cc00c0200	1	008821ec
020cc09d	None	008821ec	9dc00c0200	1	008821ec
020cc09e	None	008821ec	9ec00c0200	1	008821ec
020cc0a3	None	008821ec	a3c00c0200	1	008821ec
020cc0a4	None	008821ec	a4c00c0200	1	008821ec
020cc0a5	None	008821ec	a5c00c0200	1	008821ec
020cc0a9	None	00783eb8	a9c00c0200	1	00783eb8
020cc0e4	None	007ee800	e4c00c0200	1	007ee800
020cc0e8	None	007ee800	e8c00c0200	1	007ee800
020cc0e9	None	007ee800	e9c00c0200	1	007ee800
020cc0ea	None	007ee800	eac00c0200	1	007ee800
020cc0f2	None	00885070	f2c00c0200	2	00885070
020cc0f4	None	00885070	f4c00c0200	2	00885070
020cc0f6	None	008a91cc	f6c00c0200	3	008a91cc
020cc123	None	008a8e0e	23c10c0200	1	008a8e0e
020cc13b	None	0032b394	3bc10c0200	1	0032b394
020cc158	None	007f5d84	58c10c0200	1	007f5d84
020cc15a	None	0079796c	5ac10c0200	1	0079796c
020cc15c	None	0077cd54	5cc10c0200	1	0077cd54
020cc17d	1	007727d0	7dc10c0200	1	007727d0
020cc189	None	0082edd8	89c10c0200	1	0082edd8
020cc18c	None	0082edd8	8cc10c0200	1	0082edd8
020cc296	None	007c314a	96c20c0200	2	007c314a
020cc2a8	None	007c0a10	a8c20c0200	1	007c0a10
020cc2ba	None	007c314a	bac20c0200	1	007c314a
020cc2c8	None	0081226c	c8c20c0200	1	0081226c
020cc2cc	None	0081226c	ccc20c0200	1	0081226c
020cc2d7	None	0085867c	d7c20c0200	1	0085867c
020cc3be	None	008a4014	bec30c0200	1	008a4014
020cc3bf	None	008a4014	bfc30c0200	1	008a4014
020cc3de	None	00842f30	dec30c0200	1	00842f30
020cc3e1	None	0085f7e0	e1c30c0200	1	0085f7e0
020cc41d	None	008c2c30	1dc40c0200	2	008c2c30
020cc42d	None	007c1a1c	2dc40c0200	1	007c1a1c
020cc430	None	0089554e	30c40c0200	2	0089554e
020cc440	None	00895b40	40c40c0200	1	00895b40
020cc441	None	00895b40	41c40c0200	1	00895b40
020cc442	None	00895b40	42c40c0200	1	00895b40
020cc445	None	00895b40	45c40c0200	1	00895b40
020cc44a	None	00895b40	4ac40c0200	1	00895b40
020cc44b	None	00895b40	4bc40c0200	1	00895b40
020cc44d	None	00895b40	4dc40c0200	1	00895b40
020cc452	None	008549f0	52c40c0200	1	008549f0
020cc476	None	008274d4	76c40c0200	1	008274d4
020cc478	None	0089554e	78c40c0200	1	0089554e
020cc47c	None	0077abe4	7cc40c0200	1	0077abe4
020cc47d	None	007f6400	7dc40c0200	9	007f6400
020cc480	None	00809d5e	80c40c0200	14	00809d5e
020cc485	None	00835946	85c40c0200	5	00835946
020cc490	None	0077abe4	90c40c0200	1	0077abe4
020cc493	None	007fdb24	93c40c0200	5	007fdb24
020cc496	None	0082c4a0	96c40c0200	1	0082c4a0
020cc497	None	007d8998	97c40c0200	4	007d8998
020cc49d	None	00839978	9dc40c0200	17	00839978
020cc49e	None	0088c044	9ec40c0200	1	0088c044
020cc49f	None	0083249e	9fc40c0200	3	0083249e
020cc4a0	None	00821e50	a0c40c0200	1	00821e50
020cc4a4	None	007c8028	a4c40c0200	1	007c8028
020cc4a5	None	007de65e	a5c40c0200	7	007de65e
020cc4a9	None	00841f9c	a9c40c0200	5	00841f9c
020cc4ac	None	007c8028	acc40c0200	1	007c8028
020cc4ad	None	00811a6e	adc40c0200	7	00811a6e
020cc4ae	None	00793bfc	aec40c0200	4	00793bfc
020cc4af	None	0077abe4	afc40c0200	1	0077abe4
020cc4b4	None	008368ec	b4c40c0200	10	008368ec
020cc4c1	None	0082c4a0	c1c40c0200	1	0082c4a0
020cc4c5	None	008329bc	c5c40c0200	4	008329bc
020cc4cc	None	00821e50	ccc40c0200	1	00821e50
020cc4cd	None	00821e50	cdc40c0200	1	00821e50
020cc4d0	None	0082858c	d0c40c0200	12	0082858c
020cc4d2	None	0089ea2a	d2c40c0200	1	0089ea2a
020cc4d4	None	0089ea2a	d4c40c0200	2	0089ea2a
020cc4d7	None	008736b2	d7c40c0200	1	008736b2
020cc4f2	None	007c314a	f2c40c0200	1	007c314a
020cc4f3	None	00824240	f3c40c0200	1	00824240
020cc4f7	None	008bbb66	f7c40c0200	1	008bbb66
020ce00d	None	007a19e8	0de00c0200	2	007a19e8
020ce029	None	007c5c0c	29e00c0200	2	007c5c0c
020ce045	None	0080ece0	45e00c0200	1	0080ece0
020ce05f	None	00814370	5fe00c0200	1	00814370
020ce0c7	None	00814370	c7e00c0200	1	00814370
020ce0e4	None	0077fbd2	e4e00c0200	1	0077fbd2
020ce0f4	None	0077f7fa	f4e00c0200	1	0077f7fa
020ce10d	None	0077f3bc	0de10c0200	1	0077f3bc
020ce10e	None	00780934	0ee10c0200	1	00780934
020ce113	None	0088ab34	13e10c0200	1	0088ab34
020ce129	None	0088ab34	29e10c0200	1	0088ab34
020ce14d	None	0081e2a0	4de10c0200	1	0081e2a0
020ce1d0	None	0088ab34	d0e10c0200	2	0088ab34
020ce1fb	None	0077b95c	fbe10c0200	1	0077b95c
020ce382	None	007d3a60	82e30c0200	1	007d3a60
020ce386	None	008b8ac0	86e30c0200	2	008b8ac0
020ce387	None	0081a40c	87e30c0200	1	0081a40c
020ce38d	None	008b8ac0	8de30c0200	2	008b8ac0
020ce38e	None	0081ac64	8ee30c0200	1	0081ac64
020ce38f	None	0081d000	8fe30c0200	7	0081d000
020ce390	None	0081b948	90e30c0200	1	0081b948
020ce391	None	007d65d8	91e30c0200	1	007d65d8
020ce394	None	007d40ec	94e30c0200	1	007d40ec
020ce395	None	007d65d8	95e30c0200	1	007d65d8
020ce397	None	007d65d8	97e30c0200	1	007d65d8
020ce398	None	0081d000	98e30c0200	1	0081d000
020ce399	None	0081d000	99e30c0200	1	0081d000
020ce39b	None	0081ebfa	9be30c0200	2	0081ebfa
020ce39e	None	00895b40	9ee30c0200	1	00895b40
020ce39f	None	00895b40	9fe30c0200	1	00895b40
020ce3a0	None	00895b40	a0e30c0200	2	00895b40
020ce3a1	None	00895b40	a1e30c0200	1	00895b40
020ce3a2	None	00895b40	a2e30c0200	1	00895b40
020ce3a4	None	00895b40	a4e30c0200	1	00895b40
020ce3a5	None	00895b40	a5e30c0200	1	00895b40
020ce3f7	None	0077de9c	f7e30c0200	1	0077de9c
020ce3f9	None	0088ab34	f9e30c0200	1	0088ab34
020ce45f	None	007d40ec	5fe40c0200	1	007d40ec
020ce470	None	007c4b10	70e40c0200	1	007c4b10
020ce47c	None	00809640	7ce40c0200	1	00809640
020ce481	None	007c4b10	81e40c0200	1	007c4b10
020ce482	None	007c4b10	82e40c0200	1	007c4b10
020ce483	None	007c4b10	83e40c0200	1	007c4b10
020ce484	None	007c4b10	84e40c0200	1	007c4b10
020ce490	None	007c4b10	90e40c0200	1	007c4b10
020ce4a2	None	00802b80	a2e40c0200	2	00802b80
020ce5af	None	007dcb60	afe50c0200	1	007dcb60
020ce5d9	None	007d7728	d9e50c0200	1	007d7728
020ce5fe	None	00895b40	fee50c0200	1	00895b40
020ce5ff	None	00895b40	ffe50c0200	1	00895b40
020ce603	None	00895b40	03e60c0200	1	00895b40
020ce611	None	007c1bb8	11e60c0200	1	007c1bb8
020ce612	None	007c1bb8	12e60c0200	1	007c1bb8
020ce613	None	007c1bb8	13e60c0200	1	007c1bb8
020ce615	None	007c1bb8	15e60c0200	1	007c1bb8
020ce616	None	007c1bb8	16e60c0200	1	007c1bb8
020ce617	None	007c1bb8	17e60c0200	1	007c1bb8
020ce618	None	007c1bb8	18e60c0200	1	007c1bb8
020ce619	None	007c1bb8	19e60c0200	1	007c1bb8
020ce61a	None	007c1bb8	1ae60c0200	1	007c1bb8
020ce628	None	0081608c	28e60c0200	1	0081608c
020ce662	None	008a7508	62e60c0200	4	008a7508
020ce785	None	0078ec80	85e70c0200	2	0078ec80
020ce7a9	None	0080b2f4	a9e70c0200	1	0080b2f4
020ce882	None	00810ca0	82e80c0200	1	00810ca0
020ce897	None	007f560c	97e80c0200	1	007f560c
020ce898	None	007f560c	98e80c0200	1	007f560c
020ce899	None	0077de9c	99e80c0200	1	0077de9c
020ce8a5	None	008436f4	a5e80c0200	1	008436f4
020ce8b1	None	008436f4	b1e80c0200	1	008436f4
020ce8b2	None	0083b42a	b2e80c0200	1	0083b42a
020ce8b8	None	008436f4	b8e80c0200	1	008436f4
020ce8bd	1	0083c010	bde80c0200	1	0083c010
020ce8cd	None	008164b8	cde80c0200	1	008164b8
020ce8d8	None	008164b8	d8e80c0200	2	008164b8
020ce8db	None	008164b8	dbe80c0200	1	008164b8
020ce8dd	None	008164b8	dde80c0200	3	008164b8
020ce8f9	0	001dc078	f9e80c0200	5	001dc078	INCONSISTENT
020ce8fa	0	001dc078	fae80c0200	3	001dc078	INCONSISTENT
020ce8fb	255	0028f730	fbe80c0200	4	0028f730	INCONSISTENT
020ce8fc	255	002acefc	fce80c0200	8	002acefc	INCONSISTENT
020ce8fd	255	002acefc	fde80c0200	4	002acefc	INCONSISTENT
020ce900	None	0082edd8	00e90c0200	3	0082edd8
020ce905	None	007d1504	05e90c0200	1	007d1504
020ce926	None	0080f9d4	26e90c0200	1	0080f9d4
020ce927	None	0080466c	27e90c0200	1	0080466c
020ce92c	None	0076f5f0	2ce90c0200	1	0076f5f0
020ce9c8	None	007c3b0c	c8e90c0200	1	007c3b0c
020ce9d4	None	00869420	d4e90c0200	2	00869420
020cea00	None	008164b8	00ea0c0200	2	008164b8
020cea01	None	008164b8	01ea0c0200	1	008164b8
020cea02	None	00814f68	02ea0c0200	1	00814f68
020cea03	None	008164b8	03ea0c0200	1	008164b8
020cea04	None	00814f68	04ea0c0200	1	00814f68
020cea05	None	008164b8	05ea0c0200	1	008164b8
020cea06	None	008164b8	06ea0c0200	2	008164b8
020cea07	None	008164b8	07ea0c0200	3	008164b8
020cea09	None	008164b8	09ea0c0200	1	008164b8
020cea0e	None	008164b8	0eea0c0200	3	008164b8
020cea0f	None	008164b8	0fea0c0200	2	008164b8
020cea20	None	007f3618	20ea0c0200	2	007f3618
020cea21	None	007f3618	21ea0c0200	1	007f3618
020cea23	None	007f3618	23ea0c0200	1	007f3618
020cea26	None	007fa4b0	26ea0c0200	2	007fa4b0
020cea27	None	007fa4b0	27ea0c0200	2	007fa4b0
020cea29	None	0077d824	29ea0c0200	1	0077d824
020cea2a	None	007d090c	2aea0c0200	2	007d090c
020cea30	None	007d090c	30ea0c0200	1	007d090c
020cea31	None	007d090c	31ea0c0200	1	007d090c
020ceac8	None	007f8010	c8ea0c0200	1	007f8010
020cead3	None	0032bbc8	d3ea0c0200	2	0032bbc8
020ceae9	None	0032b394	e9ea0c0200	1	0032b394
020ceaf2	None	0032b394	f2ea0c0200	1	0032b394
020cebbe	None	008a5d1c	beeb0c0200	1	008a5d1c
020e8002	None	001c5c20	02800e0200	1	001c5c20
020e800e	None	0080284c	0e800e0200	1	0080284c
020e8062	None	00826088	62800e0200	4	00826088
020e8063	None	00826088	63800e0200	1	00826088
020e8067	None	00826088	67800e0200	3	00826088
020e8068	None	00826088	68800e0200	1	00826088
020e8069	None	0082551c	69800e0200	1	0082551c
020e806a	None	00826088	6a800e0200	2	00826088
020e806b	None	00826088	6b800e0200	2	00826088
020e806c	None	0088ab34	6c800e0200	1	0088ab34
020e806d	None	0088ab34	6d800e0200	1	0088ab34
020e806f	None	0088ab34	6f800e0200	2	0088ab34
020e8070	None	0088ab34	70800e0200	1	0088ab34
020e8073	None	0088ab34	73800e0200	1	0088ab34
020e8074	None	0088ab34	74800e0200	1	0088ab34
020e807d	None	0088ab34	7d800e0200	1	0088ab34
020e807e	None	0088ab34	7e800e0200	1	0088ab34
020e807f	None	00826c76	7f800e0200	13	00826c76
020e8080	None	00826c76	80800e0200	5	00826c76
020e8081	None	008552bc	81800e0200	6	008552bc
020e8082	None	008552bc	82800e0200	5	008552bc
020e8084	None	0032b9a8	84800e0200	2	0032b9a8
020e8085	None	0032b9a8	85800e0200	2	0032b9a8
020e8086	None	0032b9a8	86800e0200	2	0032b9a8
020e8087	None	0032afc8	87800e0200	1	0032afc8
020e8089	None	0032b9a8	89800e0200	1	0032b9a8
020e808b	1	00210d14	8b800e0200	2	00210d14	INCONSISTENT
020e8091	None	002269c0	91800e0200	2	002269c0
020e8092	None	0032abec	92800e0200	1	0032abec
020e8093	None	0032abec	93800e0200	1	0032abec
020e8094	None	0032abec	94800e0200	1	0032abec
020e8095	None	0032abec	95800e0200	1	0032abec
020e8096	None	0032abec	96800e0200	1	0032abec
020e8097	None	0032abec	97800e0200	1	0032abec
020e8098	None	0032abec	98800e0200	1	0032abec
020e8099	None	0032abec	99800e0200	1	0032abec
020e8168	None	007e2e44	68810e0200	1	007e2e44
020e820e	None	00826c76	0e820e0200	1	00826c76
020e8212	None	0032b9a8	12820e0200	1	0032b9a8
020e82b6	None	0088ab34	b6820e0200	1	0088ab34
020e82bb	None	00890f70	bb820e0200	3	00890f70
020e82bc	None	00890f70	bc820e0200	5	00890f70
020e82c0	None	00890f70	c0820e0200	5	00890f70
020e82c5	None	0079852c	c5820e0200	1	0079852c
020e833b	None	0088ab34	3b830e0200	1	0088ab34
020e8470	None	0088ab34	70840e0200	2	0088ab34
020e85e9	None	007d40ec	e9850e0200	1	007d40ec
020e85ea	None	007d65d8	ea850e0200	1	007d65d8
020e85eb	None	007d65d8	eb850e0200	1	007d65d8
020e85ef	None	0081ebfa	ef850e0200	2	0081ebfa
020e85f0	None	00826088	f0850e0200	1	00826088
020e8606	None	0088ab34	06860e0200	1	0088ab34
020e860c	None	007d40ec	0c860e0200	1	007d40ec
020e863d	None	0078039e	3d860e0200	1	0078039e
020e864a	None	0078039e	4a860e0200	1	0078039e
020e868a	None	0088ab34	8a860e0200	1	0088ab34
020e87ce	None	0032b394	ce870e0200	1	0032b394
020e8825	None	007f560c	25880e0200	1	007f560c
020e882e	None	0082edd8	2e880e0200	3	0082edd8
020e882f	180	001dc078	2f880e0200	14	001dc078	INCONSISTENT
020e8841	None	0088ab34	41880e0200	1	0088ab34
021ba001	None	00882ce4	01a01b0200	3	00882ce4
021ba002	None	00882ce4	02a01b0200	3	00882ce4
021ba003	None	0089a5c2	03a01b0200	2	0089a5c2
021ba0cf	None	0089ea2a	cfa01b0200	2	0089ea2a
021ba0d2	None	0089ea2a	d2a01b0200	2	0089ea2a
021ba349	None	002fbd48	49a31b0200	1	002fbd48
021ba4a0	None	0019ef50	a0a41b0200	1	0019ef50
021ba516	None	0083249e	16a51b0200	2	0083249e
021ba517	None	0086eb46	17a51b0200	23	0086eb46
021ba518	None	00835946	18a51b0200	17	00835946
021ba54f	None	008394a2	4fa51b0200	5	008394a2
021ba550	None	008394a2	50a51b0200	10	008394a2
021ba551	None	008394a2	51a51b0200	5	008394a2
021ba579	None	007c6188	79a51b0200	1	007c6188
021ba592	None	007fd25e	92a51b0200	4	007fd25e
021ba5f1	0	0079e95a	f1a51b0200	30	0079e95a	INCONSISTENT
021ba5f2	None	00835946	f2a51b0200	10	00835946
021ba5f4	None	00835946	f4a51b0200	10	00835946
021ba617	None	00818066	17a61b0200	5	00818066
021ba66f	None	00809d5e	6fa61b0200	30	00809d5e
021ba676	None	00839afc	76a61b0200	1	00839afc
021ba6c3	None	008415f2	c3a61b0200	3	008415f2
021ba719	None	0086eb46	19a71b0200	10	0086eb46
021ba910	None	008a035c	10a91b0200	1	008a035c
021baaf6	None	0084b548	f6aa1b0200	1	0084b548
021baaf7	None	0086a594	f7aa1b0200	3	0086a594
021bad0c	None	008736b2	0cad1b0200	1	008736b2
021bad0d	None	008736b2	0dad1b0200	1	008736b2
021bad81	None	002fbd48	81ad1b0200	1	002fbd48
021badc2	None	007cdaec	c2ad1b0200	1	007cdaec
021bb1e3	0	002c6cac	e3b11b0200	2	002c6cac	INCONSISTENT
021bb1e4	1	00217410	e4b11b0200	2	00217410
021bb3ce	None	002f4710	ceb31b0200	1	002f4710
021bb3f7	None	00882fe8	f7b31b0200	1	00882fe8
021bb4e1	None	007e3df4	e1b41b0200	1	007e3df4
021bb4ed	None	0083f8b0	edb41b0200	1	0083f8b0
021bb4f7	None	0089f314	f7b41b0200	3	0089f314
021bb500	None	008645a4	00b51b0200	1	008645a4
021bb50a	None	007d1504	0ab51b0200	2	007d1504
021bb53f	None	008a9076	3fb51b0200	1	008a9076
021bb56b	None	008a91cc	6bb51b0200	3	008a91cc
021bb56f	None	008a91cc	6fb51b0200	4	008a91cc
021bb573	None	0086a594	73b51b0200	4	0086a594
021bb574	None	0082db32	74b51b0200	2	0082db32
021bb578	None	008be3e4	78b51b0200	2	008be3e4
021bb57a	None	00834b9c	7ab51b0200	4	00834b9c
021bb57b	None	00834b9c	7bb51b0200	4	00834b9c
021bb57d	None	008374fc	7db51b0200	1	008374fc
021bb58f	None	007a8152	8fb51b0200	1	007a8152
021bb596	None	0082cf30	96b51b0200	1	0082cf30
021bb599	None	0082db32	99b51b0200	5	0082db32
021bb5a5	None	007a6568	a5b51b0200	1	007a6568
021bb5c7	None	00869420	c7b51b0200	1	00869420
021bb67d	None	007a5ca4	7db61b0200	1	007a5ca4
021bb67f	None	001d4d48	7fb61b0200	1	001d4d48
021bb682	None	00302a78	82b61b0200	1	00302a78
021bb683	0	001f5e04	83b61b0200	2	001f5e04	INCONSISTENT
021bb684	0	001f5f94	84b61b0200	3	001f5f94	INCONSISTENT
021bb686	None	001d4d48	86b61b0200	1	001d4d48
021bb687	0	001d4e60	87b61b0200	2	001d4e60	INCONSISTENT
021bb690	None	00816a7e	90b61b0200	1	00816a7e
021bb692	None	00816a7e	92b61b0200	1	00816a7e
021bb694	None	0082db32	94b61b0200	1	0082db32
021bb696	None	0082db32	96b61b0200	1	0082db32
021bb6b9	None	00788a7a	b9b61b0200	1	00788a7a
021bb6bd	None	00788a7a	bdb61b0200	1	00788a7a
021bb6be	None	00788a7a	beb61b0200	1	00788a7a
021bb6c1	None	00788a7a	c1b61b0200	1	00788a7a
021bb6d0	None	007a7900	d0b61b0200	1	007a7900
021bb70b	None	007a2cc0	0bb71b0200	7	007a2cc0
021bb70f	None	0083fa2c	0fb71b0200	1	0083fa2c
021bb710	None	008abe62	10b71b0200	1	008abe62
021bb716	None	0079d3b6	16b71b0200	1	0079d3b6
021bb71a	None	00851a28	1ab71b0200	1	00851a28
021bb724	None	0079c610	24b71b0200	1	0079c610
021bb73f	None	008bd9d4	3fb71b0200	7	008bd9d4
021bbaf3	None	0078901c	f3ba1b0200	1	0078901c
021bbaf4	None	0078901c	f4ba1b0200	1	0078901c
021bbbab	163	00770b18	abbb1b0200	1	00770b18
021bbbad	None	0078901c	adbb1b0200	1	0078901c
021bbbb2	None	00770b18	b2bb1b0200	1	00770b18
021bbc0e	None	00834b9c	0ebc1b0200	4	00834b9c
0237eb44	20	0062a058	44eb370200	2	0062a058	INCONSISTENT
030f1d11	None	00421b6c	111d0f0300	1	00421b6c
030f1d14	None	00421b6c	141d0f0300	2	00421b6c
030f1d1b	None	00421b6c	1b1d0f0300	2	00421b6c
030f1d20	None	00421b6c	201d0f0300	2	00421b6c
030f1d32	None	00421b6c	321d0f0300	2	00421b6c
030f1d38	None	00421b6c	381d0f0300	2	00421b6c
030f1d39	None	00421b6c	391d0f0300	4	00421b6c
030f1d3a	None	00421b6c	3a1d0f0300	2	00421b6c
030f1d3b	None	00421b6c	3b1d0f0300	2	00421b6c
030f1d3c	None	00421b6c	3c1d0f0300	2	00421b6c
030f1d3d	None	00421b6c	3d1d0f0300	2	00421b6c
030f1d3e	None	00421b6c	3e1d0f0300	2	00421b6c
030f1d3f	None	00421b6c	3f1d0f0300	2	00421b6c
030f1d47	None	00421b6c	471d0f0300	2	00421b6c
030f1d4a	None	00421b6c	4a1d0f0300	2	00421b6c
030f1d4b	None	00421b6c	4b1d0f0300	2	00421b6c
03310a20	None	0067e3d0	200a310300	2	0067e3d0
033571d8	20	006278f8	d871350300	2	006278f8	INCONSISTENT
03e380c3	20	00625828	c380e30300	2	00625828	INCONSISTENT
03f56b2f	20	0062c038	2f6bf50300	2	0062c038	INCONSISTENT
04000001	None	0032dcb8	0100000400	2	0032dcb8
04000002	None	0032dcb8	0200000400	2	0032dcb8
0422571b	28	00641c2c	1b57220400	408	00641c2c	INCONSISTENT
042d6e8c	None	002d18e8	8c6e2d0400	2	002d18e8
04685248	None	002d0b64	4852680400	10	002d0b64
0489d898	None	0024c6b4	98d8890400	2	0024c6b4
0530a883	20	00678bcc	83a8300500	2	00678bcc
06000001	0	0019090a	0100000600	4	0019090a	INCONSISTENT
06295411	None	001c8c9c	1154290600	2	001c8c9c
0643a165	None	001a10a0	65a1430600	2	001a10a0
0655f7ed	20	00625738	edf7550600	2	00625738	INCONSISTENT
070f1fe8	20	0062f968	e81f0f0700	2	0062f968	INCONSISTENT
07d54627	20	0062ab20	2746d50700	2	0062ab20	INCONSISTENT
07de72ac	20	0062be58	ac72de0700	2	0062be58	INCONSISTENT
07fc41e8	20	006264d0	e841fc0700	2	006264d0	INCONSISTENT
0824214c	None	002e0860	4c21240800	1	002e0860
0825c5ec	20	0062b390	ecc5250800	2	0062b390	INCONSISTENT
083a3435	None	0024c6b4	35343a0800	2	0024c6b4
08565011	None	0023ef9a	1150560800	1	0023ef9a
0880000f	None	0067e494	0f00800800	1	0067e494
08800010	None	0067e43c	1000800800	1	0067e43c
08800016	None	0067e468	1600800800	1	0067e468
0880478a	20	0062b840	8a47800800	2	0062b840	INCONSISTENT
08810070	None	0059d816	7000810800	1	0059d816
08810071	None	0059d816	7100810800	1	0059d816
08810072	None	0059d816	7200810800	1	0059d816
08810073	None	0059d816	7300810800	1	0059d816
088100f0	None	00429cd4	f000810800	1	00429cd4
08830000	None	0044ad08	0000830800	2	0044ad08
08832002	None	0044aea4	0220830800	1	0044aea4
08832010	None	0044eda8	1020830800	1	0044eda8
08832020	None	0044b770	2020830800	1	0044b770
08833000	None	0044f318	0030830800	2	0044f318
08834000	None	0044f2b4	0040830800	2	0044f2b4
08834001	None	0044b504	0140830800	1	0044b504
08aa316a	20	00628b40	6a31aa0800	2	00628b40	INCONSISTENT
08c65d89	None	00210650	895dc60800	1	00210650
0916f5dc	20	0062c5d8	dcf5160900	2	0062c5d8	INCONSISTENT
09e3c955	None	0024c6b4	55c9e30900	2	0024c6b4
0a00002a	None	00428e48	2a00000a00	1	00428e48
0a80fc4b	None	0032327a	4bfc800a00	5	0032327a
0b2929c7	None	002d04a8	c729290b00	4	002d04a8
0b82e04b	24	00679fd8	4be0820b00	6	00679fd8	INCONSISTENT
0bfefadf	None	002d1390	dffafe0b00	2	002d1390
0c3492da	20	0062ad00	da92340c00	2	0062ad00	INCONSISTENT
0c775d33	20	0062b9a8	335d770c00	2	0062b9a8	INCONSISTENT
0c94ffca	20	00628348	caff940c00	2	00628348	INCONSISTENT
0ca1ecb6	None	002fb906	b6eca10c00	2	002fb906
0ca5aecd	20	0062bc78	cdaea50c00	2	0062bc78	INCONSISTENT
0e40119f	20	0062e9f0	9f11400e00	2	0062e9f0	INCONSISTENT
0e421ed4	20	00629c98	d41e420e00	2	00629c98	INCONSISTENT
0ea8141d	20	00627a60	1d14a80e00	2	00627a60	INCONSISTENT
0eeba129	20	0062ff80	29a1eb0e00	2	0062ff80	INCONSISTENT
0f55fc53	20	00630598	53fc550f00	2	00630598	INCONSISTENT
0f5b3109	None	001a21a4	09315b0f00	2	001a21a4
0f693aeb	20	00630160	eb3a690f00	2	00630160	INCONSISTENT
0fb7bb3c	20	0062c380	3cbbb70f00	2	0062c380	INCONSISTENT
0fdd624c	20	0062e978	4c62dd0f00	2	0062e978	INCONSISTENT
10000003	195	006d2524	0300001000	2	006d2524	INCONSISTENT
10774bd4	20	00641b54	d44b771000	2	00641b54
10d03e24	1	0023800a	243ed01000	3	0023800a	INCONSISTENT
11012001	None	004286c8	0120011100	11	004286c8
11012004	16	001d255c	0420011100	8	001d255c	INCONSISTENT
11013001	20	001d1660	0130011100	2	001d1660	INCONSISTENT
11014001	1	00233f38	0140011100	2	00233f38	INCONSISTENT
11014003	None	0059cf1c	0340011100	1	0059cf1c
11111100	None	0080edba	0011111100	1	0080edba
11111777	132	006ef864	7717111100	1	006ef864
11114777	108	006ef864	7747111100	3	006ef864	INCONSISTENT
11fffd06	None	00839e54	06fdff1100	1	00839e54
11fffd07	None	00839e54	07fdff1100	1	00839e54
11fffd23	None	0076d384	23fdff1100	1	0076d384
11fffd24	None	007d9258	24fdff1100	2	007d9258
11fffe03	20	00192e94	03feff1100	7	00192e94	INCONSISTENT
11fffe04	20	00192e94	04feff1100	7	00192e94	INCONSISTENT
11fffe05	20	00192e94	05feff1100	6	00192e94	INCONSISTENT
11fffe06	20	00192e94	06feff1100	9	00192e94	INCONSISTENT
11fffe09	20	00192e94	09feff1100	7	00192e94	INCONSISTENT
11fffe0a	20	00192e94	0afeff1100	7	00192e94	INCONSISTENT
11fffe0b	20	00192e94	0bfeff1100	9	00192e94	INCONSISTENT
11fffe0d	20	00192e94	0dfeff1100	6	00192e94	INCONSISTENT
11fffe0e	20	00192e94	0efeff1100	7	00192e94	INCONSISTENT
11fffe10	20	00192e94	10feff1100	6	00192e94	INCONSISTENT
11fffe11	20	00192e94	11feff1100	6	00192e94	INCONSISTENT
11fffe12	20	00192e94	12feff1100	8	00192e94	INCONSISTENT
11fffe13	20	00192e94	13feff1100	5	00192e94	INCONSISTENT
11fffe17	20	00192e94	17feff1100	7	00192e94	INCONSISTENT
11fffe18	20	0024ee88	18feff1100	4	0024ee88	INCONSISTENT
11fffe19	20	0024ee88	19feff1100	3	0024ee88	INCONSISTENT
11fffe1a	20	008c9740	1afeff1100	2	008c9740	INCONSISTENT
11fffe1b	20	002506d8	1bfeff1100	12	002506d8	INCONSISTENT
11fffe1c	20	002506d8	1cfeff1100	6	002506d8	INCONSISTENT
11fffe22	20	0024d1e8	22feff1100	6	0024d1e8	INCONSISTENT
11fffe25	20	0024ba18	25feff1100	43	0024ba18	INCONSISTENT
11fffe26	None	007e183c	26feff1100	2	007e183c
11fffe27	None	007e183c	27feff1100	1	007e183c
11fffe28	None	00801c38	28feff1100	4	00801c38
11fffe29	None	00801c38	29feff1100	4	00801c38
11fffe2a	None	007d8b3e	2afeff1100	2	007d8b3e
11fffe2b	None	007dd098	2bfeff1100	3	007dd098
11fffe2c	None	00251e12	2cfeff1100	1	00251e12
11fffe2d	None	00251e12	2dfeff1100	1	00251e12
11fffe2e	1	007dd5d8	2efeff1100	5	007dd5d8
11fffe2f	None	003234e4	2ffeff1100	2	003234e4
11fffe32	None	0080466c	32feff1100	2	0080466c
11fffe36	None	008400e8	36feff1100	22	008400e8
11fffe38	20	001933c0	38feff1100	30	001933c0	INCONSISTENT
11fffe39	None	007f2b0c	39feff1100	1	007f2b0c
11fffe3a	None	008c8d60	3afeff1100	15	008c8d60
11fffe3b	None	008c7678	3bfeff1100	2	008c7678
11fffe3f	None	00824568	3ffeff1100	1	00824568
11fffe4a	20	0024bcd4	4afeff1100	22	0024bcd4	INCONSISTENT
11fffe4b	233	0048cd58	4bfeff1100	3	0048cd58	INCONSISTENT
11fffe4c	20	0024bab0	4cfeff1100	52	0024bab0	INCONSISTENT
11fffe5a	None	008c8d60	5afeff1100	9	008c8d60
11fffe5b	None	008c8d60	5bfeff1100	5	008c8d60
11fffe5c	20	0024c4ac	5cfeff1100	4	0024c4ac	INCONSISTENT
11fffe67	1	007dd5d8	67feff1100	3	007dd5d8
11fffe68	183	0047e920	68feff1100	3	0047e920	INCONSISTENT
11fffe69	None	0077cd54	69feff1100	1	0077cd54
11fffe6a	20	0024f1a8	6afeff1100	3	0024f1a8	INCONSISTENT
11fffe6b	20	0048ce9c	6bfeff1100	1	0048ce9c
11fffe6c	None	0083b3b4	6cfeff1100	1	0083b3b4
11fffe6d	None	0076f574	6dfeff1100	2	0076f574
11fffe6e	None	0078b024	6efeff1100	2	0078b024
11fffe6f	None	0078b084	6ffeff1100	2	0078b084
11fffe72	None	008c9cd0	72feff1100	11	008c9cd0
11ffff07	None	00192a78	07ffff1100	1	00192a78
11ffff08	20	001933c0	08ffff1100	1	001933c0
11ffff09	20	001933c0	09ffff1100	1	001933c0
11ffff0a	None	0083b3b4	0affff1100	1	0083b3b4
12000001	20	001933c0	0100001200	240	001933c0	INCONSISTENT
12000002	20	0024c308	0200001200	86	0024c308	INCONSISTENT
12000007	20	0044f95c	0700001200	36	0044f95c	INCONSISTENT
12000008	20	004493b8	0800001200	45	004493b8	INCONSISTENT
12000009	20	0044f95c	0900001200	25	0044f95c	INCONSISTENT
1200000a	20	0044f95c	0a00001200	3	0044f95c	INCONSISTENT
1200000b	20	005b7044	0b00001200	1	005b7044
1200000c	20	0045381c	0c00001200	2	0045381c	INCONSISTENT
1200000d	20	00447b4c	0d00001200	8	00447b4c	INCONSISTENT
1200000e	20	0044f74c	0e00001200	8	0044f74c	INCONSISTENT
1200000f	20	0044f74c	0f00001200	10	0044f74c	INCONSISTENT
12000010	20	0044f95c	1000001200	3	0044f95c	INCONSISTENT
12000011	20	005b7a40	1100001200	3	005b7a40	INCONSISTENT
12006003	20	001cd85e	0360001200	9	001cd85e	INCONSISTENT
12006006	20	001cd85e	0660001200	9	001cd85e	INCONSISTENT
12006007	6	0044778c	0760001200	60	0044778c	INCONSISTENT
1200600a	20	002e0450	0a60001200	7	002e0450	INCONSISTENT
1200600b	6	001f29e8	0b60001200	67	001f29e8	INCONSISTENT
1200600c	20	006adfb8	0c60001200	1	006adfb8
1200600d	20	006adfb8	0d60001200	1	006adfb8
1200600e	20	006adfb8	0e60001200	1	006adfb8
1200600f	20	006adfb8	0f60001200	1	006adfb8
12006010	20	002148b8	1060001200	23	002148b8	INCONSISTENT
12006011	20	00740eb8	1160001200	5	00740eb8	INCONSISTENT
12006012	20	0072d838	1260001200	1	0072d838
12006013	6	0072d900	1360001200	4	0072d900	INCONSISTENT
12006014	20	0041c06c	1460001200	10	0041c06c	INCONSISTENT
12006015	20	0041c06c	1560001200	30	0041c06c	INCONSISTENT
12006019	20	00420010	1960001200	2	00420010	INCONSISTENT
1200601b	20	004202d4	1b60001200	1	004202d4
1200601f	6	00758334	1f60001200	4	00758334	INCONSISTENT
12006020	20	001da290	2060001200	19	001da290	INCONSISTENT
12006021	6	0068f69c	2160001200	1	0068f69c
1200602c	20	0043ea72	2c60001200	1	0043ea72
1200602d	20	0043ea72	2d60001200	1	0043ea72
1200602e	20	0043ea72	2e60001200	1	0043ea72
1200602f	20	0043ea72	2f60001200	2	0043ea72	INCONSISTENT
12006030	20	0043ec2e	3060001200	1	0043ec2e
12006031	20	00325cdc	3160001200	3	00325cdc	INCONSISTENT
12006032	6	006c533c	3260001200	3	006c533c	INCONSISTENT
12006039	20	006f83d0	3960001200	4	006f83d0	INCONSISTENT
1200603a	20	006f56e0	3a60001200	1	006f56e0
12006043	20	005d2870	4360001200	4	005d2870	INCONSISTENT
12006050	20	001da290	5060001200	15	001da290	INCONSISTENT
12006051	20	002dd7cc	5160001200	2	002dd7cc	INCONSISTENT
12006052	6	0047e790	5260001200	4	0047e790	INCONSISTENT
12006053	20	0068f69c	5360001200	1	0068f69c
12006054	20	00455b88	5460001200	3	00455b88	INCONSISTENT
12006055	20	002328e2	5560001200	4	002328e2	INCONSISTENT
12006056	None	001ddb28	5660001200	2	001ddb28
12006057	20	005d33ca	5760001200	1	005d33ca
12006058	20	005d33ca	5860001200	1	005d33ca
12006059	20	005d33ca	5960001200	1	005d33ca
1200605a	20	005d33ca	5a60001200	1	005d33ca
1200605b	20	005d357c	5b60001200	1	005d357c
12008002	20	006964ae	0280001200	7	006964ae	INCONSISTENT
12008003	20	004251fc	0380001200	2	004251fc	INCONSISTENT
12008008	20	006964ae	0880001200	5	006964ae	INCONSISTENT
12009001	20	001a2ca2	0190001200	36	001a2ca2	INCONSISTENT
12009002	20	001a2ca2	0290001200	40	001a2ca2	INCONSISTENT
12009003	20	001a2ca2	0390001200	20	001a2ca2	INCONSISTENT
12009004	20	00463e10	0490001200	1	00463e10
12009006	20	00464f86	0690001200	1	00464f86
1200c005	20	00445964	05c0001200	6	00445964	INCONSISTENT
1200c006	12	001a41bc	06c0001200	11	001a41bc	INCONSISTENT
1200c007	20	00445964	07c0001200	3	00445964	INCONSISTENT
1200c00b	20	00445964	0bc0001200	3	00445964	INCONSISTENT
1200c010	20	00445964	10c0001200	4	00445964	INCONSISTENT
1200c012	20	00445964	12c0001200	7	00445964	INCONSISTENT
1200c019	11	005d3110	19c0001200	1	005d3110
12016008	None	0077aa58	0860011200	1	0077aa58
120210f8	None	001a2400	f810021200	2	001a2400
12038003	None	004233e0	0380031200	4	004233e0
1236ed98	None	001a12e0	98ed361200	2	001a12e0
12811715	20	00626d40	1517811200	2	00626d40	INCONSISTENT
12b278f4	None	002d0e84	f478b21200	2	002d0e84
12b43331	None	00301db2	3133b41200	11	00301db2
13032019	None	0089554e	1920031300	1	0089554e
13032021	None	0089554e	2120031300	1	0089554e
13032023	None	0089554e	2320031300	1	0089554e
13032025	None	0089554e	2520031300	1	0089554e
13032026	37	0089554e	2620031300	1	0089554e
13032027	None	0089554e	2720031300	1	0089554e
13341209	20	0062b660	0912341300	2	0062b660	INCONSISTENT
133a7595	20	00679fd8	95753a1300	6	00679fd8	INCONSISTENT
1370f9da	None	0024c6b4	daf9701300	2	0024c6b4
14000003	195	006d242c	0300001400	3	006d242c	INCONSISTENT
14000013	123	0072e168	1300001400	2	0072e168	INCONSISTENT
14713612	None	002d19c0	1236711400	2	002d19c0
15010010	20	00329188	1000011500	4	00329188	INCONSISTENT
15010020	20	001c8ba4	2000011500	49	001c8ba4	INCONSISTENT
15010030	20	0028d230	3000011500	10	0028d230	INCONSISTENT
15010032	None	008071d4	3200011500	4	008071d4
15010040	1	0076b4b2	4000011500	5	0076b4b2	INCONSISTENT
15010050	None	008cbcf4	5000011500	4	008cbcf4
15010060	16	002414e4	6000011500	5	002414e4	INCONSISTENT
15010070	20	0024c524	7000011500	7	0024c524	INCONSISTENT
15010080	20	0024c5ec	8000011500	6	0024c5ec	INCONSISTENT
150100d0	None	0041a058	d000011500	1	0041a058
150100d2	226	001c0404	d200011500	1	001c0404
150100f0	1	002b02b8	f000011500	1	002b02b8
15010110	None	007aed38	1001011500	2	007aed38
15010120	None	007aed38	2001011500	1	007aed38
15010121	None	00429908	2101011500	1	00429908
15010130	None	002905bc	3001011500	1	002905bc
15010140	None	007aed38	4001011500	1	007aed38
15010200	20	001f3c58	0002011500	8	001f3c58	INCONSISTENT
15010201	None	00429132	0102011500	1	00429132
15010210	20	001f3d18	1002011500	10	001f3d18	INCONSISTENT
15010211	None	00429132	1102011500	1	00429132
15010220	None	007aed38	2002011500	1	007aed38
15010290	None	007e4994	9002011500	2	007e4994
150102c0	20	001c747c	c002011500	4	001c747c	INCONSISTENT
15010340	None	00429132	4003011500	1	00429132
15010360	None	0072598c	6003011500	10	0072598c
150103d0	1	0076b4b2	d003011500	1	0076b4b2
150103d1	None	0042c63c	d103011500	1	0042c63c
150103d2	None	0042c63c	d203011500	1	0042c63c
150104b2	1	001ca8bc	b204011500	8	001ca8bc	INCONSISTENT
15020012	None	008071d4	1200021500	4	008071d4
150201d0	20	001cd120	d001021500	47	001cd120	INCONSISTENT
150201d2	None	00795550	d201021500	1	00795550
150201e0	None	002c5fbc	e001021500	2	002c5fbc
15040010	0	001f5860	1000041500	23	001f5860	INCONSISTENT
15040011	0	001f5860	1100041500	3	001f5860	INCONSISTENT
15040030	None	005cddb8	3000041500	2	005cddb8
15040040	20	007ce1f8	4000041500	34	007ce1f8	INCONSISTENT
15040050	None	005cddb8	5000041500	1	005cddb8
15040052	None	0081ff74	5200041500	4	0081ff74
15040081	20	001f3944	8100041500	3	001f3944	INCONSISTENT
15040082	20	001f3a04	8200041500	3	001f3a04	INCONSISTENT
150400b0	None	00429cd4	b000041500	1	00429cd4
15040140	None	001c4fc8	4001041500	1	001c4fc8
15050010	None	00807db2	1000051500	10	00807db2
15050020	0	0021ce98	2000051500	6	0021ce98	INCONSISTENT
15060010	None	008d8bd4	1000061500	4	008d8bd4
15060020	16	001d255c	2000061500	18	001d255c	INCONSISTENT
15060030	20	002127ec	3000061500	7	002127ec	INCONSISTENT
15060050	20	00429908	5000061500	3	00429908	INCONSISTENT
15060060	20	00446888	6000061500	1	00446888
15060070	20	00422008	7000061500	7	00422008	INCONSISTENT
15060090	20	001c8518	9000061500	6	001c8518	INCONSISTENT
150600a0	None	00774f70	a000061500	5	00774f70
150600b0	20	0041c678	b000061500	8	0041c678	INCONSISTENT
15060110	None	0042975c	1001061500	1	0042975c
15060120	0	00217828	2001061500	21	00217828	INCONSISTENT
15060130	1	0029f848	3001061500	3	0029f848	INCONSISTENT
15070020	20	0024ce24	2000071500	1	0024ce24
15070040	None	00429a48	4000071500	1	00429a48
15070050	1	001ca8bc	5000071500	30	001ca8bc	INCONSISTENT
15070060	20	003257c0	6000071500	10	003257c0	INCONSISTENT
15070070	1	0021e25e	7000071500	6	0021e25e	INCONSISTENT
15070080	None	005e4344	8000071500	5	005e4344
15070090	None	005e4344	9000071500	4	005e4344
150700a0	None	0072598c	a000071500	7	0072598c
150700f0	20	001d1590	f000071500	7	001d1590	INCONSISTENT
15070122	None	00417000	2201071500	1	00417000
150701b0	None	005d30e4	b001071500	3	005d30e4
150701c0	None	00429a48	c001071500	1	00429a48
150701e0	20	001c960c	e001071500	2	001c960c	INCONSISTENT
15070250	None	00426e3c	5002071500	1	00426e3c
150702c0	1	00326184	c002071500	2	00326184	INCONSISTENT
15070340	None	005e4344	4003071500	5	005e4344
15070350	None	005e4344	5003071500	5	005e4344
15070361	None	00428db0	6103071500	1	00428db0
15070362	None	00428db0	6203071500	1	00428db0
150703a0	20	0020f914	a003071500	4	0020f914	INCONSISTENT
150703b0	20	0020f914	b003071500	4	0020f914	INCONSISTENT
150703c0	20	001db4f0	c003071500	33	001db4f0	INCONSISTENT
150703d0	20	0028d230	d003071500	6	0028d230	INCONSISTENT
150703d2	None	0083d430	d203071500	5	0083d430
15070400	None	005d3e2c	0004071500	2	005d3e2c
15070410	None	005d3e2c	1004071500	2	005d3e2c
15078010	82	001f12fc	1080071500	6	001f12fc	INCONSISTENT
150780c0	20	001c666c	c080071500	3	001c666c	INCONSISTENT
15080010	None	002a9434	1000081500	2	002a9434
15080160	None	005cddb8	6001081500	4	005cddb8
15080180	20	001d59c0	8001081500	2	001d59c0	INCONSISTENT
15080190	20	0020e924	9001081500	5	0020e924	INCONSISTENT
150801e0	20	001c3912	e001081500	3	001c3912	INCONSISTENT
15080240	20	0042f3f0	4002081500	1	0042f3f0
150802e0	20	001f2800	e002081500	1	001f2800
15090000	None	004214a0	0000091500	1	004214a0
15090010	20	008d9254	1000091500	5	008d9254
15090020	20	008d9254	2000091500	7	008d9254
15090030	20	00325cdc	3000091500	8	00325cdc	INCONSISTENT
15090050	None	004214a0	5000091500	1	004214a0
15090080	20	00413f14	8000091500	10	00413f14	INCONSISTENT
150a00b2	None	00210b54	b2000a1500	1	00210b54
150a0122	None	002905f4	22010a1500	1	002905f4
150a01c0	None	002a8fe4	c0010a1500	1	002a8fe4
150a01c1	None	002a90e4	c1010a1500	3	002a90e4
150a01c2	None	00445f04	c2010a1500	11	00445f04
150a01d0	None	002a8f78	d0010a1500	1	002a8f78
150a01e0	None	002a8ed8	e0010a1500	1	002a8ed8
150a01e1	None	002a90e4	e1010a1500	3	002a90e4
150a01e2	2	00445f04	e2010a1500	9	00445f04
150a01f0	None	002a8e6c	f0010a1500	1	002a8e6c
150a0211	None	002a8d94	11020a1500	3	002a8d94
150a0212	11	005b4a2c	12020a1500	21	005b4a2c	INCONSISTENT
150a0232	None	0042c63c	32020a1500	1	0042c63c
150a0241	None	002a8c40	41020a1500	3	002a8c40
150a0242	None	0083d5c4	42020a1500	21	0083d5c4
150a0251	None	002a80ac	51020a1500	3	002a80ac
150a0252	0	002b07a0	52020a1500	9	002b07a0	INCONSISTENT
150a0261	None	002a80ac	61020a1500	3	002a80ac
150a0262	1	00445e28	62020a1500	7	00445e28
150a02a2	11	005b4b2c	a2020a1500	22	005b4b2c	INCONSISTENT
150a02b1	None	002c6328	b1020a1500	1	002c6328
150a02b2	None	00445e84	b2020a1500	3	00445e84
150a0341	None	002a90e4	41030a1500	5	002a90e4
150a0342	1	002f73a0	42030a1500	9	002f73a0
150a0352	None	0029500c	52030a1500	5	0029500c
150a0361	None	002c6328	61030a1500	6	002c6328
150a0362	0	002f73a0	62030a1500	8	002f73a0
150a0372	20	007d06f0	72030a1500	22	007d06f0	INCONSISTENT
150a0382	None	0081ff74	82030a1500	7	0081ff74
150a06b2	None	00445f04	b2060a1500	1	00445f04
150a06d2	0	00445f04	d2060a1500	1	00445f04
150a0702	11	005b4a2c	02070a1500	15	005b4a2c	INCONSISTENT
150a0722	None	004460c0	22070a1500	3	004460c0
150a0732	0	002b07a0	32070a1500	2	002b07a0	INCONSISTENT
150a0742	None	00445e28	42070a1500	1	00445e28
150a0792	None	00445e84	92070a1500	2	00445e84
150a0a62	None	005cddb8	620a0a1500	11	005cddb8
150a0aa2	0	004460c0	a20a0a1500	23	004460c0	INCONSISTENT
150a0ab2	11	005b4b2c	b20a0a1500	21	005b4b2c	INCONSISTENT
150a0ad2	None	005cddb8	d20a0a1500	5	005cddb8
150a0b92	None	0081ff74	920b0a1500	4	0081ff74
150a0c12	0	004460c0	120c0a1500	2	004460c0	INCONSISTENT
150a0dc2	None	00790724	c20d0a1500	4	00790724
150a0f62	211	004460c0	620f0a1500	14	004460c0	INCONSISTENT
150a0fd2	None	0083d5c4	d20f0a1500	12	0083d5c4
150a10a1	None	002c6328	a1100a1500	2	002c6328
150a10a2	None	00445f04	a2100a1500	8	00445f04
150a10c2	None	00445f04	c2100a1500	3	00445f04
150a10d2	None	002a9214	d2100a1500	1	002a9214
150a12b2	None	0081ff74	b2120a1500	4	0081ff74
150a12c2	None	0081ff44	c2120a1500	3	0081ff44
150a1422	None	002b07a0	22140a1500	3	002b07a0
150a1431	None	002c6f64	31140a1500	1	002c6f64
150a1432	0	002ac92c	32140a1500	7	002ac92c	INCONSISTENT
150a1442	None	002c6f64	42140a1500	2	002c6f64
150a1611	None	002b4a00	11160a1500	1	002b4a00
150a1612	1	002b4a00	12160a1500	9	002b4a00
150a1622	None	0029fcf4	22160a1500	6	0029fcf4
150a1630	None	002f8ec8	30160a1500	1	002f8ec8
150a1651	None	002b4a00	51160a1500	1	002b4a00
150a1652	None	0083d5c4	52160a1500	18	0083d5c4
150a1662	None	0083d5c4	62160a1500	14	0083d5c4
150a16d2	20	002aa684	d2160a1500	9	002aa684	INCONSISTENT
150a16e2	11	005b4960	e2160a1500	12	005b4960	INCONSISTENT
150a16f2	None	0083d458	f2160a1500	12	0083d458
150a17e2	None	00248960	e2170a1500	2	00248960
150a1d12	211	001f18f8	121d0a1500	2	001f18f8	INCONSISTENT
150a1d22	1	002c9894	221d0a1500	5	002c9894
150a1d32	1	002c9894	321d0a1500	5	002c9894
150a1dc1	None	00299314	c11d0a1500	1	00299314
150a1dc2	None	002ff918	c21d0a1500	4	002ff918
150a1de2	None	002ff918	e21d0a1500	4	002ff918
150a1e02	None	002b03d0	021e0a1500	3	002b03d0
150a1e12	1	002a4518	121e0a1500	3	002a4518
150a1e22	None	002a4518	221e0a1500	3	002a4518
150a1e32	None	002a4518	321e0a1500	3	002a4518
150a1e42	4	002f73a0	421e0a1500	1	002f73a0
150a2342	None	002c6f00	42230a1500	4	002c6f00
150a2352	None	002c6ea4	52230a1500	4	002c6ea4
150a2381	None	00299314	81230a1500	1	00299314
150a2382	None	002b03d0	82230a1500	8	002b03d0
153d2c86	20	006308e0	862c3d1500	2	006308e0	INCONSISTENT
154c9435	None	002c6e08	35944c1500	2	002c6e08
158e8c41	20	006288e8	418c8e1500	2	006288e8	INCONSISTENT
158ed260	None	002f767c	60d28e1500	1	002f767c
15e21fe5	None	001a1154	e51fe21500	2	001a1154
16000003	None	004209dc	0300001600	1	004209dc
1629116a	20	00630f70	6a11291600	2	00630f70	INCONSISTENT
1639dab9	20	0062d2f8	b9da391600	2	0062d2f8	INCONSISTENT
1687fca0	None	002f8948	a0fc871600	4	002f8948
16c9092e	None	0024c6b4	2e09c91600	2	0024c6b4
16cddc33	20	00629338	33dccd1600	2	00629338	INCONSISTENT
16d5f8d9	20	0062a5f8	d9f8d51600	2	0062a5f8	INCONSISTENT
17000002	20	00431c70	0200001700	1	00431c70
17004001	1	0079e39c	0140001700	96	0079e39c	INCONSISTENT
17005003	20	001c3912	0350001700	213	001c3912	INCONSISTENT
17005004	20	0024c524	0450001700	55	0024c524	INCONSISTENT
17005005	20	001d59c0	0550001700	4	001d59c0	INCONSISTENT
17005006	20	001c5024	0650001700	85	001c5024	INCONSISTENT
17005008	20	001c4ed8	0850001700	209	001c4ed8	INCONSISTENT
1700500a	20	001c3912	0a50001700	17	001c3912	INCONSISTENT
1700500b	20	0024c524	0b50001700	4	0024c524	INCONSISTENT
1700500c	20	001c666c	0c50001700	135	001c666c	INCONSISTENT
1700500e	20	0041cf54	0e50001700	4	0041cf54
17006002	None	002367e8	0260001700	2	002367e8
17008002	2	001f52a0	0280001700	8	001f52a0	INCONSISTENT
1788b830	24	00677064	30b8881700	4	00677064	INCONSISTENT
17aa1727	None	002d188c	2717aa1700	5	002d188c
17c42b52	20	0062ae68	522bc41700	2	0062ae68	INCONSISTENT
17dcf8c2	20	0062ca88	c2f8dc1700	2	0062ca88	INCONSISTENT
18000001	None	00787fe6	0100001800	1	00787fe6
18000002	None	00826d68	0200001800	6	00826d68
18000004	None	008127d0	0400001800	6	008127d0
18000005	None	007957f0	0500001800	1	007957f0
18000007	None	00829ddc	0700001800	4	00829ddc
180d2ceb	24	0067783c	eb2c0d1800	6	0067783c	INCONSISTENT
183ff60a	None	002d0bf0	0af63f1800	10	002d0bf0
184a9c2a	None	002fa3bc	2a9c4a1800	2	002fa3bc
189388ef	20	00624220	ef88931800	2	00624220	INCONSISTENT
18d8bddb	32	00641564	dbbdd81800	2	00641564
18d8bddc	32	00641564	dcbdd81800	2	00641564
18d8bdde	32	00641564	debdd81800	2	00641564
18d9bddb	32	00641564	dbbdd91800	2	00641564
18d9bddc	32	00641564	dcbdd91800	2	00641564
18d9bdde	32	00641564	debdd91800	2	00641564
18dcbddb	32	00641564	dbbddc1800	2	00641564
18dcbddc	32	00641564	dcbddc1800	2	00641564
18dcbdde	32	00641564	debddc1800	2	00641564
18ddbddb	32	00641564	dbbddd1800	2	00641564
18ddbddc	32	00641564	dcbddd1800	2	00641564
18ddbdde	32	00641564	debddd1800	2	00641564
18debddb	32	00641564	dbbdde1800	2	00641564
18debddc	32	00641564	dcbdde1800	2	00641564
18debdde	32	00641564	debdde1800	2	00641564
18dfbddb	32	00641564	dbbddf1800	2	00641564
18dfbddc	32	00641564	dcbddf1800	2	00641564
18dfbdde	32	00641564	debddf1800	2	00641564
18e0bddb	32	00641564	dbbde01800	2	00641564
18e0bddc	32	00641564	dcbde01800	2	00641564
18e0bddd	32	00641564	ddbde01800	2	00641564
18e0bdde	32	00641564	debde01800	2	00641564
18e1bddb	32	00641564	dbbde11800	2	00641564
18e1bddc	32	00641564	dcbde11800	2	00641564
18e1bddd	32	00641564	ddbde11800	2	00641564
18e1bdde	32	00641564	debde11800	2	00641564
18e2bddb	32	00641564	dbbde21800	2	00641564
18e2bddc	32	00641564	dcbde21800	2	00641564
18e2bdde	32	00641564	debde21800	2	00641564
18e3bddb	32	00641564	dbbde31800	2	00641564
18e3bddc	32	00641564	dcbde31800	2	00641564
18e3bdde	32	00641564	debde31800	2	00641564
19214b00	20	00628bb8	004b211900	2	00628bb8	INCONSISTENT
196c32f6	24	00648ea0	f6326c1900	4	00648ea0	INCONSISTENT
198555c6	20	00628d20	c655851900	2	00628d20	INCONSISTENT
19ee63bf	20	00626bd8	bf63ee1900	2	00626bd8	INCONSISTENT
1a000037	20	00429132	3700001a00	1	00429132
1a00e4e0	20	0062cfb0	e0e4001a00	2	0062cfb0	INCONSISTENT
1a326238	None	002d1cb0	3862321a00	3	002d1cb0
1a3db4a3	1	0024e944	a3b43d1a00	1	0024e944
1a80f5bc	24	00648ea0	bcf5801a00	4	00648ea0	INCONSISTENT
1a8f18ed	24	0066e2d8	ed188f1a00	30	0066e2d8	INCONSISTENT
1b1cbec9	20	006280f0	c9be1c1b00	2	006280f0	INCONSISTENT
1b258f23	20	00625cd8	238f251b00	2	00625cd8	INCONSISTENT
1c4b0db9	24	00648ea0	b90d4b1c00	4	00648ea0	INCONSISTENT
1c9a90ef	20	00623c08	ef909a1c00	2	00623c08	INCONSISTENT
1e559620	20	00627c40	2096551e00	2	00627c40	INCONSISTENT
1e940728	20	0062b228	2807941e00	2	0062b228	INCONSISTENT
1e968132	None	001940f0	3281961e00	2	001940f0
1eb26358	None	008c9450	5863b21e00	4	008c9450
1eeb933f	20	006289d8	3f93eb1e00	2	006289d8	INCONSISTENT
1f1a4467	20	0062ed38	67441a1f00	2	0062ed38	INCONSISTENT
1fa14683	None	008cb350	8346a11f00	1	008cb350
1fb9502d	28	00673a48	2d50b91f00	2	00673a48
1fbd690c	20	0062bf48	0c69bd1f00	2	0062bf48	INCONSISTENT
20000001	195	00490038	0100002000	1	00490038
20000002	195	00490038	0200002000	1	00490038
20000003	195	00490038	0300002000	1	00490038
20000004	195	00490038	0400002000	1	00490038
20000005	195	00490038	0500002000	1	00490038
20000006	195	00490038	0600002000	1	00490038
20000009	195	006dec6c	0900002000	1	006dec6c
20000012	123	00490038	1200002000	4	00490038	INCONSISTENT
20000013	123	00490038	1300002000	4	00490038	INCONSISTENT
2000e91c	None	002f5fca	1ce9002000	2	002f5fca
2012e738	20	00627448	38e7122000	2	00627448	INCONSISTENT
20819c5e	20	006292c0	5e9c812000	2	006292c0	INCONSISTENT
20b72007	20	0062fc38	0720b72000	2	0062fc38	INCONSISTENT
20bd759d	20	00628168	9d75bd2000	2	00628168	INCONSISTENT
20db5cf2	20	00623de8	f25cdb2000	2	00623de8	INCONSISTENT
2102addb	24	00648ea0	dbad022100	4	00648ea0	INCONSISTENT
21312b9a	None	002e1ebc	9a2b312100	2	002e1ebc
2147b779	20	006244f0	79b7472100	2	006244f0	INCONSISTENT
2190a2ca	None	002d1040	caa2902100	6	002d1040
21ba05f1	20	00628078	f105ba2100	2	00628078	INCONSISTENT
21ca4494	20	0062fcb0	9444ca2100	2	0062fcb0	INCONSISTENT
21dc6174	20	00625dc8	7461dc2100	2	00625dc8	INCONSISTENT
22904a9f	None	0022a600	9f4a902200	6	0022a600
22e5e4ab	None	001c8c9c	abe4e52200	2	001c8c9c
22e6e4ab	None	001c8c9c	abe4e62200	2	001c8c9c
22efbb25	20	006271f0	25bbef2200	2	006271f0	INCONSISTENT
23225476	None	001a107c	7654222300	2	001a107c
234a44cb	20	00626ae8	cb444a2300	2	00626ae8	INCONSISTENT
235b6c6a	None	002de5c0	6a6c5b2300	1	002de5c0
238ba7dd	24	00648ea0	dda78b2300	4	00648ea0	INCONSISTENT
24b1e825	None	002d0ddc	25e8b12400	4	002d0ddc
24b3ba14	20	00623a28	14bab32400	2	00623a28	INCONSISTENT
24d6951b	None	002dc8e2	1b95d62400	1	002dc8e2
2522aa6c	None	008d350c	6caa222500	7	008d350c
2523aa6c	None	008d350c	6caa232500	6	008d350c
25307e07	None	0022a7ac	077e302500	2	0022a7ac
254edc1d	None	00235d30	1ddc4e2500	3	00235d30
259fb884	20	0062f170	84b89f2500	2	0062f170	INCONSISTENT
25cecb0f	24	0066ff60	0fcbce2500	2	0066ff60
2690d819	24	00671828	19d8902600	2	00671828
27129e1a	20	006247c0	1a9e122700	2	006247c0	INCONSISTENT
278a4743	None	008ce14c	43478a2700	8	008ce14c
278fa7a2	None	002fbd48	a2a78f2700	4	002fbd48
282873b3	20	006282d0	b373282800	2	006282d0	INCONSISTENT
28962428	20	006287f8	2824962800	2	006287f8	INCONSISTENT
2934805e	20	00628438	5e80342900	2	00628438	INCONSISTENT
2960fbc2	None	001a1304	c2fb602900	2	001a1304
29e9f997	20	0062c128	97f9e92900	2	0062c128	INCONSISTENT
2a7d8a8c	20	0062f350	8c8a7d2a00	2	0062f350	INCONSISTENT
2a845886	20	0062cf38	8658842a00	2	0062cf38	INCONSISTENT
2b1ce609	20	00625fa8	09e61c2b00	2	00625fa8	INCONSISTENT
2b2d8b9f	20	0062b8b8	9f8b2d2b00	2	0062b8b8	INCONSISTENT
2b8c8636	24	00679fd8	36868c2b00	6	00679fd8	INCONSISTENT
2b8f25ea	24	00679fd8	ea258f2b00	6	00679fd8	INCONSISTENT
2ba9f9bb	20	0062e018	bbf9a92b00	2	0062e018	INCONSISTENT
2bd9f962	20	0062b4f8	62f9d92b00	2	0062b4f8	INCONSISTENT
2bed3079	1	008c3908	7930ed2b00	1	008c3908
2c08bcf5	None	001a2400	f5bc082c00	2	001a2400
2c14175f	None	001c9744	5f17142c00	2	001c9744
2d1a6c12	None	002d19c0	126c1a2d00	6	002d19c0
2d1c3121	20	0062a6e8	21311c2d00	2	0062a6e8	INCONSISTENT
2d2005eb	None	003020d8	eb05202d00	1	003020d8
2dc90df7	20	00674c20	f70dc92d00	3	00674c20	INCONSISTENT
2ded8868	None	001a1274	6888ed2d00	2	001a1274
2e4b48de	20	00625f30	de484b2e00	2	00625f30	INCONSISTENT
2e53b13d	20	00628870	3db1532e00	2	00628870	INCONSISTENT
2e6e6f83	20	0062f5a8	836f6e2e00	2	0062f5a8	INCONSISTENT
2ea9a88a	20	00626b60	8aa8a92e00	2	00626b60	INCONSISTENT
2ebf81bc	20	00629e78	bc81bf2e00	2	00629e78	INCONSISTENT
2f07c677	20	0062b408	77c6072f00	2	0062b408	INCONSISTENT
2f270eef	20	00624748	ef0e272f00	2	00624748	INCONSISTENT
2f759870	None	002ff228	7098752f00	2	002ff228
2f986c36	20	00629680	366c982f00	2	00629680	INCONSISTENT
2fe7647a	None	001a1328	7a64e72f00	2	001a1328
2ff14323	20	0062cdd0	2343f12f00	2	0062cdd0	INCONSISTENT
2ff85553	20	00627538	5355f82f00	2	00627538	INCONSISTENT
3007641f	None	002d18e8	1f64073000	2	002d18e8
303fc1b3	20	0062d910	b3c13f3000	2	0062d910	INCONSISTENT
30a61376	20	006720cc	7613a63000	1	006720cc
311e6dc0	20	0062b138	c06d1e3100	2	0062b138	INCONSISTENT
3230ee18	20	00624e50	18ee303200	2	00624e50	INCONSISTENT
325cf838	36	00677064	38f85c3200	4	00677064	INCONSISTENT
3274c3b1	20	00625378	b1c3743200	2	00625378	INCONSISTENT
327db583	None	0024c6b4	83b57d3200	2	0024c6b4
3285b7a5	None	0032a51c	a5b7853200	1	0032a51c
32d1a8ac	None	0029b0d0	aca8d13200	1	0029b0d0
33000002	None	00433c18	0200003300	1	00433c18
33000006	None	00433c18	0600003300	1	00433c18
330acfd4	20	00623938	d4cf0a3300	2	00623938	INCONSISTENT
332bbdc0	20	0062aa30	c0bd2b3300	2	0062aa30	INCONSISTENT
33540d88	None	008ce14c	880d543300	16	008ce14c
3361c395	20	0062ea68	95c3613300	2	0062ea68	INCONSISTENT
33c12acc	None	002d0e00	cc2ac13300	2	002d0e00
33e584fd	20	0062f3c8	fd84e53300	2	0062f3c8	INCONSISTENT
33e9f7ed	20	00625558	edf7e93300	2	00625558	INCONSISTENT
341c126c	20	0062d730	6c121c3400	2	0062d730	INCONSISTENT
34cd25d1	20	00624fb8	d125cd3400	2	00624fb8	INCONSISTENT
34d5fc88	20	0062c740	88fcd53400	2	0062c740	INCONSISTENT
35000023	None	00477422	2300003500	1	00477422
35226f0d	None	002dd566	0d6f223500	2	002dd566
35294238	20	00628ff0	3842293500	2	00628ff0	INCONSISTENT
35439a9d	20	006274c0	9d9a433500	2	006274c0	INCONSISTENT
355a3d2d	None	001a1178	2d3d5a3500	2	001a1178
357638dd	28	0065b520	dd38763500	4	0065b520	INCONSISTENT
358d55ea	20	00623f50	ea558d3500	2	00623f50	INCONSISTENT
35a7d961	None	002d0a9c	61d9a73500	4	002d0a9c
35c49320	24	00672fd8	2093c43500	2	00672fd8
35cc4d2e	None	0022aa58	2e4dcc3500	2	0022aa58
36a02361	None	001940f0	6123a03600	2	001940f0
37c2e033	24	006774dc	33e0c23700	9	006774dc	INCONSISTENT
37e3ff90	20	00623c80	90ffe33700	2	00623c80	INCONSISTENT
384db639	24	0066ca4c	39b64d3800	2	0066ca4c
389e49cd	20	0062ddc0	cd499e3800	2	0062ddc0	INCONSISTENT
38c48b5e	None	00238410	5e8bc43800	1	00238410
38c5cad5	None	003011c0	d5cac53800	1	003011c0
38cab84c	24	00672fd8	4cb8ca3800	6	00672fd8	INCONSISTENT
38df915e	None	00302a78	5e91df3800	3	00302a78
3942314e	None	008cd22c	4e31423900	5	008cd22c
395346f7	None	001a21a4	f746533900	2	001a21a4
39e733bd	None	002fb906	bd33e73900	2	002fb906
3a4f09ad	None	002d1de8	ad094f3a00	19	002d1de8
3ab4e574	None	002f6608	74e5b43a00	1	002f6608
3afd2cce	None	008d8d18	ce2cfd3a00	2	008d8d18
3b03e783	20	0062e090	83e7033b00	2	0062e090	INCONSISTENT
3b1ddcd0	None	0024c6b4	d0dc1d3b00	2	0024c6b4
3b1e2cce	None	008d8d18	ce2c1e3b00	2	008d8d18
3b25d400	None	0023c8e2	00d4253b00	1	0023c8e2
3b36424a	20	006257b0	4a42363b00	2	006257b0	INCONSISTENT
3b9a2cce	None	008d8d18	ce2c9a3b00	2	008d8d18
3bbb2cce	None	008d8d18	ce2cbb3b00	2	008d8d18
3bda7ea7	24	0066c504	a77eda3b00	12	0066c504	INCONSISTENT
3bed9e7a	20	006304a8	7a9eed3b00	2	006304a8	INCONSISTENT
3bf8c76d	None	001939bc	6dc7f83b00	2	001939bc
3c1b3bc4	20	0062fff8	c43b1b3c00	2	0062fff8	INCONSISTENT
3c372cce	None	008d8d18	ce2c373c00	2	008d8d18
3c4d4703	20	00624b80	03474d3c00	2	00624b80	INCONSISTENT
3c53d3ce	20	00626020	ced3533c00	2	00626020	INCONSISTENT
3c85d887	20	00630958	87d8853c00	2	00630958	INCONSISTENT
3cce9851	None	0024c6b4	5198ce3c00	2	0024c6b4
3cdf2fd5	None	002d13d4	d52fdf3c00	4	002d13d4
3d0f068e	None	008cdcf8	8e060f3d00	11	008cdcf8
3d21f67b	20	00629ef0	7bf6213d00	2	00629ef0	INCONSISTENT
3d232b72	24	006751a4	722b233d00	4	006751a4	INCONSISTENT
3d484a17	24	0066aff8	174a483d00	6	0066aff8	INCONSISTENT
3dc48e33	20	00624298	338ec43d00	2	00624298	INCONSISTENT
3e000003	None	00433c18	0300003e00	1	00433c18
3e0f5c29	1	00859f98	295c0f3e00	4	00859f98	INCONSISTENT
3e511ca8	None	0024c6b4	a81c513e00	2	0024c6b4
3e5ccb78	20	0062a1c0	78cb5c3e00	2	0062a1c0	INCONSISTENT
3e8496ce	None	008c9450	ce96843e00	2	008c9450
3e99999a	None	00896184	9a99993e00	1	00896184
3ebcb021	24	00672fd8	21b0bc3e00	2	00672fd8
3ecc8179	20	00627e98	7981cc3e00	2	00627e98	INCONSISTENT
3f000001	None	00433c18	0100003f00	1	00433c18
3f20479e	20	00625990	9e47203f00	2	00625990	INCONSISTENT
3f6f6700	20	0062e270	00676f3f00	2	0062e270	INCONSISTENT
3f8463da	None	002fa3bc	da63843f00	1	002fa3bc
3fad8f17	20	006276a0	178fad3f00	2	006276a0	INCONSISTENT
3fb33333	None	007e6bec	3333b33f00	1	007e6bec
3fe20b11	28	0067bcac	110be23f00	2	0067bcac
3fe66666	None	007ea77e	6666e63f00	1	007ea77e
3ff305a0	None	00233998	a005f33f00	1	00233998
40000444	20	0028e7ac	4404004000	2	0028e7ac	INCONSISTENT
40000555	None	0028e7ac	5505004000	2	0028e7ac
40000666	20	0028e7ac	6606004000	2	0028e7ac	INCONSISTENT
40000777	None	0028e7ac	7707004000	2	0028e7ac
400ccccd	0	007ebe24	cdcc0c4000	3	007ebe24
40400000	None	0089b61c	0000404000	9	0089b61c
40a00000	None	008abe62	0000a04000	14	008abe62
40be46f6	None	001a0ee4	f646be4000	4	001a0ee4
40c00000	None	0089d660	0000c04000	19	0089d660
40e00000	None	0089d660	0000e04000	8	0089d660
410d7649	24	0066ff60	49760d4100	5	0066ff60	INCONSISTENT
41100000	None	007d65d8	0000104100	12	007d65d8
41200000	None	008c2888	0000204100	14	008c2888
41300000	None	008afad0	0000304100	10	008afad0
41380000	None	008a2914	0000384100	1	008a2914
41400000	37	0089554e	0000404100	22	0089554e	INCONSISTENT
41500000	None	0089c17c	0000504100	10	0089c17c
41600000	None	00826088	0000604100	19	00826088
41620e49	None	002d0c58	490e624100	4	002d0c58
41700000	None	008afad0	0000704100	14	008afad0
4186e178	24	0066e2d8	78e1864100	10	0066e2d8	INCONSISTENT
41880000	None	008bdd64	0000884100	13	008bdd64
41900000	None	008bee4a	0000904100	58	008bee4a
41980000	None	0089c17c	0000984100	31	0089c17c
41a00000	1	0088bd08	0000a04100	56	0088bd08	INCONSISTENT
41a80000	None	008ab2fc	0000a84100	8	008ab2fc
41b00000	None	008c21b8	0000b04100	49	008c21b8
41b80000	None	0089c17c	0000b84100	7	0089c17c
41c00000	None	0089c17c	0000c04100	21	0089c17c
41c80000	None	008c22bc	0000c84100	12	008c22bc
41d00000	None	008a4640	0000d04100	52	008a4640
41d80000	None	008a3fac	0000d84100	2	008a3fac
41e00000	None	008b749c	0000e04100	44	008b749c
41e80000	None	0089c17c	0000e84100	17	0089c17c
41f00000	None	00856e8c	0000f04100	5	00856e8c
41f80000	None	008aa6a8	0000f84100	11	008aa6a8
42080000	1	00772a24	0000084200	18	00772a24	INCONSISTENT
420c0000	None	0089c17c	00000c4200	15	0089c17c
420fef53	20	00624bf8	53ef0f4200	2	00624bf8	INCONSISTENT
42100000	1	007e183c	0000104200	111	007e183c	INCONSISTENT
42140000	None	0089c17c	0000144200	16	0089c17c
42180000	None	008bee4a	0000184200	76	008bee4a
421c0000	None	008b7b60	00001c4200	3	008b7b60
42200000	None	008bf0d0	0000204200	55	008bf0d0
42240000	None	0089c17c	0000244200	20	0089c17c
42280000	None	008ac102	0000284200	34	008ac102
422c0000	None	008bc11e	00002c4200	12	008bc11e
42300000	None	008acd7c	0000304200	15	008acd7c
42340000	None	0089eeac	0000344200	14	0089eeac
42380000	None	008b59bc	0000384200	99	008b59bc
423c0000	None	0084cb3c	00003c4200	10	0084cb3c
42400000	None	0089bca8	0000404200	85	0089bca8
42440000	None	0089eeac	0000444200	15	0089eeac
42480000	None	008a1f1a	0000484200	9	008a1f1a
424c0000	None	008b7768	00004c4200	7	008b7768
42500000	None	008a5b70	0000504200	7	008a5b70
42540000	205	0077565c	0000544200	6	0077565c	INCONSISTENT
42580000	None	0078901c	0000584200	1	0078901c
425c0000	None	00866494	00005c4200	5	00866494
42600000	None	008a5d1c	0000604200	29	008a5d1c
42606d14	20	00629770	146d604200	2	00629770	INCONSISTENT
42680000	None	008ac102	0000684200	21	008ac102
426c0000	None	0089ea2a	00006c4200	12	0089ea2a
42700000	1	007dec48	0000704200	72	007dec48	INCONSISTENT
42740000	12	0077e4a0	0000744200	2	0077e4a0	INCONSISTENT
42780000	None	0089a5c2	0000784200	18	0089a5c2
427c0000	None	008a4308	00007c4200	3	008a4308
42840000	None	00831504	0000844200	3	00831504
42860000	None	008bbf5c	0000864200	7	008bbf5c
42880000	None	007ff7e8	0000884200	1	007ff7e8
428c0000	None	00869420	00008c4200	19	00869420
428e0000	None	00775ab8	00008e4200	2	00775ab8
42900000	None	00891bb0	0000904200	19	00891bb0
42920000	None	008afad0	0000924200	8	008afad0
42940000	None	007d9444	0000944200	2	007d9444
42960000	None	00858968	0000964200	2	00858968
42980000	None	0089ea2a	0000984200	24	0089ea2a
429a0000	None	0080333c	00009a4200	2	0080333c
429c0000	None	0082e514	00009c4200	1	0082e514
429e0000	12	0077e4a0	00009e4200	5	0077e4a0	INCONSISTENT
42a00000	None	008c2888	0000a04200	33	008c2888
42a20000	None	008ad36c	0000a24200	2	008ad36c
42a40000	None	00893032	0000a44200	4	00893032
42a60000	None	0076f494	0000a64200	1	0076f494
42a80000	None	0088bbc4	0000a84200	2	0088bbc4
42aa0000	None	00839978	0000aa4200	4	00839978
42ac0000	None	008436f4	0000ac4200	5	008436f4
42ae0000	None	008238c2	0000ae4200	2	008238c2
42b00000	None	00840618	0000b04200	3	00840618
42b20000	None	007c72f2	0000b24200	1	007c72f2
42b40000	None	008abe62	0000b44200	7	008abe62
42b60000	None	008b7b60	0000b64200	2	008b7b60
42b80000	None	00896b38	0000b84200	9	00896b38
42ba0000	None	0087e2bc	0000ba4200	4	0087e2bc
42c00000	None	00841f9c	0000c04200	17	00841f9c
42c20000	None	007f3910	0000c24200	4	007f3910
42c40000	None	0084025c	0000c44200	20	0084025c
42c60000	None	007f3d98	0000c64200	1	007f3d98
42c80000	4	008719fa	0000c84200	22	008719fa	INCONSISTENT
42ca0000	None	007aa226	0000ca4200	4	007aa226
42cc0000	None	008a5d1c	0000cc4200	6	008a5d1c
42ce0000	None	0084cb3c	0000ce4200	3	0084cb3c
42d00000	None	0078901c	0000d04200	1	0078901c
42d20000	None	00840618	0000d24200	1	00840618
42d40000	None	007e8b78	0000d44200	10	007e8b78
42d80000	None	008a9bf2	0000d84200	3	008a9bf2
42da0000	None	00778c58	0000da4200	2	00778c58
42dc0000	None	008c2888	0000dc4200	4	008c2888
42e00000	None	007e8b78	0000e04200	4	007e8b78
42e40000	None	00872df4	0000e44200	2	00872df4
42e60000	None	007ff7e8	0000e64200	3	007ff7e8
42e80000	0	00253af0	0000e84200	3	00253af0	INCONSISTENT
42ea0000	None	00840618	0000ea4200	7	00840618
42ec0000	None	007a9cec	0000ec4200	3	007a9cec
42f00000	None	008afad0	0000f04200	12	008afad0
42f40000	None	007e8b78	0000f44200	4	007e8b78
42f60000	None	00781068	0000f64200	1	00781068
42f80000	None	008a885c	0000f84200	5	008a885c
42fa0000	None	007e8b78	0000fa4200	2	007e8b78
42fc0000	None	0083dd8c	0000fc4200	6	0083dd8c
42fe0000	None	007aa226	0000fe4200	8	007aa226
43010000	None	008842e6	0000014300	2	008842e6
43020000	None	00862f6c	0000024300	3	00862f6c
43040000	None	008c22bc	0000044300	11	008c22bc
43050000	None	007ff4e0	0000054300	4	007ff4e0
43055512	None	0023ecc8	1255054300	1	0023ecc8
43060000	112	0078901c	0000064300	8	0078901c	INCONSISTENT
43090000	None	007ff7e8	0000094300	2	007ff7e8
430a0000	None	00788d48	00000a4300	1	00788d48
430b0000	None	007e8b78	00000b4300	2	007e8b78
430c0000	None	0084025c	00000c4300	7	0084025c
430e0000	None	007e8b78	00000e4300	8	007e8b78
430f0000	None	0078b820	00000f4300	4	0078b820
43100000	None	0086bb00	0000104300	1	0086bb00
43110000	None	0084cb3c	0000114300	3	0084cb3c
43120000	None	00896b38	0000124300	1	00896b38
43140000	None	008a5d1c	0000144300	1	008a5d1c
43150000	None	007e8b78	0000154300	4	007e8b78
43160000	112	0078901c	0000164300	14	0078901c	INCONSISTENT
43170000	None	00826088	0000174300	2	00826088
43190000	None	007e8b78	0000194300	1	007e8b78
431a0000	None	00840618	00001a4300	5	00840618
431b0000	None	007e8b78	00001b4300	4	007e8b78
431c0000	None	0084025c	00001c4300	3	0084025c
431e0000	None	00840618	00001e4300	9	00840618
431f0000	None	007e8b78	00001f4300	3	007e8b78
43200000	None	007e8b78	0000204300	4	007e8b78
43210000	None	007e8b78	0000214300	1	007e8b78
43220000	None	007e8b78	0000224300	3	007e8b78
43250000	None	00840618	0000254300	5	00840618
43270000	None	0085867c	0000274300	5	0085867c
43280000	None	008bdd64	0000284300	9	008bdd64
43290000	None	0078b7bc	0000294300	1	0078b7bc
432a0000	None	008908e4	00002a4300	6	008908e4
432c0000	None	007dec48	00002c4300	1	007dec48
432d0000	None	00890f70	00002d4300	3	00890f70
432f0000	None	008ad36c	00002f4300	3	008ad36c
43300000	None	007e8b78	0000304300	3	007e8b78
43310000	None	007e8b78	0000314300	1	007e8b78
43330000	None	008d8d18	0000334300	4	008d8d18
43340000	None	007e8b78	0000344300	4	007e8b78
43350000	None	007e8b78	0000354300	2	007e8b78
43370000	None	007e8b78	0000374300	2	007e8b78
43380000	None	0077e834	0000384300	1	0077e834
43390000	None	002dc260	0000394300	3	002dc260
43391903	24	00648ea0	0319394300	10	00648ea0	INCONSISTENT
433a0000	None	007e8b78	00003a4300	4	007e8b78
433c0000	None	007e8b78	00003c4300	5	007e8b78
433d0000	None	0077cc50	00003d4300	1	0077cc50
433e0000	4	008719fa	00003e4300	3	008719fa
433f0000	None	007e8b78	00003f4300	2	007e8b78
43400000	None	0084025c	0000404300	1	0084025c
43410000	None	007e8b78	0000414300	4	007e8b78
43420000	None	008b749c	0000424300	5	008b749c
43430000	None	008bee4a	0000434300	3	008bee4a
43440000	None	0084cb3c	0000444300	1	0084cb3c
43480000	None	0086bb00	0000484300	3	0086bb00
43490000	None	008749f8	0000494300	1	008749f8
434a0000	None	0089554e	00004a4300	3	0089554e
434b0000	None	007ad038	00004b4300	2	007ad038
434e0000	None	002dc260	00004e4300	4	002dc260
43500000	None	007a2300	0000504300	2	007a2300
43520000	None	008b23b4	0000524300	15	008b23b4
43540000	None	008c2b18	0000544300	3	008c2b18
43560000	None	007956c4	0000564300	1	007956c4
43570000	None	007e8b78	0000574300	6	007e8b78
435a0000	None	0080d8ec	00005a4300	1	0080d8ec
435c0000	None	008b23b4	00005c4300	2	008b23b4
435e0000	None	007d31b2	00005e4300	1	007d31b2
435f0000	None	00770c74	00005f4300	2	00770c74
435faedb	20	006291d0	dbae5f4300	2	006291d0	INCONSISTENT
43630000	None	008c063c	0000634300	4	008c063c
43640000	None	0085867c	0000644300	1	0085867c
43660000	None	0083061c	0000664300	4	0083061c
43690000	None	00778c58	0000694300	2	00778c58
436b0000	None	008d8d18	00006b4300	4	008d8d18
436f0000	None	0084cb3c	00006f4300	1	0084cb3c
43700000	None	008a5d1c	0000704300	3	008a5d1c
43740000	None	008775c8	0000744300	2	008775c8
43750000	None	00832914	0000754300	1	00832914
43780000	None	008411a0	0000784300	1	008411a0
437a0000	None	007dec48	00007a4300	2	007dec48
437d0000	None	00890f70	00007d4300	3	00890f70
437f0000	None	00827250	00007f4300	2	00827250
43808000	None	00778c58	0080804300	2	00778c58
43810000	1	0021b43c	0000814300	4	0021b43c	INCONSISTENT
43820000	None	008908e4	0000824300	7	008908e4
43840000	None	007a68d8	0000844300	1	007a68d8
43848000	None	00869420	0080844300	1	00869420
43850000	None	0084cb3c	0000854300	3	0084cb3c
43860000	None	007956c4	0000864300	1	007956c4
43888000	None	0088a574	0080884300	2	0088a574
438a0000	None	007ad038	00008a4300	1	007ad038
438b8000	None	0087dcf0	00808b4300	1	0087dcf0
438c0000	0	008563c0	00008c4300	13	008563c0	INCONSISTENT
438d0000	None	0084cb3c	00008d4300	1	0084cb3c
438d8000	None	008411a0	00808d4300	1	008411a0
438e8000	None	00211508	00808e4300	1	00211508
438f0000	None	008a5d1c	00008f4300	1	008a5d1c
438f58c8	None	0022a454	c8588f4300	6	0022a454
43900000	None	00824240	0000904300	3	00824240
43908000	None	008411a0	0080904300	2	008411a0
43910000	None	0085867c	0000914300	1	0085867c
43934d0d	24	0065b520	0d4d934300	33	0065b520	INCONSISTENT
43948000	None	00831bd2	0080944300	1	00831bd2
43960000	None	008bc11e	0000964300	6	008bc11e
43968000	None	007c6a52	0080964300	1	007c6a52
43970000	None	008b8ac0	0000974300	2	008b8ac0
43978000	None	008bee4a	0080974300	2	008bee4a
43980000	None	007cdca0	0000984300	1	007cdca0
43998000	None	00827250	0080994300	4	00827250
439c0000	None	008b8ac0	00009c4300	2	008b8ac0
439d0000	None	008411a0	00009d4300	1	008411a0
439dbf09	20	0062aee0	09bf9d4300	2	0062aee0	INCONSISTENT
439e8000	None	0084cb3c	00809e4300	3	0084cb3c
43a00000	None	008b710c	0000a04300	8	008b710c
43a10000	None	008bdd64	0000a14300	2	008bdd64
43a20000	None	0081db62	0000a24300	2	0081db62
43a28000	None	0089bbac	0080a24300	7	0089bbac
43a30000	None	00778c58	0000a34300	4	00778c58
43a40000	None	00778c58	0000a44300	4	00778c58
43a60000	None	008a5d1c	0000a64300	1	008a5d1c
43a80000	None	0084bc48	0000a84300	2	0084bc48
43a88000	None	0088a574	0080a84300	3	0088a574
43a98000	None	002d0b64	0080a94300	1	002d0b64
43aa0000	None	007c72f2	0000aa4300	1	007c72f2
43aa8000	None	00211508	0080aa4300	1	00211508
43ab0000	None	00853988	0000ab4300	6	00853988
43ad0000	None	008aeb14	0000ad4300	2	008aeb14
43ae0000	None	008411a0	0000ae4300	1	008411a0
43af8000	None	00894e9e	0080af4300	2	00894e9e
43b30000	None	008bdd64	0000b34300	1	008bdd64
43b40000	1	007dec48	0000b44300	6	007dec48
43b48000	None	008775c8	0080b44300	1	008775c8
43b50000	None	008a5d1c	0000b54300	5	008a5d1c
43b60000	None	008214e4	0000b64300	2	008214e4
43b80000	None	00855850	0000b84300	2	00855850
43b88000	None	0084cb3c	0080b84300	4	0084cb3c
43ba0000	None	00896a64	0000ba4300	4	00896a64
43bb8000	None	008b8ac0	0080bb4300	5	008b8ac0
43bc0000	None	00843f3c	0000bc4300	2	00843f3c
43bd0000	None	0089ea2a	0000bd4300	4	0089ea2a
43be0000	None	008b749c	0000be4300	2	008b749c
43be8000	None	002d179c	0080be4300	4	002d179c
43bf0000	None	008411a0	0000bf4300	1	008411a0
43c40000	None	002d0b28	0000c44300	1	002d0b28
43c48000	None	00770c74	0080c44300	2	00770c74
43c7502a	20	006299c8	2a50c74300	2	006299c8	INCONSISTENT
43c80000	None	0089ea2a	0000c84300	4	0089ea2a
43c8f9bb	20	0062dd48	bbf9c84300	2	0062dd48	INCONSISTENT
43ca0000	None	008411a0	0000ca4300	1	008411a0
43ca8000	None	008512ae	0080ca4300	1	008512ae
43cc8000	None	0089b61c	0080cc4300	4	0089b61c
43ce8000	None	0089a5c2	0080ce4300	4	0089a5c2
43d50000	None	00892008	0000d54300	2	00892008
43d60000	None	007dec48	0000d64300	4	007dec48
43d70000	None	008a73dc	0000d74300	1	008a73dc
43d80000	None	007a91b4	0000d84300	2	007a91b4
43d98000	None	0085229c	0080d94300	2	0085229c
43da0000	None	008a73dc	0000da4300	2	008a73dc
43dc0000	None	008a885c	0000dc4300	4	008a885c
43df0000	None	00890f70	0000df4300	3	00890f70
43df8000	None	0086e520	0080df4300	1	0086e520
43e10000	None	0085867c	0000e14300	1	0085867c
43e18000	None	0086e520	0080e14300	1	0086e520
43e20000	None	0089b61c	0000e24300	1	0089b61c
43e40000	None	007d65d8	0000e44300	1	007d65d8
43e80000	None	00824240	0000e84300	1	00824240
43ec0000	None	007c6a52	0000ec4300	1	007c6a52
43ec8000	None	0083c010	0080ec4300	1	0083c010
43ee0000	None	0089ea2a	0000ee4300	2	0089ea2a
43f00000	0	0042e6e8	0000f04300	65	0042e6e8	INCONSISTENT
43f20000	1	0088bd08	0000f24300	3	0088bd08	INCONSISTENT
43f58000	None	008bdd64	0080f54300	1	008bdd64
43fa0000	None	0084b548	0000fa4300	6	0084b548
43ff0000	None	0083c010	0000ff4300	1	0083c010
43ff8000	None	0086e520	0080ff4300	1	0086e520
4400c000	None	0086e520	00c0004400	1	0086e520
44010000	None	00848b70	0000014400	2	00848b70
44050000	None	0086413c	0000054400	1	0086413c
4405c000	None	0089ea2a	00c0054400	2	0089ea2a
44070000	None	00855850	0000074400	3	00855850
44080000	0	008563c0	0000084400	4	008563c0
44094000	None	008a885c	0040094400	4	008a885c
440bc000	None	008656a0	00c00b4400	1	008656a0
440c0000	None	0078937c	00000c4400	2	0078937c
440e8000	None	0089d660	00800e4400	3	0089d660
44104000	None	008a885c	0040104400	4	008a885c
4412c000	None	008656a0	00c0124400	1	008656a0
44138000	None	008a4ce0	0080134400	2	008a4ce0
44150000	None	007a91b4	0000154400	1	007a91b4
44170000	None	0088966c	0000174400	1	0088966c
44178000	None	008a47e0	0080174400	1	008a47e0
441a4000	None	008bee4a	00401a4400	1	008bee4a
44200000	None	008bc6a6	0000204400	9	008bc6a6
44477779	None	001a0ee4	7977474400	4	001a0ee4
444815f5	20	0062dfa0	f515484400	2	0062dfa0	INCONSISTENT
454da160	20	006241a8	60a14d4500	2	006241a8	INCONSISTENT
4576bd3b	20	0062c650	3bbd764500	2	0062c650	INCONSISTENT
45cab1ac	None	0024c6b4	acb1ca4500	2	0024c6b4
45e25a11	20	00626548	115ae24500	2	00626548	INCONSISTENT
45e5d1c1	None	0076bcf4	c1d1e54500	6	0076bcf4
465807c6	20	0062ebd0	c607584600	2	0062ebd0	INCONSISTENT
46718644	20	006774dc	4486714600	9	006774dc	INCONSISTENT
47c6d11b	None	008c9450	1bd1c64700	4	008c9450
47efc253	None	008c9450	53c2ef4700	2	008c9450
485e1d81	28	00673a48	811d5e4800	2	00673a48
48a8ce77	20	0062d028	77cea84800	2	0062d028	INCONSISTENT
48c132ed	None	00658d88	ed32c14800	1	00658d88
48ea4da5	24	006755e0	a54dea4800	2	006755e0
494276ec	None	0077565c	ec76424900	1	0077565c
494f1d04	20	0062a0d0	041d4f4900	2	0062a0d0	INCONSISTENT
49625d04	24	00679fd8	045d624900	6	00679fd8	INCONSISTENT
4966b49b	None	0024c6b4	9bb4664900	2	0024c6b4
4a2a793c	20	0062f800	3c792a4a00	2	0062f800	INCONSISTENT
4a3963fa	None	002c6e08	fa63394a00	2	002c6e08
4a3c2cfc	20	00627d30	fc2c3c4a00	2	00627d30	INCONSISTENT
4a42a6f2	20	00627100	f2a6424a00	2	00627100	INCONSISTENT
4a58d319	24	0067bcac	19d3584a00	2	0067bcac
4a7e1b02	20	006751a4	021b7e4a00	10	006751a4	INCONSISTENT
4aa8c4ed	20	00641b54	edc4a84a00	2	00641b54
4ab3f7ed	20	00625648	edf7b34a00	2	00625648	INCONSISTENT
4aee5fe9	None	00195236	e95fee4a00	1	00195236
4b0f08b5	None	0022a594	b5080f4b00	6	0022a594
4b7cba63	24	0064939a	63ba7c4b00	6	0064939a	INCONSISTENT
4b8cc311	28	00640a00	11c38c4b00	2	00640a00
4bb2625f	24	006751a4	5f62b24b00	4	006751a4	INCONSISTENT
4c148298	20	00624130	9882144c00	2	00624130	INCONSISTENT
4c1e4e07	24	006774dc	074e1e4c00	9	006774dc	INCONSISTENT
4c44c709	28	00674684	09c7444c00	2	00674684
4c84aeb4	24	00671828	b4ae844c00	2	00671828
4ccd0e7e	20	00625210	7e0ecd4c00	2	00625210	INCONSISTENT
4ce69742	20	0062ec48	4297e64c00	2	0062ec48	INCONSISTENT
4d0a2f62	None	0024c6b4	622f0a4d00	2	0024c6b4
4d139f2d	None	001a4680	2d9f134d00	4	001a4680
4d71b7fa	20	006250a8	fab7714d00	2	006250a8	INCONSISTENT
4eb2975b	20	0062dc58	5b97b24e00	2	0062dc58	INCONSISTENT
4f2efc28	None	002ff6f4	28fc2e4f00	1	002ff6f4
4f40b425	None	002f5fca	25b4404f00	2	002f5fca
4ff8a5a0	None	002d1bf4	a0a5f84f00	2	002d1bf4
4ff8bdb2	20	00627628	b2bdf84f00	2	00627628	INCONSISTENT
501d46f7	None	001a21a4	f7461d5000	2	001a21a4
50f692a8	None	001a1034	a892f65000	2	001a1034
51101acb	20	0062a148	cb1a105100	2	0062a148	INCONSISTENT
512d946f	20	00625030	6f942d5100	2	00625030	INCONSISTENT
512e5230	0	001f6860	30522e5100	10	001f6860	INCONSISTENT
5145a0f6	3	0019322c	f6a0455100	1	0019322c
51668701	155	006c77dc	0187665100	1	006c77dc
51668711	88	006c77dc	1187665100	1	006c77dc
51680001	114	006dfd4c	0100685100	1	006dfd4c
51682307	None	006ff3c4	0723685100	12	006ff3c4
51685400	163	00770b18	0054685100	1	00770b18
51685401	112	0078901c	0154685100	1	0078901c
51685404	None	0044f544	0454685100	1	0044f544
51796e00	None	002d0954	006e795100	8	002d0954
51796e01	None	002d1470	016e795100	30	002d1470
51f31f7b	20	0062d460	7b1ff35100	2	0062d460	INCONSISTENT
52452400	None	0045fba8	0024455200	1	0045fba8
52452401	None	0045fba8	0124455200	1	0045fba8
52452410	None	0045fba8	1024455200	1	0045fba8
52452411	None	0045fba8	1124455200	1	0045fba8
52452421	None	0045fba8	2124455200	1	0045fba8
52452431	None	0045fba8	3124455200	1	0045fba8
52452441	None	0045fba8	4124455200	1	0045fba8
524524ff	None	006cce04	ff24455200	4	006cce04
524956b7	20	0062cbf0	b756495200	2	0062cbf0	INCONSISTENT
52902bc2	3	00192dd0	c22b905200	9	00192dd0	INCONSISTENT
52c6c3bd	None	002d0eb0	bdc3c65200	4	002d0eb0
53034e69	None	008d350c	694e035300	20	008d350c
53034e71	1	00233266	714e035300	20	00233266	INCONSISTENT
53034e72	1	00232212	724e035300	46	00232212	INCONSISTENT
53034e73	1	00233266	734e035300	13	00233266	INCONSISTENT
53034e74	0	0024fae8	744e035300	14	0024fae8	INCONSISTENT
53034e75	None	00240172	754e035300	1	00240172
53034e76	None	0076bb7e	764e035300	12	0076bb7e
531185cc	24	0067bcac	cc85115300	2	0067bcac
53334e71	16	00232212	714e335300	4	00232212	INCONSISTENT
53344e71	2	002327e8	714e345300	2	002327e8	INCONSISTENT
53354e71	1	00232212	714e355300	2	00232212	INCONSISTENT
53c3599a	20	00628960	9a59c35300	2	00628960	INCONSISTENT
54eba3d8	20	00626ea8	d8a3eb5400	2	00626ea8	INCONSISTENT
552b98aa	20	00629c20	aa982b5500	2	00629c20	INCONSISTENT
5530de2a	20	0062fd28	2ade305500	2	0062fd28	INCONSISTENT
55522244	None	004214a0	4422525500	1	004214a0
5580021f	28	00648bc6	1f02805500	324	00648bc6	INCONSISTENT
5669fc98	None	00235d30	98fc695600	1	00235d30
5670792e	None	008c9720	2e79705600	2	008c9720
5670792f	None	002506d8	2f79705600	2	002506d8
569522b2	20	00641b54	b222955600	2	00641b54
56a2c80b	20	00628528	0bc8a25600	2	00628528	INCONSISTENT
56c467ae	20	00627bc8	ae67c45600	2	00627bc8	INCONSISTENT
56f87406	20	0062f698	0674f85600	2	0062f698	INCONSISTENT
57ad462e	0	001f5cd4	2e46ad5700	3	001f5cd4
58210e8c	28	00648178	8c0e215800	2	00648178
584c56fa	20	00625c60	fa564c5800	2	00625c60	INCONSISTENT
59b19d11	None	002d1a80	119db15900	14	002d1a80
59be11d0	20	0062bc00	d011be5900	2	0062bc00	INCONSISTENT
59d2540c	20	00649cf8	0c54d25900	2	00649cf8	INCONSISTENT
59fecc09	None	001a20a4	09ccfe5900	4	001a20a4
5a224cf6	20	006307f0	f64c225a00	2	006307f0	INCONSISTENT
5a4a3bec	None	002f8a10	ec3b4a5a00	4	002f8a10
5a5958c8	None	0022a31c	c858595a00	6	0022a31c
5a67b928	20	0062eb58	28b9675a00	2	0062eb58	INCONSISTENT
5a6996bb	20	00624658	bb96695a00	2	00624658	INCONSISTENT
5aa24417	20	00624838	1744a25a00	2	00624838	INCONSISTENT
5ae51642	20	006751a4	4216e55a00	4	006751a4	INCONSISTENT
5b03f488	None	001a1130	88f4035b00	2	001a1130
5b221481	20	00625a08	8114225b00	2	00625a08	INCONSISTENT
5b99ac86	20	0062f4b8	86ac995b00	2	0062f4b8	INCONSISTENT
5c40a7d8	20	0062ba98	d8a7405c00	2	0062ba98	INCONSISTENT
5c460c29	20	0062bb10	290c465c00	2	0062bb10	INCONSISTENT
5c48f17d	None	001a21a4	7df1485c00	2	001a21a4
5c516608	None	0024f79a	0866515c00	1	0024f79a
5c8ad67b	None	0024c6b4	7bd68a5c00	2	0024c6b4
5cc2ff3c	28	006720cc	3cffc25c00	2	006720cc
5cfee2a7	20	00623b18	a7e2fe5c00	2	00623b18	INCONSISTENT
5d66215d	None	00235d30	5d21665d00	1	00235d30
5db66058	20	00623d70	5860b65d00	2	00623d70	INCONSISTENT
5ef10dfa	1	0023800a	fa0df15e00	3	0023800a	INCONSISTENT
5f07f17d	20	0062d3e8	7df1075f00	2	0062d3e8	INCONSISTENT
6020a834	None	00253af0	34a8206000	2	00253af0
6034a679	20	00627cb8	79a6346000	2	00627cb8	INCONSISTENT
6072de22	20	0062cb78	22de726000	2	0062cb78	INCONSISTENT
6072fc44	None	001a2124	44fc726000	4	001a2124
6099bb52	0	0024f91c	52bb996000	4	0024f91c	INCONSISTENT
60a85787	20	00624ec8	8757a86000	2	00624ec8	INCONSISTENT
61b41e7c	20	00630b38	7c1eb46100	2	00630b38	INCONSISTENT
623d6cd9	24	00648ea0	d96c3d6200	16	00648ea0	INCONSISTENT
6279536b	None	00250c30	6b53796200	2	00250c30
62c0b829	None	002d1a80	29b8c06200	2	002d1a80
62e3c3d6	20	006296f8	d6c3e36200	2	006296f8	INCONSISTENT
63485ba3	20	0062c0b0	a35b486300	2	0062c0b0	INCONSISTENT
634beaea	None	0024dbd0	eaea4b6300	2	0024dbd0
639db9ee	3	00192dd0	eeb99d6300	7	00192dd0	INCONSISTENT
63d570de	0	0024b4c4	de70d56300	18	0024b4c4	INCONSISTENT
63e56a68	None	001940f0	686ae56300	2	001940f0
63e9b3bb	20	0062c470	bbb3e96300	2	0062c470	INCONSISTENT
654cb9e6	None	008cc110	e6b94c6500	1	008cc110
65bd71de	24	0066d498	de71bd6500	4	0066d498	INCONSISTENT
65e9c4a6	24	006724ec	a6c4e96500	2	006724ec
6631c4b4	24	006774dc	b4c4316600	9	006774dc	INCONSISTENT
666bbe9b	20	006273d0	9bbe6b6600	2	006273d0	INCONSISTENT
66e746f7	None	001a21a4	f746e76600	2	001a21a4
674e2940	20	00629860	40294e6700	2	00629860	INCONSISTENT
67575498	20	006266b0	9854576700	2	006266b0	INCONSISTENT
679efe76	20	0062b6d8	76fe9e6700	2	0062b6d8	INCONSISTENT
67f8bf62	20	00630ca0	62bff86700	2	00630ca0	INCONSISTENT
6815fadf	0	002c9894	dffa156800	3	002c9894
68941ad3	20	006298d8	d31a946800	2	006298d8	INCONSISTENT
68bb0034	None	002f5fca	3400bb6800	2	002f5fca
6920f411	20	0062da78	11f4206900	2	0062da78	INCONSISTENT
6943d7cd	None	001ca1e0	cdd7436900	2	001ca1e0
69709380	None	002d1de8	8093706900	16	002d1de8
69900b63	20	00625af8	630b906900	2	00625af8	INCONSISTENT
69f86a84	20	006265c0	846af86900	2	006265c0	INCONSISTENT
69fa781b	None	002fb906	1b78fa6900	1	002fb906
6a473c82	28	006720cc	823c476a00	2	006720cc
6a59027f	20	00626c50	7f02596a00	2	00626c50	INCONSISTENT
6a99b4b9	20	006301d8	b9b4996a00	2	006301d8	INCONSISTENT
6a9dc553	1	00232212	53c59d6a00	16	00232212	INCONSISTENT
6ac88346	None	002d0c58	4683c86a00	12	002d0c58
6afd963a	None	008c9450	3a96fd6a00	2	008c9450
6b3e9c54	20	0062d550	549c3e6b00	2	0062d550	INCONSISTENT
6b70bbc6	20	0062e720	c6bb706b00	2	0062e720	INCONSISTENT
6bd25f31	20	00629ab8	315fd26b00	2	00629ab8	INCONSISTENT
6be71c93	20	0062f2d8	931ce76b00	2	0062f2d8	INCONSISTENT
6c0acfdb	24	0066ff60	dbcf0a6c00	4	0066ff60	INCONSISTENT
6c1ae279	None	008ce14c	79e21a6c00	16	008ce14c
6e6e10ea	20	00625eb8	ea106e6e00	2	00625eb8	INCONSISTENT
6ea2323a	24	00672fd8	3a32a26e00	2	00672fd8
6ef88cc5	20	006254e0	c58cf86e00	2	006254e0	INCONSISTENT
6f6cdf53	20	00628618	53df6c6f00	2	00628618	INCONSISTENT
6f9f832f	None	0024c6b4	2f839f6f00	2	0024c6b4
6fcd9670	20	00624040	7096cd6f00	2	00624040	INCONSISTENT
6fe35dc5	None	001a12bc	c55de36f00	2	001a12bc
700f9670	20	00626368	70960f7000	2	00626368	INCONSISTENT
701f9670	20	006262f0	70961f7000	2	006262f0	INCONSISTENT
70249670	20	00626278	7096247000	2	00626278	INCONSISTENT
70528b95	None	008c9450	958b527000	6	008c9450
708543ef	24	006755e0	ef43857000	6	006755e0	INCONSISTENT
70bd5f2f	24	0067783c	2f5fbd7000	6	0067783c	INCONSISTENT
70cb5c5f	24	00672fd8	5f5ccb7000	2	00672fd8
70ffffa1	20	0062d370	a1ffff7000	2	0062d370	INCONSISTENT
710d538e	20	0062cb00	8e530d7100	2	0062cb00	INCONSISTENT
71631e81	28	00640904	811e637100	4	00640904	INCONSISTENT
7169b27b	20	00627178	7bb2697100	2	00627178	INCONSISTENT
716a72cb	None	002dc15e	cb726a7100	1	002dc15e
717c8215	None	0022ab2c	15827c7100	4	0022ab2c
71926a5b	None	0024c6b4	5b6a927100	2	0024c6b4
71e9cc4a	None	0023ecc8	4acce97100	1	0023ecc8
71fd3677	20	00629a40	7736fd7100	2	00629a40	INCONSISTENT
72bd141a	None	002d0984	1a14bd7200	4	002d0984
72dc12e4	20	00641c2c	e412dc7200	676	00641c2c	INCONSISTENT
7328293b	1	00212c18	3b29287300	16	00212c18	INCONSISTENT
735311a4	20	0062a490	a411537300	2	0062a490	INCONSISTENT
7382df88	20	0062a2b0	88df827300	2	0062a2b0	INCONSISTENT
73e22d65	None	0024edb4	652de27300	2	0024edb4
7408df8e	20	00628690	8edf087400	2	00628690	INCONSISTENT
7417ed3c	20	00671b20	3ced177400	5	00671b20	INCONSISTENT
741baba8	None	008c9450	a8ab1b7400	2	008c9450
745e642b	None	001c6d20	2b645e7400	14	001c6d20
74c7c0bf	None	002f4abc	bfc0c77400	2	002f4abc
74e68ada	24	0064939a	da8ae67400	2	0064939a	INCONSISTENT
74f1f4f7	24	00677064	f7f4f17400	4	00677064	INCONSISTENT
7505c430	None	003011c0	30c4057500	1	003011c0
7544cc7e	20	0062b7c8	7ecc447500	2	0062b7c8	INCONSISTENT
7569aaad	20	0062c920	adaa697500	2	0062c920	INCONSISTENT
76997cea	None	001a1f1c	ea7c997600	4	001a1f1c
76b4e96c	None	001a21a4	6ce9b47600	2	001a21a4
76f0b37a	20	0062d6b8	7ab3f07600	2	0062d6b8	INCONSISTENT
775f1343	20	006245e0	43135f7700	2	006245e0	INCONSISTENT
77bbcbe9	20	00629f68	e9cbbb7700	2	00629f68	INCONSISTENT
77d56498	20	00627f88	9864d57700	2	00627f88	INCONSISTENT
780db9e4	20	00625b70	e4b90d7800	2	00625b70	INCONSISTENT
78566136	20	0062c6c8	3661567800	2	0062c6c8	INCONSISTENT
785c3907	20	0062ecc0	07395c7800	2	0062ecc0	INCONSISTENT
7873912b	24	00679fd8	2b91737800	6	00679fd8	INCONSISTENT
788a8d2b	20	0062e810	2b8d8a7800	2	0062e810	INCONSISTENT
789a68cb	24	006720cc	cb689a7800	2	006720cc
78a35d81	0	0024fae8	815da37800	6	0024fae8	INCONSISTENT
791dfa74	20	00629950	74fa1d7900	2	00629950	INCONSISTENT
796bb394	24	00671b20	94b36b7900	2	00671b20
7aa618ec	28	0066e2d8	ec18a67a00	26	0066e2d8	INCONSISTENT
7ab8f201	None	008cf398	01f2b87a00	1	008cf398
7af2c9cb	20	00627010	cbc9f27a00	2	00627010	INCONSISTENT
7bbe3eef	None	00323e3c	ef3ebe7b00	1	00323e3c
7bdf5c99	None	002d1d18	995cdf7b00	20	002d1d18
7bef0c97	None	001940f0	970cef7b00	2	001940f0
7c45bd85	None	008c9450	85bd457c00	15	008c9450
7ccff1ca	20	0062deb0	caf1cf7c00	2	0062deb0	INCONSISTENT
7d230444	20	00626188	4404237d00	2	00626188	INCONSISTENT
7d2a8243	None	001a2470	43822a7d00	2	001a2470
7db220cc	24	0066bd78	cc20b27d00	3	0066bd78
7dfa9ca0	20	0062da00	a09cfa7d00	2	0062da00	INCONSISTENT
7e0fb90d	24	00648ea0	0db90f7e00	4	00648ea0	INCONSISTENT
7e1abedd	20	006293b0	ddbe1a7e00	2	006293b0	INCONSISTENT
7e374939	20	00627718	3949377e00	2	00627718	INCONSISTENT
7e545cbd	None	0024f6e4	bd5c547e00	1	0024f6e4
7ece4aa6	20	006279e8	a64ace7e00	2	006279e8	INCONSISTENT
7eec5ec9	24	00648ea0	c95eec7e00	14	00648ea0	INCONSISTENT
7fb8b826	20	0062b750	26b8b87f00	2	0062b750	INCONSISTENT
7fc3069f	20	006303b8	9f06c37f00	2	006303b8	INCONSISTENT
7fdec2d5	20	0062ff08	d5c2de7f00	2	0062ff08	INCONSISTENT
7fee3723	20	006290e0	2337ee7f00	2	006290e0	INCONSISTENT
80000003	195	006edd0c	0300008000	2	006edd0c	INCONSISTENT
80000009	195	006edd0c	0900008000	4	006edd0c	INCONSISTENT
80000016	131	0071292c	1600008000	1	0071292c
8005eda5	1	00212c18	a5ed058000	44	00212c18	INCONSISTENT
80319a90	None	0063fe98	909a318000	2	0063fe98
806bf2bf	20	00624928	bff26b8000	2	00624928	INCONSISTENT
80771da9	None	008d8d18	a91d778000	4	008d8d18
80781da9	None	008d8d18	a91d788000	4	008d8d18
80791da9	None	008d8d18	a91d798000	4	008d8d18
807a1da9	2	002327e8	a91d7a8000	19	002327e8	INCONSISTENT
807b1da9	3	002d95e8	a91d7b8000	13	002d95e8	INCONSISTENT
807c1da9	3	002d95e8	a91d7c8000	24	002d95e8	INCONSISTENT
807d1da9	0	0024f91c	a91d7d8000	18	0024f91c	INCONSISTENT
807e1da9	0	0024fae8	a91d7e8000	21	0024fae8	INCONSISTENT
8085b7e9	20	006249a0	e9b7858000	2	006249a0	INCONSISTENT
80c7f3ed	20	00623664	edf3c78000	2	00623664	INCONSISTENT
80f765fe	None	0086f246	fe65f78000	1	0086f246
814653ef	None	002d0528	ef53468100	6	002d0528
817260a1	24	006751a4	a160728100	4	006751a4	INCONSISTENT
820b5910	20	00630ac0	10590b8200	2	00630ac0	INCONSISTENT
82376daa	20	006285a0	aa6d378200	2	006285a0	INCONSISTENT
82471065	None	001a20e4	6510478200	4	001a20e4
824755c1	None	008c9450	c155478200	2	008c9450
82a76782	None	00232212	8267a78200	2	00232212
82cab10e	20	00626980	0eb1ca8200	2	00626980	INCONSISTENT
82dd1ed4	20	00629ba8	d41edd8200	2	00629ba8	INCONSISTENT
83659878	20	0062df28	7898658300	2	0062df28	INCONSISTENT
83768e0f	20	00625918	0f8e768300	2	00625918	INCONSISTENT
83cfaad1	20	0062fbc0	d1aacf8300	2	0062fbc0	INCONSISTENT
83ffc0fd	None	00658d88	fdc0ff8300	1	00658d88
842a0d6f	0	0076b4b2	6f0d2a8400	1	0076b4b2
8475ee29	20	00626890	29ee758400	2	00626890	INCONSISTENT
84ba0219	None	002f4710	1902ba8400	1	002f4710
84bf0219	None	002fb906	1902bf8400	1	002fb906
856c3466	20	00628ca8	66346c8500	2	00628ca8	INCONSISTENT
86000001	None	004336d8	0100008600	14	004336d8
86000002	None	004336d8	0200008600	14	004336d8
86000003	None	004336d8	0300008600	14	004336d8
86000004	None	004336d8	0400008600	9	004336d8
86000005	None	004336d8	0500008600	2	004336d8
8612268e	20	0066d860	8e26128600	4	0066d860
8618b7e0	None	0024c6b4	e0b7188600	2	0024c6b4
86380bb1	20	00624f40	b10b388600	2	00624f40	INCONSISTENT
8642e5da	None	0086f450	dae5428600	1	0086f450
87196734	None	0023e9d4	3467198700	2	0023e9d4
873954f6	24	00677064	f654398700	4	00677064	INCONSISTENT
874a4c13	24	00640904	134c4a8700	10	00640904	INCONSISTENT
876747ca	20	006309d0	ca47678700	2	006309d0	INCONSISTENT
87d3562f	20	006267a0	2f56d38700	2	006267a0	INCONSISTENT
87d54681	20	0062a850	8146d58700	2	0062a850	INCONSISTENT
88267fda	20	00630d90	da7f268800	2	00630d90	INCONSISTENT
88641193	20	00630250	9311648800	2	00630250	INCONSISTENT
886b883d	20	0062f0f8	3d886b8800	2	0062f0f8	INCONSISTENT
88793d21	20	0062cd58	213d798800	2	0062cd58	INCONSISTENT
88a65f1c	20	00626db8	1c5fa68800	2	00626db8	INCONSISTENT
88a926bf	None	001a1208	bf26a98800	2	001a1208
88ad05c2	20	0062e5b8	c205ad8800	2	0062e5b8	INCONSISTENT
89020e70	20	00628c30	700e028900	2	00628c30	INCONSISTENT
8a029fd3	20	006236dc	d39f028a00	2	006236dc	INCONSISTENT
8a72f777	None	002d19c0	77f7728a00	8	002d19c0
8a73090e	24	006720cc	0e09738a00	1	006720cc
8a85ca3d	24	0067d434	3dca858a00	2	0067d434
8af1a705	20	00623b90	05a7f18a00	2	00623b90	INCONSISTENT
8b79a174	28	006720cc	74a1798b00	2	006720cc
8bb946bd	28	00640904	bd46b98b00	2	00640904
8c5c4ed3	20	00630610	d34e5c8c00	2	00630610	INCONSISTENT
8cab2404	20	00626a70	0424ab8c00	2	00626a70	INCONSISTENT
8d0f52d7	24	0065b520	d7520f8d00	6	0065b520	INCONSISTENT
8d1218e8	20	00623844	e818128d00	2	00623844	INCONSISTENT
8ddca918	0	0032afc8	18a9dc8d00	22	0032afc8	INCONSISTENT
8e11c7ce	20	00630ef8	cec7118e00	2	00630ef8	INCONSISTENT
8e294bf7	20	00624400	f74b298e00	2	00624400	INCONSISTENT
8e2ae40b	20	0062e540	0be42a8e00	2	0062e540	INCONSISTENT
8e4d3061	20	0062fb48	61304d8e00	2	0062fb48	INCONSISTENT
8e6fc3e7	None	001a0d48	e7c36f8e00	4	001a0d48
8ea2bfbc	20	0062bfc0	bcbfa28e00	2	0062bfc0	INCONSISTENT
8edb0dc7	0	00250c30	c70ddb8e00	2	00250c30	INCONSISTENT
8fbd8b7e	20	0062d7a8	7e8bbd8f00	2	0062d7a8	INCONSISTENT
8fcd4f16	20	006253f0	164fcd8f00	2	006253f0	INCONSISTENT
8fd235d5	None	0022a88c	d535d28f00	2	0022a88c
901456d1	None	002d13d4	d156149000	4	002d13d4
9047bf13	24	006751a4	13bf479000	4	006751a4	INCONSISTENT
905a43e0	24	00649e7c	e0435a9000	7	00649e7c	INCONSISTENT
908e7b78	20	00630700	787b8e9000	2	00630700	INCONSISTENT
908e948b	28	006720cc	8b948e9000	2	006720cc
90bc3213	None	008c9450	1332bc9000	4	008c9450
90eee0b7	20	00628258	b7e0ee9000	2	00628258	INCONSISTENT
91177e8f	None	0086f246	8f7e179100	1	0086f246
9135e0c0	20	00627880	c0e0359100	2	00627880	INCONSISTENT
917a80ae	24	0066d498	ae807a9100	8	0066d498	INCONSISTENT
917db327	None	00879470	27b37d9100	1	00879470
91baf7ed	20	006256c0	edf7ba9100	2	006256c0	INCONSISTENT
91c8c938	None	0024c6b4	38c9c89100	2	0024c6b4
91df7be4	20	00674c20	e47bdf9100	13	00674c20	INCONSISTENT
91e510ec	20	0062f080	ec10e59100	2	0062f080	INCONSISTENT
91ed4e61	20	0062d190	614eed9100	2	0062d190	INCONSISTENT
91fb7228	20	00630fe8	2872fb9100	2	00630fe8	INCONSISTENT
920e2193	20	00623cf8	93210e9200	2	00623cf8	INCONSISTENT
9234bdc3	24	00644eba	c3bd349200	14	00644eba	INCONSISTENT
92e38430	20	0062d208	3084e39200	2	0062d208	INCONSISTENT
93f8aec6	None	001940f0	c6aef89300	2	001940f0
943f6270	20	0062ef18	70623f9400	2	0062ef18	INCONSISTENT
94410d97	None	002d09d4	970d419400	4	002d09d4
94bf2e35	20	006284b0	352ebf9400	2	006284b0	INCONSISTENT
94ceb436	None	0023d408	36b4ce9400	2	0023d408
94f8624a	None	002d0f60	4a62f89400	4	002d0f60
959862ff	None	00211466	ff62989500	1	00211466
95c1976c	20	00627b50	6c97c19500	2	00627b50	INCONSISTENT
95fc7b6b	20	00671550	6b7bfc9500	2	00671550
9680b71f	20	00627e20	1fb7809600	2	00627e20	INCONSISTENT
96bb3efe	None	002d054c	fe3ebb9600	4	002d054c
97221c2b	20	00624388	2b1c229700	2	00624388	INCONSISTENT
973a6213	None	001a0ea8	13623a9700	2	001a0ea8
973fbf22	None	008d8d18	22bf3f9700	9	008d8d18
97515981	20	00628ac8	8159519700	2	00628ac8	INCONSISTENT
97a9f97c	None	001a10e8	7cf9a99700	2	001a10e8
97d336a6	None	0024c6b4	a636d39700	2	0024c6b4
97ea0529	20	0062f788	2905ea9700	2	0062f788	INCONSISTENT
985b08cd	None	002d0a50	cd085b9800	8	002d0a50
98662143	0	001ca8bc	4321669800	6	001ca8bc	INCONSISTENT
989df369	20	00625198	69f39d9800	2	00625198	INCONSISTENT
990d69ef	20	006751a4	ef690d9900	2	006751a4
995152d2	1	0023800a	d252519900	3	0023800a	INCONSISTENT
99a71ed4	20	00629d88	d41ea79900	2	00629d88	INCONSISTENT
9a3a1ecb	20	0062c4e8	cb1e3a9a00	2	0062c4e8	INCONSISTENT
9a3db812	None	002d12d8	12b83d9a00	8	002d12d8
9a74d5a4	None	00303d50	a4d5749a00	9	00303d50
9a7a81e0	20	00629e00	e0817a9a00	2	00629e00	INCONSISTENT
9ac0ac94	None	0022ac10	94acc09a00	4	0022ac10
9b2bfae7	20	00629518	e7fa2b9b00	2	00629518	INCONSISTENT
9b3182ed	20	0062d280	ed82319b00	2	0062d280	INCONSISTENT
9b9fd79f	None	002d9bbc	9fd79f9b00	3	002d9bbc
9b9fd7a0	None	002f5fca	a0d79f9b00	3	002f5fca
9ba0312f	None	002d1de8	2f31a09b00	2	002d1de8
9bad85d6	None	002d0d04	d685ad9b00	2	002d0d04
9d642e13	20	0062ca10	132e649d00	2	0062ca10	INCONSISTENT
9d9e90fe	20	0062a760	fe909e9d00	2	0062a760	INCONSISTENT
9e2ca35d	20	0062eae0	5da32c9e00	2	0062eae0	INCONSISTENT
9e8a1f7d	None	001a0d6c	7d1f8a9e00	4	001a0d6c
9eecc42f	None	0022a0b0	2fc4ec9e00	2	0022a0b0
9f1cbee7	None	0019fb66	e7be1c9f00	1	0019fb66
9fc2a893	20	00626f98	93a8c29f00	2	00626f98	INCONSISTENT
9fd4c7ad	None	0024c6b4	adc7d49f00	2	0024c6b4
a019d7b7	None	008d89d4	b7d719a000	16	008d89d4
a01b8994	24	0065b520	94891ba000	4	0065b520	INCONSISTENT
a056f604	1	00303ec8	04f656a000	30	00303ec8	INCONSISTENT
a074ab10	20	0062e450	10ab74a000	2	0062e450	INCONSISTENT
a097f174	20	00630e80	74f197a000	2	00630e80	INCONSISTENT
a0b9062d	20	0062a670	2d06b9a000	2	0062a670	INCONSISTENT
a0bf2539	28	00670ddc	3925bfa000	2	00670ddc
a0d81452	20	00673a48	5214d8a000	2	00673a48
a126a402	20	00640904	02a426a100	10	00640904	INCONSISTENT
a1977083	20	006239b0	837097a100	2	006239b0	INCONSISTENT
a1aab804	20	00626cc8	04b8aaa100	2	00626cc8	INCONSISTENT
a1b8d0c3	None	0023851c	c3d0b8a100	2	0023851c
a1ff9dae	20	00677064	ae9dffa100	4	00677064	INCONSISTENT
a2bc16e5	20	0062a508	e516bca200	2	0062a508	INCONSISTENT
a3f0655f	1	00256dc4	5f65f0a300	1	00256dc4
a4ab647a	None	002d1de8	7a64aba400	22	002d1de8
a52216b1	None	008ce14c	b11622a500	12	008ce14c
a5680221	28	00676904	210268a500	4	00676904	INCONSISTENT
a57a2a27	None	0024c6b4	272a7aa500	2	0024c6b4
a5eaa488	0	00232212	88a4eaa500	4	00232212	INCONSISTENT
a6461ffe	None	008c9450	fe1f46a600	6	008c9450
a6857e54	24	00648ea0	547e85a600	21	00648ea0	INCONSISTENT
a6be906f	30	00234386	6f90bea600	1	00234386
a6d4e327	None	002d1d50	27e3d4a600	12	002d1d50
a6f2884c	20	00626458	4c88f2a600	2	00626458	INCONSISTENT
a70c99ed	20	0062dcd0	ed990ca700	2	0062dcd0	INCONSISTENT
a7394cc3	20	00641c2c	c34c39a700	676	00641c2c	INCONSISTENT
a75b1235	20	0062ce48	35125ba700	2	0062ce48	INCONSISTENT
a761a93e	20	006774dc	3ea961a700	9	006774dc	INCONSISTENT
a7eae9a2	20	0062b930	a2e9eaa700	2	0062b930	INCONSISTENT
a8085d0b	None	002d1d50	0b5d08a800	16	002d1d50
a89e63c8	20	0062a9b8	c8639ea800	2	0062a9b8	INCONSISTENT
a8da62f6	None	0024c6b4	f662daa800	2	0024c6b4
a91ce474	None	002d1a80	74e41ca900	4	002d1a80
a956ab5b	20	0062a7d8	5bab56a900	2	0062a7d8	INCONSISTENT
a99a336b	20	0062fad0	6b339aa900	2	0062fad0	INCONSISTENT
a9f642ae	20	00625be8	ae42f6a900	2	00625be8	INCONSISTENT
aa0842cc	20	00625300	cc4208aa00	2	00625300	INCONSISTENT
aa0c0cc7	None	002d1d50	c70c0caa00	3	002d1d50
aa3ea7dc	20	00626f20	dca73eaa00	2	00626f20	INCONSISTENT
aa73b783	20	0062b318	83b773aa00	2	0062b318	INCONSISTENT
aad1b25d	20	0062d0a0	5db2d1aa00	2	0062d0a0	INCONSISTENT
aadca2c7	16	003017d0	c7a2dcaa00	1	003017d0
ab36ed2d	20	00628e10	2ded36ab00	2	00628e10	INCONSISTENT
ab776807	20	0062e888	076877ab00	2	0062e888	INCONSISTENT
ababab11	None	001cbc2c	11ababab00	1	001cbc2c
abbc53cc	None	001a0a5c	cc53bcab00	6	001a0a5c
abd57589	None	0022a4bc	8975d5ab00	6	0022a4bc
ac4e71ee	20	0062eea0	ee714eac00	2	0062eea0	INCONSISTENT
ac834ab7	20	0062de38	b74a83ac00	2	0062de38	INCONSISTENT
adaf5432	24	00648ea0	3254afad00	16	00648ea0	INCONSISTENT
adee46f7	None	001a21a4	f746eead00	2	001a21a4
adfe0f50	None	0022a528	500ffead00	6	0022a528
ae0ecce7	16	0028df9c	e7cc0eae00	6	0028df9c	INCONSISTENT
ae135fcf	20	006240b8	cf5f13ae00	2	006240b8	INCONSISTENT
aea80c7c	20	0062e630	7c0ca8ae00	2	0062e630	INCONSISTENT
aef1140e	20	0062bed0	0e14f1ae00	2	0062bed0	INCONSISTENT
af000047	None	004791a8	470000af00	1	004791a8
af645ab3	None	0022abac	b35a64af00	4	0022abac
afd79a43	None	00302a78	439ad7af00	3	00302a78
b1631f3b	20	00627358	3b1f63b100	2	00627358	INCONSISTENT
b187fc77	24	0066c010	77fc87b100	2	0066c010
b18fb2e5	20	00624d60	e5b28fb100	2	00624d60	INCONSISTENT
b1b1403a	20	0062a580	3a40b1b100	2	0062a580	INCONSISTENT
b1c0574d	None	0024c6b4	4d57c0b100	2	0024c6b4
b1c31470	None	001a11e4	7014c3b100	2	001a11e4
b1e02179	20	0062f878	7921e0b100	2	0062f878	INCONSISTENT
b1ec6857	None	002d0570	5768ecb100	2	002d0570
b2249239	20	00630d18	399224b200	2	00630d18	INCONSISTENT
b235b7d9	20	00630520	d9b735b200	2	00630520	INCONSISTENT
b27cac2d	24	0064939a	2dac7cb200	2	0064939a	INCONSISTENT
b284240f	20	00629b30	0f2484b200	2	00629b30	INCONSISTENT
b28b979d	None	002d1084	9d978bb200	6	002d1084
b28e78c3	1	001e0718	c3788eb200	67	001e0718	INCONSISTENT
b2c79251	None	002d1db8	5192c7b200	2	002d1db8
b308d044	20	006297e8	44d008b300	2	006297e8	INCONSISTENT
b30a47a4	None	002d1060	a4470ab300	2	002d1060
b311b2d9	None	0024c6b4	d9b211b300	2	0024c6b4
b3c12116	20	0062e6a8	1621c1b300	2	0062e6a8	INCONSISTENT
b407d487	24	0067b990	87d407b400	2	0067b990
b41c83f6	None	00323314	f6831cb400	1	00323314
b41f6ee6	20	0062fe90	e66e1fb400	2	0062fe90	INCONSISTENT
b42f9794	24	006720cc	94972fb400	1	006720cc
b4e915b6	20	0062e108	b615e9b400	2	0062e108	INCONSISTENT
b51a8e6a	20	00648ea0	6a8e1ab500	4	00648ea0	INCONSISTENT
b58bc450	20	0062ef90	50c48bb500	2	0062ef90	INCONSISTENT
b5938f55	None	002e487e	558f93b500	1	002e487e
b5d36bbd	None	001a1ffc	bd6bd3b500	4	001a1ffc
b5f2e2c6	20	00626818	c6e2f2b500	2	00626818	INCONSISTENT
b6369f81	20	00623fc8	819f36b600	2	00623fc8	INCONSISTENT
b63798e0	None	0024c6b4	e09837b600	2	0024c6b4
b65ffcf9	20	00628e88	f9fc5fb600	2	00628e88	INCONSISTENT
b6642bdd	20	006751a4	dd2b64b600	2	006751a4
b675b00b	20	00623ed8	0bb075b600	2	00623ed8	INCONSISTENT
b6a37ffc	20	00623e60	fc7fa3b600	2	00623e60	INCONSISTENT
b6a659a7	20	00629590	a759a6b600	2	00629590	INCONSISTENT
b6c82934	None	001a1058	3429c8b600	2	001a1058
b6f56e85	28	0067bcac	856ef5b600	2	0067bcac
b7657154	20	00626908	547165b700	2	00626908	INCONSISTENT
b77253d0	None	002d0660	d05372b700	8	002d0660
b77996cf	None	0024c6b4	cf9679b700	2	0024c6b4
b802cd80	30	00234386	80cd02b800	1	00234386
b815f51f	28	00640a00	1ff515b800	2	00640a00
b81b3bec	None	002f89ac	ec3b1bb800	4	002f89ac
b9089024	20	00624ce8	249008b900	2	00624ce8	INCONSISTENT
b93b403b	None	008cc518	3b403bb900	6	008cc518
b93ec970	None	0024f6e4	70c93eb900	1	0024f6e4
b955dfc2	None	008d0c68	c2df55b900	1	008d0c68
b9da9c14	20	00629428	149cdab900	2	00629428	INCONSISTENT
b9efcd18	20	006300e8	18cdefb900	2	006300e8	INCONSISTENT
ba45b714	None	002d1294	14b745ba00	6	002d1294
ba782771	None	0019322c	712778ba00	2	0019322c
ba8f33ae	24	0066ff60	ae338fba00	2	0066ff60
babeacc2	None	00235d30	c2acbeba00	1	00235d30
bb338446	24	006774dc	468433bb00	9	006774dc	INCONSISTENT
bb703673	20	00629fe0	733670bb00	2	00629fe0	INCONSISTENT
bb974002	20	0062d820	024097bb00	2	0062d820	INCONSISTENT
bbcbd429	20	0062a328	29d4cbbb00	2	0062a328	INCONSISTENT
bbf3c376	None	003011c0	76c3f3bb00	1	003011c0
bc46f9ec	20	00628780	ecf946bc00	2	00628780	INCONSISTENT
bd8dca49	20	006258a0	49ca8dbd00	2	006258a0	INCONSISTENT
bda2af14	24	0064939a	14afa2bd00	6	0064939a	INCONSISTENT
bdb968ed	None	0022a91c	ed68b9bd00	2	0022a91c
be3f6177	24	0064939a	77613fbe00	5	0064939a	INCONSISTENT
be5b0b9a	None	0086f246	9a0b5bbe00	1	0086f246
be90c6d7	20	00627da8	d7c690be00	2	00627da8	INCONSISTENT
becc8f46	20	0062d640	468fccbe00	2	0062d640	INCONSISTENT
bf14cfc2	20	0062d4d8	c2cf14bf00	2	0062d4d8	INCONSISTENT
bf331baa	None	008ce14c	aa1b33bf00	15	008ce14c
bf699cb7	None	008d350c	b79c69bf00	10	008d350c
bfa48fc9	None	002d13b4	c98fa4bf00	4	002d13b4
bfad4621	24	0064fe96	2146adbf00	6	0064fe96	INCONSISTENT
bfbd75b0	None	0024c6b4	b075bdbf00	2	0024c6b4
c0400000	None	00845a5c	000040c000	1	00845a5c
c053cc9b	None	001a10c4	9bcc53c000	2	001a10c4
c0949116	20	0062c998	169194c000	2	0062c998	INCONSISTENT
c0a0fc3e	24	00673a48	3efca0c000	2	00673a48
c0a30b09	None	001a0ea8	090ba3c000	2	001a0ea8
c0e59e6a	None	001a1ffc	6a9ee5c000	4	001a1ffc
c11981be	20	0062dbe0	be8119c100	2	0062dbe0	INCONSISTENT
c13df5cd	None	001940f0	cdf53dc100	2	001940f0
c15f26f4	20	0062a3a0	f4265fc100	2	0062a3a0	INCONSISTENT
c1600000	None	00780198	000060c100	1	00780198
c163a08f	20	00628a50	8fa063c100	2	00628a50	INCONSISTENT
c1700000	None	00872df4	000070c100	1	00872df4
c1767c27	20	00630688	277c76c100	2	00630688	INCONSISTENT
c1880000	None	00845a5c	000088c100	1	00845a5c
c1c00000	None	00880f2c	0000c0c100	1	00880f2c
c1e75fa3	20	0062e798	a35fe7c100	2	0062e798	INCONSISTENT
c1e79499	20	00672fd8	9994e7c100	2	00672fd8
c1f00000	None	00843f3c	0000f0c100	1	00843f3c
c1f80000	None	00880f2c	0000f8c100	1	00880f2c
c25939da	None	008ce14c	da3959c200	13	008ce14c
c25c8080	None	002d0f84	80805cc200	6	002d0f84
c279d88b	20	006263e0	8bd879c200	2	006263e0	INCONSISTENT
c2dcc88f	20	0062f710	8fc8dcc200	2	0062f710	INCONSISTENT
c2f454b2	20	006248b0	b254f4c200	2	006248b0	INCONSISTENT
c312abaa	24	0067783c	aaab12c300	6	0067783c	INCONSISTENT
c32999df	None	001a1298	df9929c300	2	001a1298
c386ff96	20	00628f78	96ff86c300	2	00628f78	INCONSISTENT
c3a00000	None	008821ec	0000a0c300	2	008821ec
c3a6f4ce	None	005ee8ec	cef4a6c300	1	005ee8ec
c3d6a065	20	0062bcf0	65a0d6c300	2	0062bcf0	INCONSISTENT
c3d7da01	20	00626098	01dad7c300	2	00626098	INCONSISTENT
c408ba04	20	006283c0	04ba08c400	2	006283c0	INCONSISTENT
c47a0000	None	008a2fec	00007ac400	1	008a2fec
c47bcfdb	20	0062aaa8	dbcf7bc400	2	0062aaa8	INCONSISTENT
c4919b35	20	0062af58	359b91c400	2	0062af58	INCONSISTENT
c4b846f7	None	001a21a4	f746b8c400	2	001a21a4
c4f8ea51	None	0024c6b4	51eaf8c400	2	0024c6b4
c5176d25	20	00629158	256d17c500	2	00629158	INCONSISTENT
c54d965e	20	0062a238	5e964dc500	2	0062a238	INCONSISTENT
c57d9fc8	20	0062fa58	c89f7dc500	2	0062fa58	INCONSISTENT
c6085f2f	None	002d04f6	2f5f08c600	12	002d04f6
c60b6080	20	006272e0	80600bc600	2	006272e0	INCONSISTENT
c630d582	24	0066a1f0	82d530c600	10	0066a1f0
c63120b6	24	0066b564	b62031c600	4	0066b564	INCONSISTENT
c68661e9	20	00630868	e96186c600	2	00630868	INCONSISTENT
c6b95cce	24	00679fd8	ce5cb9c600	6	00679fd8	INCONSISTENT
c6eeacec	None	0024c6b4	ecaceec600	2	0024c6b4
c73b3394	20	006269f8	94333bc700	2	006269f8	INCONSISTENT
c796b8a0	20	00673a48	a0b896c700	2	00673a48
c7f650b8	1	00232212	b850f6c700	3	00232212	INCONSISTENT
c825fa6b	20	0062c290	6bfa25c800	2	0062c290	INCONSISTENT
c83001e1	24	00674684	e10130c800	2	00674684
c88302b1	20	00624b08	b10283c800	2	00624b08	INCONSISTENT
c8dfad07	20	00625288	07addfc800	2	00625288	INCONSISTENT
c946f78e	None	005f4cc4	8ef746c900	1	005f4cc4
c96d8ddc	None	002d0d4c	dc8d6dc900	8	002d0d4c
c9758b3f	20	00627808	3f8b75c900	2	00627808	INCONSISTENT
c9b6e62c	20	006310d8	2ce6b6c900	2	006310d8	INCONSISTENT
ca5c4e9c	None	008cdcf8	9c4e5cca00	3	008cdcf8
ca94be67	None	0024c6b4	67be94ca00	2	0024c6b4
cabf691b	20	0062c7b8	1b69bfca00	2	0062c7b8	INCONSISTENT
cb34001c	24	0066c80c	1c0034cb00	2	0066c80c
cb5ae309	None	002d122c	09e35acb00	18	002d122c
cc028f20	20	0062d988	208f02cc00	2	0062d988	INCONSISTENT
cc20f5f7	None	001ff41c	f7f520cc00	1	001ff41c
cc3ef5f7	None	001ff1a4	f7f53ecc00	1	001ff1a4
cc48462e	None	008d88dc	2e4648cc00	2	008d88dc
ccff4dcf	20	00625e40	cf4dffcc00	2	00625e40	INCONSISTENT
cd53a632	2	00299f74	32a653cd00	1	00299f74
cd63e6a5	None	002f767c	a5e663cd00	1	002f767c
cd90fb6b	20	00627088	6bfb90cd00	2	00627088	INCONSISTENT
ce1ddaaf	None	008ce14c	afda1dce00	14	008ce14c
ce4cf360	24	00672fd8	60f34cce00	2	00672fd8
ce58c957	20	0062cc68	57c958ce00	2	0062cc68	INCONSISTENT
ce702c19	20	006281e0	192c70ce00	2	006281e0	INCONSISTENT
cef458c8	None	0022a3ec	c858f4ce00	6	0022a3ec
cefe238f	20	0062e2e8	8f23fece00	2	0062e2e8	INCONSISTENT
cf225ce3	None	00211ddc	e35c22cf00	4	00211ddc
cf588f03	None	002d06ec	038f58cf00	2	002d06ec
cfac3ee2	20	00624310	e23eaccf00	2	00624310	INCONSISTENT
cfe9dd6f	20	0062ac88	6fdde9cf00	2	0062ac88	INCONSISTENT
d005ebd7	None	008c92f0	d7eb05d000	2	008c92f0
d01a1f09	None	008c9450	091f1ad000	4	008c9450
d01fceff	None	001f57bc	ffce1fd000	2	001f57bc
d04cf78a	20	0062daf0	8af74cd000	2	0062daf0	INCONSISTENT
d05e52d8	20	00623aa0	d8525ed000	2	00623aa0	INCONSISTENT
d0626b90	20	00625120	906b62d000	2	00625120	INCONSISTENT
d0f85c36	20	00628d98	365cf8d000	2	00628d98	INCONSISTENT
d0f89263	20	0062e1f8	6392f8d000	2	0062e1f8	INCONSISTENT
d1094299	None	00243b9e	994209d100	1	00243b9e
d10a3927	None	0024db28	27390ad100	1	0024db28
d10b3927	None	0024db28	27390bd100	1	0024db28
d10c3927	None	0024db28	27390cd100	1	0024db28
d120741f	24	0066ca4c	1f7420d100	2	0066ca4c
d1537da0	None	0067ac1c	a07d53d100	1	0067ac1c
d1979de8	24	00679fd8	e89d97d100	6	00679fd8	INCONSISTENT
d2c96163	20	0062bd68	6361c9d200	2	0062bd68	INCONSISTENT
d3236f92	20	00623754	926f23d300	2	00623754	INCONSISTENT
d3895fe8	24	00645f4a	e85f89d300	5	00645f4a	INCONSISTENT
d3fe079e	None	0024c6b4	9e07fed300	2	0024c6b4
d40600f1	None	00892b3c	f10006d400	1	00892b3c
d417daff	20	00624dd8	ffda17d400	2	00624dd8	INCONSISTENT
d41cd56e	20	00674c20	6ed51cd400	3	00674c20	INCONSISTENT
d41dec93	20	0062ac10	93ec1dd400	2	0062ac10	INCONSISTENT
d42504fb	24	006720cc	fb0425d400	2	006720cc
d4847ebb	0	001dab24	bb7e84d400	10	001dab24	INCONSISTENT
d499e9c1	20	0062fda0	c1e999d400	2	0062fda0	INCONSISTENT
d49cd5cd	20	0062b2a0	cdd59cd400	2	0062b2a0	INCONSISTENT
d5c318e3	24	0066c010	e318c3d500	2	0066c010
d5df3cba	20	0062f260	ba3cdfd500	2	0062f260	INCONSISTENT
d5e9f09f	24	006720cc	9ff0e9d500	4	006720cc	INCONSISTENT
d618f7ed	20	006255d0	edf718d600	2	006255d0	INCONSISTENT
d6689f67	None	002d0e00	679f68d600	2	002d0e00
d6b9292e	20	0062d898	2e29b9d600	2	0062d898	INCONSISTENT
d6cdc088	0	00215f78	88c0cdd600	1	00215f78
d728c459	28	0065b520	59c428d700	6	0065b520	INCONSISTENT
d75b1db2	20	00630c28	b21d5bd700	2	00630c28	INCONSISTENT
d760eb54	20	00671550	54eb60d700	2	00671550
d7a24fa9	20	0062c8a8	a94fa2d700	2	0062c8a8	INCONSISTENT
d7aa9174	20	0062e900	7491aad700	2	0062e900	INCONSISTENT
d81a3cd2	20	00630430	d23c1ad800	2	00630430	INCONSISTENT
d8608111	None	0024c6b4	118160d800	2	0024c6b4
d8d611b3	20	0062edb0	b311d6d800	2	0062edb0	INCONSISTENT
d8feb618	20	00630a48	18b6fed800	2	00630a48	INCONSISTENT
d90a4744	None	0024ed30	44470ad900	1	0024ed30
d9467cb0	20	0062e360	b07c46d900	2	0062e360	INCONSISTENT
d94797fc	None	001940f0	fc9747d900	2	001940f0
d97d550b	20	00626200	0b557dd900	2	00626200	INCONSISTENT
d98dbd48	20	0062c218	48bd8dd900	2	0062c218	INCONSISTENT
d9be7525	None	008c9450	2575bed900	8	008c9450
d9ca3049	20	006246d0	4930cad900	2	006246d0	INCONSISTENT
d9e67d17	None	0063fe98	177de6d900	2	0063fe98
da40385d	24	00672fd8	5d3840da00	2	00672fd8
dabd8bcb	None	00303674	cb8bbdda00	31	00303674
db4d5096	None	002d18e8	96504ddb00	2	002d18e8
db5dadfe	20	0062c1a0	fead5ddb00	2	0062c1a0	INCONSISTENT
db61da87	20	0062c560	87da61db00	2	0062c560	INCONSISTENT
db9d8836	None	001d5098	36889ddb00	4	001d5098
dc122c5e	None	0024c6b4	5e2c12dc00	2	0024c6b4
dc2c3b90	20	00625a80	903b2cdc00	2	00625a80	INCONSISTENT
dc8ea858	None	002f4710	58a88edc00	4	002f4710
dcaeb587	None	008cfb6c	87b5aedc00	13	008cfb6c
dcfd46fc	20	00630778	fc46fddc00	2	00630778	INCONSISTENT
dd2a66d1	20	00640904	d1662add00	10	00640904	INCONSISTENT
dd4da0df	None	008cfb6c	dfa04ddd00	3	008cfb6c
dd7ea4f4	24	00648ea0	f4a47edd00	4	00648ea0	INCONSISTENT
ddf7da52	None	002d1208	52daf7dd00	6	002d1208
de34c1cb	None	0024c6b4	cbc134de00	2	0024c6b4
de4d376d	None	002d0cd8	6d374dde00	10	002d0cd8
de7f284f	28	00670c84	4f287fde00	2	00670c84
de800a4a	20	00629248	4a0a80de00	2	00629248	INCONSISTENT
deb3a73b	20	0062b480	3ba7b3de00	2	0062b480	INCONSISTENT
ded418f1	None	0022a8b0	f118d4de00	4	0022a8b0
df51ff13	20	0062e180	13ff51df00	2	0062e180	INCONSISTENT
df660dc2	20	006294a0	c20d66df00	2	006294a0	INCONSISTENT
dfdc8ddd	30	002f66c6	dd8ddcdf00	1	002f66c6
dfe27ff2	None	002d0774	f27fe2df00	6	002d0774
dfe3cb03	20	0062d118	03cbe3df00	2	0062d118	INCONSISTENT
e07af764	20	0062a8c8	64f77ae000	1	0062a8c8
e0d67adb	24	00669520	db7ad6e000	3	00669520	INCONSISTENT
e0e8bf4c	None	001c9744	4cbfe8e000	2	001c9744
e132eb43	20	00628708	43eb32e100	2	00628708	INCONSISTENT
e137fd97	20	006237cc	97fd37e100	2	006237cc	INCONSISTENT
e15850e9	None	002d0ac0	e95058e100	2	002d0ac0
e15db74d	20	0062b0c0	4db75de100	2	0062b0c0	INCONSISTENT
e166c8fd	20	00648ea0	fdc866e100	6	00648ea0	INCONSISTENT
e1d297ad	None	002d117c	ad97d2e100	16	002d117c
e1eb6018	20	0062afd0	1860ebe100	2	0062afd0	INCONSISTENT
e2c5dd11	24	00674c20	11ddc5e200	3	00674c20	INCONSISTENT
e2edc98b	20	0062f008	8bc9ede200	2	0062f008	INCONSISTENT
e39df3e4	20	00630e08	e4f39de300	2	00630e08	INCONSISTENT
e3b9add4	24	00648ea0	d4adb9e300	10	00648ea0	INCONSISTENT
e3c6f4bc	None	0076bb7e	bcf4c6e300	6	0076bb7e
e3c7b1b9	20	0062cce0	b9b1c7e300	2	0062cce0	INCONSISTENT
e3cefe42	24	00679fd8	42fecee300	6	00679fd8	INCONSISTENT
e3e9af5e	20	00630340	5eafe9e300	2	00630340	INCONSISTENT
e3ee93b9	20	0062c308	b993eee300	2	0062c308	INCONSISTENT
e42b771c	24	00640904	1c772be400	10	00640904	INCONSISTENT
e44ba37a	None	001a0ff0	7aa34be400	4	001a0ff0
e457b002	20	0062b1b0	02b057e400	2	0062b1b0	INCONSISTENT
e45bcd59	20	00631060	59cd5be400	2	00631060	INCONSISTENT
e48af435	None	002e078c	35f48ae400	1	002e078c
e559cef2	20	0062f9e0	f2ce59e500	2	0062f9e0	INCONSISTENT
e59ef493	None	002d0d94	93f49ee500	4	002d0d94
e5b508a8	20	0062b048	a808b5e500	2	0062b048	INCONSISTENT
e5be58c8	None	0022a384	c858bee500	6	0022a384
e5e4cf36	None	001a253c	36cfe4e500	6	001a253c
e6162e70	20	0062c3f8	702e16e600	2	0062c3f8	INCONSISTENT
e65dd65e	None	0022ab84	5ed65de600	4	0022ab84
e69ef748	None	001d255c	48f79ee600	3	001d255c
e6c56750	20	006302c8	5067c5e600	2	006302c8	INCONSISTENT
e6d99326	20	0062db68	2693d9e600	2	0062db68	INCONSISTENT
e72dfa46	20	00627790	46fa2de700	2	00627790	INCONSISTENT
e740fe2e	None	002d09b0	2efe40e700	2	002d09b0
e766cee5	28	006720cc	e5ce66e700	1	006720cc
e79541f5	20	006235ec	f54195e700	2	006235ec	INCONSISTENT
e7b06af7	20	006751a4	f76ab0e700	4	006751a4	INCONSISTENT
e7d1ae80	None	008cd22c	80aed1e700	5	008cd22c
e7ef877f	28	00640904	7f87efe700	2	00640904
e81568f0	20	0062d5c8	f06815e800	2	0062d5c8	INCONSISTENT
e8234e45	24	00675da0	454e23e800	2	00675da0
e83cfec3	20	00625d50	c3fe3ce800	2	00625d50	INCONSISTENT
e864180e	20	00628f00	0e1864e800	2	00628f00	INCONSISTENT
e8685722	20	0062f530	225768e800	2	0062f530	INCONSISTENT
e8b0973b	None	008794f8	3b97b0e800	1	008794f8
e8b43a36	24	00640904	363ab4e800	6	00640904	INCONSISTENT
e8d7ff7d	24	00672fd8	7dffd7e800	2	00672fd8
e931f496	None	001a2164	96f431e900	4	001a2164
e96ddb73	20	0062adf0	73db6de900	2	0062adf0	INCONSISTENT
e98e8482	28	00640a00	82848ee900	2	00640a00
e9d04ce2	None	002d0a00	e24cd0e900	8	002d0a00
e9db5109	20	00624a90	0951dbe900	2	00624a90	INCONSISTENT
ea1d314a	24	00643ef2	4a311dea00	52	00643ef2	INCONSISTENT
ea7bbb82	24	00672fd8	82bb7bea00	2	00672fd8
ea8c82a5	20	0062b570	a5828cea00	2	0062b570	INCONSISTENT
eac97d23	20	0062ab98	237dc9ea00	2	0062ab98	INCONSISTENT
eb347cea	None	001a1ef8	ea7c34eb00	4	001a1ef8
ebb0ec06	20	00624c70	06ecb0eb00	2	00624c70	INCONSISTENT
ec86e9d7	28	00670ddc	d7e986ec00	2	00670ddc
ec9f2d89	20	0062a940	892d9fec00	2	0062a940	INCONSISTENT
ed25da7b	20	00625468	7bda25ed00	2	00625468	INCONSISTENT
ed30adfe	20	0062f620	fead30ed00	2	0062f620	INCONSISTENT
ed53c4ea	20	0062bb88	eac453ed00	2	0062bb88	INCONSISTENT
ed66c823	24	00672fd8	23c866ed00	2	00672fd8
edaae752	20	0062f1e8	52e7aaed00	2	0062f1e8	INCONSISTENT
edc822c3	20	00630070	c322c8ed00	2	00630070	INCONSISTENT
eded9606	None	002d0854	0696eded00	30	002d0854
ee57d84e	20	00626638	4ed857ee00	2	00626638	INCONSISTENT
eea018c8	20	0062a418	c818a0ee00	2	0062a418	INCONSISTENT
ef367b89	24	00677064	897b36ef00	4	00677064	INCONSISTENT
ef64d429	1	00236bea	29d464ef00	1	00236bea
ef9c09eb	24	00643ef2	eb099cef00	20	00643ef2	INCONSISTENT
efb0cf6d	20	0062c830	6dcfb0ef00	2	0062c830	INCONSISTENT
f0d33d3e	None	002d24be	3e3dd3f000	1	002d24be
f11b4f8f	20	0062a8c8	8f4f1bf100	2	0062a8c8	INCONSISTENT
f1513a2b	None	001940f0	2b3a51f100	4	001940f0
f1938977	20	0062f440	778993f100	2	0062f440	INCONSISTENT
f1dee18b	1	0023800a	8be1def100	3	0023800a	INCONSISTENT
f22d5edb	None	008793ec	db5e2df200	1	008793ec
f25cada3	20	0062ee28	a3ad5cf200	2	0062ee28	INCONSISTENT
f2685786	None	0086f3c8	865768f200	1	0086f3c8
f2746923	None	002f767c	236974f200	1	002f767c
f2bb65b2	None	001db5fc	b265bbf200	12	001db5fc
f317dd02	None	008ce14c	02dd17f300	4	008ce14c
f31ed378	20	006275b0	78d31ef300	2	006275b0	INCONSISTENT
f33ba99b	20	0062e3d8	9ba93bf300	2	0062e3d8	INCONSISTENT
f33d1c57	24	0064939a	571c3df300	2	0064939a	INCONSISTENT
f3800161	20	00626110	610180f300	2	00626110	INCONSISTENT
f39a6414	None	008c9450	14649af300	2	008c9450
f3a6733f	1	00233f38	3f73a6f300	1	00233f38
f3f34818	None	002fbd48	1848f3f300	6	002fbd48
f4953740	None	0023b7de	403795f400	1	0023b7de
f4984a87	None	002fb906	874a98f400	5	002fb906
f4fd4680	None	00893032	8046fdf400	1	00893032
f521b3e3	20	00627f10	e3b321f500	2	00627f10	INCONSISTENT
f57f88d3	20	00627970	d3887ff500	2	00627970	INCONSISTENT
f5af3d71	None	008cd22c	713daff500	7	008cd22c
f5db5343	20	00629608	4353dbf500	2	00629608	INCONSISTENT
f5dd0050	None	007a8cf4	5000ddf500	1	007a8cf4
f6ce8c11	20	006720cc	118ccef600	2	006720cc
f6ec6631	24	00674c20	3166ecf600	3	00674c20	INCONSISTENT
f7049ac7	20	00626728	c79a04f700	2	00626728	INCONSISTENT
f724dab6	20	00630bb0	b6da24f700	2	00630bb0	INCONSISTENT
f7911e86	None	0024c6b4	861e91f700	2	0024c6b4
f7ba2180	20	00627ad8	8021baf700	2	00627ad8	INCONSISTENT
f7d30d45	20	00629d10	450dd3f700	2	00629d10	INCONSISTENT
f7f8a14b	20	00629068	4ba1f8f700	2	00629068	INCONSISTENT
f8010110	20	006e6384	100101f800	1	006e6384
f81822bb	20	00624a18	bb2218f800	2	00624a18	INCONSISTENT
f84c57e5	1	002c6b88	e5574cf800	4	002c6b88	INCONSISTENT
f866b8e4	None	002337c8	e4b866f800	2	002337c8
f86ac021	20	0062f8f0	21c06af800	2	0062f8f0	INCONSISTENT
f8840028	None	008d450e	280084f800	1	008d450e
f897b0ca	20	0062b5e8	cab097f800	2	0062b5e8	INCONSISTENT
f8bac04d	24	00673d0c	4dc0baf800	12	00673d0c	INCONSISTENT
f8f2617b	None	001c9744	7b61f2f800	2	001c9744
f8f45aa6	None	0076ab60	a65af4f800	4	0076ab60
f9bdd427	24	00678800	27d4bdf900	6	00678800	INCONSISTENT
f9f6d09e	20	00628000	9ed0f6f900	2	00628000	INCONSISTENT
faf72ed1	20	0062cec0	d12ef7fa00	2	0062cec0	INCONSISTENT
faf80c3f	20	0062fe18	3f0cf8fa00	2	0062fe18	INCONSISTENT
fb002cb9	None	003283e8	b92c00fb00	1	003283e8
fb9bdd4a	None	001a1ed4	4add9bfb00	4	001a1ed4
fb9bdd4b	None	001a1eb0	4bdd9bfb00	4	001a1eb0
fbd5947c	None	001a110c	7c94d5fb00	2	001a110c
fbde1cc9	20	00624568	c91cdefb00	2	00624568	INCONSISTENT
fbdf2699	None	0025046c	9926dffb00	2	0025046c
fc459401	None	0019322c	019445fc00	3	0019322c
fcd27f34	None	00235d30	347fd2fc00	1	00235d30
fd0b3329	20	0062ba20	29330bfd00	2	0062ba20	INCONSISTENT
fd2641a3	20	00626e30	a34126fd00	2	00626e30	INCONSISTENT
fda4f7f0	None	001e17e8	f0f7a4fd00	1	001e17e8
fe0cb267	20	0062e4c8	67b20cfe00	2	0062e4c8	INCONSISTENT
fe4ef1f8	None	005fa77c	f8f14efe00	1	005fa77c
fe7226a8	20	0062ad78	a82672fe00	2	0062ad78	INCONSISTENT
ff48ba61	20	00624478	61ba48ff00	2	00624478	INCONSISTENT
ff74f7fe	None	0059dbd8	fef774ff00	1	0059dbd8
ff7a76f7	28	00648178	f7767aff00	2	00648178
ffffcdcd	None	005d3e98	cdcdffff00	1	005d3e98
fffffc18	None	007cc16a	18fcffff00	1	007cc16a
fffffec0	None	007aad88	c0feffff00	1	007aad88
